[2026-05-12T07:38:28.385+0000] {local_task_job_runner.py:120} INFO - ::group::Pre task execution logs
[2026-05-12T07:38:28.538+0000] {taskinstance.py:2076} INFO - Dependencies all met for dep_context=non-requeueable deps ti=<TaskInstance: abc_phones_etl_pipeline.ingest_data scheduled__2026-05-11T00:00:00+00:00 [queued]>
[2026-05-12T07:38:28.570+0000] {taskinstance.py:2076} INFO - Dependencies all met for dep_context=requeueable deps ti=<TaskInstance: abc_phones_etl_pipeline.ingest_data scheduled__2026-05-11T00:00:00+00:00 [queued]>
[2026-05-12T07:38:28.575+0000] {taskinstance.py:2306} INFO - Starting attempt 1 of 2
[2026-05-12T07:38:28.642+0000] {taskinstance.py:2330} INFO - Executing <Task(PythonOperator): ingest_data> on 2026-05-11 00:00:00+00:00
[2026-05-12T07:38:28.689+0000] {standard_task_runner.py:90} INFO - Running: ['airflow', 'tasks', 'run', 'abc_phones_etl_pipeline', 'ingest_data', 'scheduled__2026-05-11T00:00:00+00:00', '--job-id', '2', '--raw', '--subdir', 'DAGS_FOLDER/abc_phones_etl_dag.py', '--cfg-path', '/tmp/tmpdscyxcnq']
[2026-05-12T07:38:28.701+0000] {standard_task_runner.py:91} INFO - Job 2: Subtask ingest_data
[2026-05-12T07:38:28.707+0000] {logging_mixin.py:188} WARNING - /home/airflow/.local/lib/python3.12/site-packages/airflow/task/task_runner/standard_task_runner.py:62 DeprecationWarning: This process (pid=29) is multi-threaded, use of fork() may lead to deadlocks in the child.
[2026-05-12T07:38:28.714+0000] {standard_task_runner.py:64} INFO - Started process 34 to run task
[2026-05-12T07:38:28.870+0000] {task_command.py:426} INFO - Running <TaskInstance: abc_phones_etl_pipeline.ingest_data scheduled__2026-05-11T00:00:00+00:00 [running]> on host 94f4b153a261
[2026-05-12T07:38:29.156+0000] {taskinstance.py:2648} INFO - Exporting env vars: AIRFLOW_CTX_DAG_OWNER='data_engineer' AIRFLOW_CTX_DAG_ID='abc_phones_etl_pipeline' AIRFLOW_CTX_TASK_ID='ingest_data' AIRFLOW_CTX_EXECUTION_DATE='2026-05-11T00:00:00+00:00' AIRFLOW_CTX_TRY_NUMBER='1' AIRFLOW_CTX_DAG_RUN_ID='scheduled__2026-05-11T00:00:00+00:00'
[2026-05-12T07:38:29.158+0000] {taskinstance.py:430} INFO - ::endgroup::
[2026-05-12T07:38:29.275+0000] {taskinstance.py:441} INFO - ::group::Post task execution logs
[2026-05-12T07:38:29.282+0000] {taskinstance.py:2905} ERROR - Task failed with exception
Traceback (most recent call last):
  File "/home/airflow/.local/lib/python3.12/site-packages/airflow/models/taskinstance.py", line 465, in _execute_task
    result = _execute_callable(context=context, **execute_callable_kwargs)
             ^^^^^^^^^^^^^^^^^^^^^^^^^^^^^^^^^^^^^^^^^^^^^^^^^^^^^^^^^^^^^
  File "/home/airflow/.local/lib/python3.12/site-packages/airflow/models/taskinstance.py", line 432, in _execute_callable
    return execute_callable(context=context, **execute_callable_kwargs)
           ^^^^^^^^^^^^^^^^^^^^^^^^^^^^^^^^^^^^^^^^^^^^^^^^^^^^^^^^^^^^
  File "/home/airflow/.local/lib/python3.12/site-packages/airflow/models/baseoperator.py", line 401, in wrapper
    return func(self, *args, **kwargs)
           ^^^^^^^^^^^^^^^^^^^^^^^^^^^
  File "/home/airflow/.local/lib/python3.12/site-packages/airflow/operators/python.py", line 235, in execute
    return_value = self.execute_callable()
                   ^^^^^^^^^^^^^^^^^^^^^^^
  File "/home/airflow/.local/lib/python3.12/site-packages/airflow/operators/python.py", line 252, in execute_callable
    return self.python_callable(*self.op_args, **self.op_kwargs)
           ^^^^^^^^^^^^^^^^^^^^^^^^^^^^^^^^^^^^^^^^^^^^^^^^^^^^^
  File "/opt/airflow/scripts/ingest.py", line 11, in run_ingestion
    credit_dfs = [pd.read_csv(file) for file in credit_files]
                  ^^^^^^^^^^^^^^^^^
  File "/home/airflow/.local/lib/python3.12/site-packages/pandas/io/parsers/readers.py", line 948, in read_csv
    return _read(filepath_or_buffer, kwds)
           ^^^^^^^^^^^^^^^^^^^^^^^^^^^^^^^
  File "/home/airflow/.local/lib/python3.12/site-packages/pandas/io/parsers/readers.py", line 611, in _read
    parser = TextFileReader(filepath_or_buffer, **kwds)
             ^^^^^^^^^^^^^^^^^^^^^^^^^^^^^^^^^^^^^^^^^^
  File "/home/airflow/.local/lib/python3.12/site-packages/pandas/io/parsers/readers.py", line 1448, in __init__
    self._engine = self._make_engine(f, self.engine)
                   ^^^^^^^^^^^^^^^^^^^^^^^^^^^^^^^^^
  File "/home/airflow/.local/lib/python3.12/site-packages/pandas/io/parsers/readers.py", line 1705, in _make_engine
    self.handles = get_handle(
                   ^^^^^^^^^^^
  File "/home/airflow/.local/lib/python3.12/site-packages/pandas/io/common.py", line 863, in get_handle
    handle = open(
             ^^^^^
FileNotFoundError: [Errno 2] No such file or directory: '/data/bronze/Credit Data - 01-01-2025.csv'
[2026-05-12T07:38:29.325+0000] {taskinstance.py:1206} INFO - Marking task as UP_FOR_RETRY. dag_id=abc_phones_etl_pipeline, task_id=ingest_data, run_id=scheduled__2026-05-11T00:00:00+00:00, execution_date=20260511T000000, start_date=20260512T073828, end_date=20260512T073829
[2026-05-12T07:38:29.356+0000] {standard_task_runner.py:110} ERROR - Failed to execute job 2 for task ingest_data ([Errno 2] No such file or directory: '/data/bronze/Credit Data - 01-01-2025.csv'; 34)
[2026-05-12T07:38:29.378+0000] {local_task_job_runner.py:243} INFO - Task exited with return code 1
[2026-05-12T07:38:29.419+0000] {taskinstance.py:3503} INFO - 0 downstream tasks scheduled from follow-on schedule check
[2026-05-12T07:38:29.424+0000] {local_task_job_runner.py:222} INFO - ::endgroup::
[2026-05-12T07:53:58.454+0000] {local_task_job_runner.py:120} INFO - ::group::Pre task execution logs
[2026-05-12T07:53:58.519+0000] {taskinstance.py:2076} INFO - Dependencies all met for dep_context=non-requeueable deps ti=<TaskInstance: abc_phones_etl_pipeline.ingest_data scheduled__2026-05-11T00:00:00+00:00 [queued]>
[2026-05-12T07:53:58.531+0000] {taskinstance.py:2076} INFO - Dependencies all met for dep_context=requeueable deps ti=<TaskInstance: abc_phones_etl_pipeline.ingest_data scheduled__2026-05-11T00:00:00+00:00 [queued]>
[2026-05-12T07:53:58.533+0000] {taskinstance.py:2306} INFO - Starting attempt 1 of 2
[2026-05-12T07:53:58.582+0000] {taskinstance.py:2330} INFO - Executing <Task(PythonOperator): ingest_data> on 2026-05-11 00:00:00+00:00
[2026-05-12T07:53:58.619+0000] {standard_task_runner.py:90} INFO - Running: ['airflow', 'tasks', 'run', 'abc_phones_etl_pipeline', 'ingest_data', 'scheduled__2026-05-11T00:00:00+00:00', '--job-id', '4', '--raw', '--subdir', 'DAGS_FOLDER/abc_phones_etl_dag.py', '--cfg-path', '/tmp/tmpvznpkrn1']
[2026-05-12T07:53:58.625+0000] {logging_mixin.py:188} WARNING - /home/airflow/.local/lib/python3.12/site-packages/airflow/task/task_runner/standard_task_runner.py:62 DeprecationWarning: This process (pid=99) is multi-threaded, use of fork() may lead to deadlocks in the child.
[2026-05-12T07:53:58.626+0000] {standard_task_runner.py:91} INFO - Job 4: Subtask ingest_data
[2026-05-12T07:53:58.627+0000] {standard_task_runner.py:64} INFO - Started process 104 to run task
[2026-05-12T07:53:58.744+0000] {task_command.py:426} INFO - Running <TaskInstance: abc_phones_etl_pipeline.ingest_data scheduled__2026-05-11T00:00:00+00:00 [running]> on host 94f4b153a261
[2026-05-12T07:53:58.971+0000] {taskinstance.py:2648} INFO - Exporting env vars: AIRFLOW_CTX_DAG_OWNER='data_engineer' AIRFLOW_CTX_DAG_ID='abc_phones_etl_pipeline' AIRFLOW_CTX_TASK_ID='ingest_data' AIRFLOW_CTX_EXECUTION_DATE='2026-05-11T00:00:00+00:00' AIRFLOW_CTX_TRY_NUMBER='1' AIRFLOW_CTX_DAG_RUN_ID='scheduled__2026-05-11T00:00:00+00:00'
[2026-05-12T07:53:58.973+0000] {taskinstance.py:430} INFO - ::endgroup::
[2026-05-12T07:53:59.003+0000] {taskinstance.py:441} INFO - ::group::Post task execution logs
[2026-05-12T07:53:59.004+0000] {taskinstance.py:2905} ERROR - Task failed with exception
Traceback (most recent call last):
  File "/home/airflow/.local/lib/python3.12/site-packages/airflow/models/taskinstance.py", line 465, in _execute_task
    result = _execute_callable(context=context, **execute_callable_kwargs)
             ^^^^^^^^^^^^^^^^^^^^^^^^^^^^^^^^^^^^^^^^^^^^^^^^^^^^^^^^^^^^^
  File "/home/airflow/.local/lib/python3.12/site-packages/airflow/models/taskinstance.py", line 432, in _execute_callable
    return execute_callable(context=context, **execute_callable_kwargs)
           ^^^^^^^^^^^^^^^^^^^^^^^^^^^^^^^^^^^^^^^^^^^^^^^^^^^^^^^^^^^^
  File "/home/airflow/.local/lib/python3.12/site-packages/airflow/models/baseoperator.py", line 401, in wrapper
    return func(self, *args, **kwargs)
           ^^^^^^^^^^^^^^^^^^^^^^^^^^^
  File "/home/airflow/.local/lib/python3.12/site-packages/airflow/operators/python.py", line 235, in execute
    return_value = self.execute_callable()
                   ^^^^^^^^^^^^^^^^^^^^^^^
  File "/home/airflow/.local/lib/python3.12/site-packages/airflow/operators/python.py", line 252, in execute_callable
    return self.python_callable(*self.op_args, **self.op_kwargs)
           ^^^^^^^^^^^^^^^^^^^^^^^^^^^^^^^^^^^^^^^^^^^^^^^^^^^^^
  File "/opt/airflow/scripts/ingest.py", line 11, in run_ingestion
    credit_dfs = [pd.read_csv(file) for file in credit_files]
                  ^^^^^^^^^^^^^^^^^
  File "/home/airflow/.local/lib/python3.12/site-packages/pandas/io/parsers/readers.py", line 948, in read_csv
    return _read(filepath_or_buffer, kwds)
           ^^^^^^^^^^^^^^^^^^^^^^^^^^^^^^^
  File "/home/airflow/.local/lib/python3.12/site-packages/pandas/io/parsers/readers.py", line 611, in _read
    parser = TextFileReader(filepath_or_buffer, **kwds)
             ^^^^^^^^^^^^^^^^^^^^^^^^^^^^^^^^^^^^^^^^^^
  File "/home/airflow/.local/lib/python3.12/site-packages/pandas/io/parsers/readers.py", line 1448, in __init__
    self._engine = self._make_engine(f, self.engine)
                   ^^^^^^^^^^^^^^^^^^^^^^^^^^^^^^^^^
  File "/home/airflow/.local/lib/python3.12/site-packages/pandas/io/parsers/readers.py", line 1705, in _make_engine
    self.handles = get_handle(
                   ^^^^^^^^^^^
  File "/home/airflow/.local/lib/python3.12/site-packages/pandas/io/common.py", line 863, in get_handle
    handle = open(
             ^^^^^
FileNotFoundError: [Errno 2] No such file or directory: '/data/bronze/CreditData_01_01_2025.csv'
[2026-05-12T07:53:59.037+0000] {taskinstance.py:1206} INFO - Marking task as UP_FOR_RETRY. dag_id=abc_phones_etl_pipeline, task_id=ingest_data, run_id=scheduled__2026-05-11T00:00:00+00:00, execution_date=20260511T000000, start_date=20260512T075358, end_date=20260512T075359
[2026-05-12T07:53:59.061+0000] {standard_task_runner.py:110} ERROR - Failed to execute job 4 for task ingest_data ([Errno 2] No such file or directory: '/data/bronze/CreditData_01_01_2025.csv'; 104)
[2026-05-12T07:53:59.084+0000] {local_task_job_runner.py:243} INFO - Task exited with return code 1
[2026-05-12T07:53:59.125+0000] {taskinstance.py:3503} INFO - 0 downstream tasks scheduled from follow-on schedule check
[2026-05-12T07:53:59.129+0000] {local_task_job_runner.py:222} INFO - ::endgroup::
[2026-05-12T08:00:28.061+0000] {local_task_job_runner.py:120} INFO - ::group::Pre task execution logs
[2026-05-12T08:00:28.121+0000] {taskinstance.py:2076} INFO - Dependencies all met for dep_context=non-requeueable deps ti=<TaskInstance: abc_phones_etl_pipeline.ingest_data scheduled__2026-05-11T00:00:00+00:00 [queued]>
[2026-05-12T08:00:28.135+0000] {taskinstance.py:2076} INFO - Dependencies all met for dep_context=requeueable deps ti=<TaskInstance: abc_phones_etl_pipeline.ingest_data scheduled__2026-05-11T00:00:00+00:00 [queued]>
[2026-05-12T08:00:28.136+0000] {taskinstance.py:2306} INFO - Starting attempt 1 of 2
[2026-05-12T08:00:28.190+0000] {taskinstance.py:2330} INFO - Executing <Task(PythonOperator): ingest_data> on 2026-05-11 00:00:00+00:00
[2026-05-12T08:00:28.207+0000] {standard_task_runner.py:90} INFO - Running: ['airflow', 'tasks', 'run', 'abc_phones_etl_pipeline', 'ingest_data', 'scheduled__2026-05-11T00:00:00+00:00', '--job-id', '9', '--raw', '--subdir', 'DAGS_FOLDER/abc_phones_etl_dag.py', '--cfg-path', '/tmp/tmpwkjk33mw']
[2026-05-12T08:00:28.227+0000] {standard_task_runner.py:91} INFO - Job 9: Subtask ingest_data
[2026-05-12T08:00:28.228+0000] {logging_mixin.py:188} WARNING - /home/airflow/.local/lib/python3.12/site-packages/airflow/task/task_runner/standard_task_runner.py:62 DeprecationWarning: This process (pid=155) is multi-threaded, use of fork() may lead to deadlocks in the child.
[2026-05-12T08:00:28.231+0000] {standard_task_runner.py:64} INFO - Started process 160 to run task
[2026-05-12T08:00:28.390+0000] {task_command.py:426} INFO - Running <TaskInstance: abc_phones_etl_pipeline.ingest_data scheduled__2026-05-11T00:00:00+00:00 [running]> on host 94f4b153a261
[2026-05-12T08:00:28.566+0000] {taskinstance.py:2648} INFO - Exporting env vars: AIRFLOW_CTX_DAG_OWNER='data_engineer' AIRFLOW_CTX_DAG_ID='abc_phones_etl_pipeline' AIRFLOW_CTX_TASK_ID='ingest_data' AIRFLOW_CTX_EXECUTION_DATE='2026-05-11T00:00:00+00:00' AIRFLOW_CTX_TRY_NUMBER='1' AIRFLOW_CTX_DAG_RUN_ID='scheduled__2026-05-11T00:00:00+00:00'
[2026-05-12T08:00:28.571+0000] {taskinstance.py:430} INFO - ::endgroup::
[2026-05-12T08:00:29.943+0000] {taskinstance.py:441} INFO - ::group::Post task execution logs
[2026-05-12T08:00:29.944+0000] {taskinstance.py:2905} ERROR - Task failed with exception
Traceback (most recent call last):
  File "/home/airflow/.local/lib/python3.12/site-packages/airflow/models/taskinstance.py", line 465, in _execute_task
    result = _execute_callable(context=context, **execute_callable_kwargs)
             ^^^^^^^^^^^^^^^^^^^^^^^^^^^^^^^^^^^^^^^^^^^^^^^^^^^^^^^^^^^^^
  File "/home/airflow/.local/lib/python3.12/site-packages/airflow/models/taskinstance.py", line 432, in _execute_callable
    return execute_callable(context=context, **execute_callable_kwargs)
           ^^^^^^^^^^^^^^^^^^^^^^^^^^^^^^^^^^^^^^^^^^^^^^^^^^^^^^^^^^^^
  File "/home/airflow/.local/lib/python3.12/site-packages/airflow/models/baseoperator.py", line 401, in wrapper
    return func(self, *args, **kwargs)
           ^^^^^^^^^^^^^^^^^^^^^^^^^^^
  File "/home/airflow/.local/lib/python3.12/site-packages/airflow/operators/python.py", line 235, in execute
    return_value = self.execute_callable()
                   ^^^^^^^^^^^^^^^^^^^^^^^
  File "/home/airflow/.local/lib/python3.12/site-packages/airflow/operators/python.py", line 252, in execute_callable
    return self.python_callable(*self.op_args, **self.op_kwargs)
           ^^^^^^^^^^^^^^^^^^^^^^^^^^^^^^^^^^^^^^^^^^^^^^^^^^^^^
  File "/opt/airflow/scripts/ingest.py", line 14, in run_ingestion
    sales_data = pd.read_excel("/data/bronze/SalesandCustomerData.xlsx")
                 ^^^^^^^^^^^^^^^^^^^^^^^^^^^^^^^^^^^^^^^^^^^^^^^^^^^^^^^
  File "/home/airflow/.local/lib/python3.12/site-packages/pandas/io/excel/_base.py", line 504, in read_excel
    io = ExcelFile(
         ^^^^^^^^^^
  File "/home/airflow/.local/lib/python3.12/site-packages/pandas/io/excel/_base.py", line 1563, in __init__
    ext = inspect_excel_format(
          ^^^^^^^^^^^^^^^^^^^^^
  File "/home/airflow/.local/lib/python3.12/site-packages/pandas/io/excel/_base.py", line 1419, in inspect_excel_format
    with get_handle(
         ^^^^^^^^^^^
  File "/home/airflow/.local/lib/python3.12/site-packages/pandas/io/common.py", line 872, in get_handle
    handle = open(handle, ioargs.mode)
             ^^^^^^^^^^^^^^^^^^^^^^^^^
FileNotFoundError: [Errno 2] No such file or directory: '/data/bronze/SalesandCustomerData.xlsx'
[2026-05-12T08:00:29.979+0000] {taskinstance.py:1206} INFO - Marking task as UP_FOR_RETRY. dag_id=abc_phones_etl_pipeline, task_id=ingest_data, run_id=scheduled__2026-05-11T00:00:00+00:00, execution_date=20260511T000000, start_date=20260512T080028, end_date=20260512T080029
[2026-05-12T08:00:30.025+0000] {standard_task_runner.py:110} ERROR - Failed to execute job 9 for task ingest_data ([Errno 2] No such file or directory: '/data/bronze/SalesandCustomerData.xlsx'; 160)
[2026-05-12T08:00:30.066+0000] {local_task_job_runner.py:243} INFO - Task exited with return code 1
[2026-05-12T08:00:30.141+0000] {taskinstance.py:3503} INFO - 0 downstream tasks scheduled from follow-on schedule check
[2026-05-12T08:00:30.172+0000] {local_task_job_runner.py:222} INFO - ::endgroup::
[2026-05-12T08:05:42.307+0000] {local_task_job_runner.py:120} INFO - ::group::Pre task execution logs
[2026-05-12T08:05:42.357+0000] {taskinstance.py:2076} INFO - Dependencies all met for dep_context=non-requeueable deps ti=<TaskInstance: abc_phones_etl_pipeline.ingest_data scheduled__2026-05-11T00:00:00+00:00 [queued]>
[2026-05-12T08:05:42.367+0000] {taskinstance.py:2076} INFO - Dependencies all met for dep_context=requeueable deps ti=<TaskInstance: abc_phones_etl_pipeline.ingest_data scheduled__2026-05-11T00:00:00+00:00 [queued]>
[2026-05-12T08:05:42.368+0000] {taskinstance.py:2306} INFO - Starting attempt 1 of 2
[2026-05-12T08:05:42.413+0000] {taskinstance.py:2330} INFO - Executing <Task(PythonOperator): ingest_data> on 2026-05-11 00:00:00+00:00
[2026-05-12T08:05:42.428+0000] {logging_mixin.py:188} WARNING - /home/airflow/.local/lib/python3.12/site-packages/airflow/task/task_runner/standard_task_runner.py:62 DeprecationWarning: This process (pid=187) is multi-threaded, use of fork() may lead to deadlocks in the child.
[2026-05-12T08:05:42.425+0000] {standard_task_runner.py:90} INFO - Running: ['airflow', 'tasks', 'run', 'abc_phones_etl_pipeline', 'ingest_data', 'scheduled__2026-05-11T00:00:00+00:00', '--job-id', '11', '--raw', '--subdir', 'DAGS_FOLDER/abc_phones_etl_dag.py', '--cfg-path', '/tmp/tmpbib5x64r']
[2026-05-12T08:05:42.430+0000] {standard_task_runner.py:64} INFO - Started process 192 to run task
[2026-05-12T08:05:42.430+0000] {standard_task_runner.py:91} INFO - Job 11: Subtask ingest_data
[2026-05-12T08:05:42.528+0000] {task_command.py:426} INFO - Running <TaskInstance: abc_phones_etl_pipeline.ingest_data scheduled__2026-05-11T00:00:00+00:00 [running]> on host 94f4b153a261
[2026-05-12T08:05:42.806+0000] {taskinstance.py:2648} INFO - Exporting env vars: AIRFLOW_CTX_DAG_OWNER='data_engineer' AIRFLOW_CTX_DAG_ID='abc_phones_etl_pipeline' AIRFLOW_CTX_TASK_ID='ingest_data' AIRFLOW_CTX_EXECUTION_DATE='2026-05-11T00:00:00+00:00' AIRFLOW_CTX_TRY_NUMBER='1' AIRFLOW_CTX_DAG_RUN_ID='scheduled__2026-05-11T00:00:00+00:00'
[2026-05-12T08:05:42.808+0000] {taskinstance.py:430} INFO - ::endgroup::
[2026-05-12T08:05:43.610+0000] {taskinstance.py:441} INFO - ::group::Post task execution logs
[2026-05-12T08:05:43.611+0000] {taskinstance.py:2905} ERROR - Task failed with exception
Traceback (most recent call last):
  File "/home/airflow/.local/lib/python3.12/site-packages/pandas/compat/_optional.py", line 132, in import_optional_dependency
    module = importlib.import_module(name)
             ^^^^^^^^^^^^^^^^^^^^^^^^^^^^^
  File "/usr/local/lib/python3.12/importlib/__init__.py", line 90, in import_module
    return _bootstrap._gcd_import(name[level:], package, level)
           ^^^^^^^^^^^^^^^^^^^^^^^^^^^^^^^^^^^^^^^^^^^^^^^^^^^^
  File "<frozen importlib._bootstrap>", line 1387, in _gcd_import
  File "<frozen importlib._bootstrap>", line 1360, in _find_and_load
  File "<frozen importlib._bootstrap>", line 1324, in _find_and_load_unlocked
ModuleNotFoundError: No module named 'openpyxl'

During handling of the above exception, another exception occurred:

Traceback (most recent call last):
  File "/home/airflow/.local/lib/python3.12/site-packages/airflow/models/taskinstance.py", line 465, in _execute_task
    result = _execute_callable(context=context, **execute_callable_kwargs)
             ^^^^^^^^^^^^^^^^^^^^^^^^^^^^^^^^^^^^^^^^^^^^^^^^^^^^^^^^^^^^^
  File "/home/airflow/.local/lib/python3.12/site-packages/airflow/models/taskinstance.py", line 432, in _execute_callable
    return execute_callable(context=context, **execute_callable_kwargs)
           ^^^^^^^^^^^^^^^^^^^^^^^^^^^^^^^^^^^^^^^^^^^^^^^^^^^^^^^^^^^^
  File "/home/airflow/.local/lib/python3.12/site-packages/airflow/models/baseoperator.py", line 401, in wrapper
    return func(self, *args, **kwargs)
           ^^^^^^^^^^^^^^^^^^^^^^^^^^^
  File "/home/airflow/.local/lib/python3.12/site-packages/airflow/operators/python.py", line 235, in execute
    return_value = self.execute_callable()
                   ^^^^^^^^^^^^^^^^^^^^^^^
  File "/home/airflow/.local/lib/python3.12/site-packages/airflow/operators/python.py", line 252, in execute_callable
    return self.python_callable(*self.op_args, **self.op_kwargs)
           ^^^^^^^^^^^^^^^^^^^^^^^^^^^^^^^^^^^^^^^^^^^^^^^^^^^^^
  File "/opt/airflow/scripts/ingest.py", line 14, in run_ingestion
    sales_data = pd.read_excel("/opt/airflow/data/bronze/SalesandCustomerData.xlsx")
                 ^^^^^^^^^^^^^^^^^^^^^^^^^^^^^^^^^^^^^^^^^^^^^^^^^^^^^^^^^^^^^^^^^^^
  File "/home/airflow/.local/lib/python3.12/site-packages/pandas/io/excel/_base.py", line 504, in read_excel
    io = ExcelFile(
         ^^^^^^^^^^
  File "/home/airflow/.local/lib/python3.12/site-packages/pandas/io/excel/_base.py", line 1580, in __init__
    self._reader = self._engines[engine](
                   ^^^^^^^^^^^^^^^^^^^^^^
  File "/home/airflow/.local/lib/python3.12/site-packages/pandas/io/excel/_openpyxl.py", line 552, in __init__
    import_optional_dependency("openpyxl")
  File "/home/airflow/.local/lib/python3.12/site-packages/pandas/compat/_optional.py", line 135, in import_optional_dependency
    raise ImportError(msg)
ImportError: Missing optional dependency 'openpyxl'.  Use pip or conda to install openpyxl.
[2026-05-12T08:05:43.645+0000] {taskinstance.py:1206} INFO - Marking task as UP_FOR_RETRY. dag_id=abc_phones_etl_pipeline, task_id=ingest_data, run_id=scheduled__2026-05-11T00:00:00+00:00, execution_date=20260511T000000, start_date=20260512T080542, end_date=20260512T080543
[2026-05-12T08:05:43.679+0000] {standard_task_runner.py:110} ERROR - Failed to execute job 11 for task ingest_data (Missing optional dependency 'openpyxl'.  Use pip or conda to install openpyxl.; 192)
[2026-05-12T08:05:43.738+0000] {local_task_job_runner.py:243} INFO - Task exited with return code 1
[2026-05-12T08:05:43.783+0000] {taskinstance.py:3503} INFO - 0 downstream tasks scheduled from follow-on schedule check
[2026-05-12T08:05:43.788+0000] {local_task_job_runner.py:222} INFO - ::endgroup::
[2026-05-12T08:14:21.906+0000] {local_task_job_runner.py:120} INFO - ::group::Pre task execution logs
[2026-05-12T08:14:21.960+0000] {taskinstance.py:2076} INFO - Dependencies all met for dep_context=non-requeueable deps ti=<TaskInstance: abc_phones_etl_pipeline.ingest_data scheduled__2026-05-11T00:00:00+00:00 [queued]>
[2026-05-12T08:14:21.971+0000] {taskinstance.py:2076} INFO - Dependencies all met for dep_context=requeueable deps ti=<TaskInstance: abc_phones_etl_pipeline.ingest_data scheduled__2026-05-11T00:00:00+00:00 [queued]>
[2026-05-12T08:14:21.972+0000] {taskinstance.py:2306} INFO - Starting attempt 1 of 2
[2026-05-12T08:14:21.987+0000] {taskinstance.py:2330} INFO - Executing <Task(PythonOperator): ingest_data> on 2026-05-11 00:00:00+00:00
[2026-05-12T08:14:22.000+0000] {standard_task_runner.py:90} INFO - Running: ['airflow', 'tasks', 'run', 'abc_phones_etl_pipeline', 'ingest_data', 'scheduled__2026-05-11T00:00:00+00:00', '--job-id', '16', '--raw', '--subdir', 'DAGS_FOLDER/abc_phones_etl_dag.py', '--cfg-path', '/tmp/tmpydj9ca47']
[2026-05-12T08:14:22.005+0000] {standard_task_runner.py:91} INFO - Job 16: Subtask ingest_data
[2026-05-12T08:14:22.007+0000] {logging_mixin.py:188} WARNING - /home/airflow/.local/lib/python3.12/site-packages/airflow/task/task_runner/standard_task_runner.py:62 DeprecationWarning: This process (pid=51) is multi-threaded, use of fork() may lead to deadlocks in the child.
[2026-05-12T08:14:22.009+0000] {standard_task_runner.py:64} INFO - Started process 56 to run task
[2026-05-12T08:14:22.106+0000] {task_command.py:426} INFO - Running <TaskInstance: abc_phones_etl_pipeline.ingest_data scheduled__2026-05-11T00:00:00+00:00 [running]> on host db448b94bc11
[2026-05-12T08:14:22.290+0000] {taskinstance.py:2648} INFO - Exporting env vars: AIRFLOW_CTX_DAG_OWNER='data_engineer' AIRFLOW_CTX_DAG_ID='abc_phones_etl_pipeline' AIRFLOW_CTX_TASK_ID='ingest_data' AIRFLOW_CTX_EXECUTION_DATE='2026-05-11T00:00:00+00:00' AIRFLOW_CTX_TRY_NUMBER='1' AIRFLOW_CTX_DAG_RUN_ID='scheduled__2026-05-11T00:00:00+00:00'
[2026-05-12T08:14:22.293+0000] {taskinstance.py:430} INFO - ::endgroup::
[2026-05-12T08:14:22.997+0000] {taskinstance.py:441} INFO - ::group::Post task execution logs
[2026-05-12T08:14:23.002+0000] {taskinstance.py:2905} ERROR - Task failed with exception
Traceback (most recent call last):
  File "/home/airflow/.local/lib/python3.12/site-packages/pandas/compat/_optional.py", line 132, in import_optional_dependency
    module = importlib.import_module(name)
             ^^^^^^^^^^^^^^^^^^^^^^^^^^^^^
  File "/usr/local/lib/python3.12/importlib/__init__.py", line 90, in import_module
    return _bootstrap._gcd_import(name[level:], package, level)
           ^^^^^^^^^^^^^^^^^^^^^^^^^^^^^^^^^^^^^^^^^^^^^^^^^^^^
  File "<frozen importlib._bootstrap>", line 1387, in _gcd_import
  File "<frozen importlib._bootstrap>", line 1360, in _find_and_load
  File "<frozen importlib._bootstrap>", line 1324, in _find_and_load_unlocked
ModuleNotFoundError: No module named 'openpyxl'

During handling of the above exception, another exception occurred:

Traceback (most recent call last):
  File "/home/airflow/.local/lib/python3.12/site-packages/airflow/models/taskinstance.py", line 465, in _execute_task
    result = _execute_callable(context=context, **execute_callable_kwargs)
             ^^^^^^^^^^^^^^^^^^^^^^^^^^^^^^^^^^^^^^^^^^^^^^^^^^^^^^^^^^^^^
  File "/home/airflow/.local/lib/python3.12/site-packages/airflow/models/taskinstance.py", line 432, in _execute_callable
    return execute_callable(context=context, **execute_callable_kwargs)
           ^^^^^^^^^^^^^^^^^^^^^^^^^^^^^^^^^^^^^^^^^^^^^^^^^^^^^^^^^^^^
  File "/home/airflow/.local/lib/python3.12/site-packages/airflow/models/baseoperator.py", line 401, in wrapper
    return func(self, *args, **kwargs)
           ^^^^^^^^^^^^^^^^^^^^^^^^^^^
  File "/home/airflow/.local/lib/python3.12/site-packages/airflow/operators/python.py", line 235, in execute
    return_value = self.execute_callable()
                   ^^^^^^^^^^^^^^^^^^^^^^^
  File "/home/airflow/.local/lib/python3.12/site-packages/airflow/operators/python.py", line 252, in execute_callable
    return self.python_callable(*self.op_args, **self.op_kwargs)
           ^^^^^^^^^^^^^^^^^^^^^^^^^^^^^^^^^^^^^^^^^^^^^^^^^^^^^
  File "/opt/airflow/scripts/ingest.py", line 14, in run_ingestion
    sales_data = pd.read_excel("/opt/airflow/data/bronze/SalesandCustomerData.xlsx")
                 ^^^^^^^^^^^^^^^^^^^^^^^^^^^^^^^^^^^^^^^^^^^^^^^^^^^^^^^^^^^^^^^^^^^
  File "/home/airflow/.local/lib/python3.12/site-packages/pandas/io/excel/_base.py", line 504, in read_excel
    io = ExcelFile(
         ^^^^^^^^^^
  File "/home/airflow/.local/lib/python3.12/site-packages/pandas/io/excel/_base.py", line 1580, in __init__
    self._reader = self._engines[engine](
                   ^^^^^^^^^^^^^^^^^^^^^^
  File "/home/airflow/.local/lib/python3.12/site-packages/pandas/io/excel/_openpyxl.py", line 552, in __init__
    import_optional_dependency("openpyxl")
  File "/home/airflow/.local/lib/python3.12/site-packages/pandas/compat/_optional.py", line 135, in import_optional_dependency
    raise ImportError(msg)
ImportError: Missing optional dependency 'openpyxl'.  Use pip or conda to install openpyxl.
[2026-05-12T08:14:23.031+0000] {taskinstance.py:1206} INFO - Marking task as UP_FOR_RETRY. dag_id=abc_phones_etl_pipeline, task_id=ingest_data, run_id=scheduled__2026-05-11T00:00:00+00:00, execution_date=20260511T000000, start_date=20260512T081421, end_date=20260512T081423
[2026-05-12T08:14:23.053+0000] {standard_task_runner.py:110} ERROR - Failed to execute job 16 for task ingest_data (Missing optional dependency 'openpyxl'.  Use pip or conda to install openpyxl.; 56)
[2026-05-12T08:14:23.078+0000] {local_task_job_runner.py:243} INFO - Task exited with return code 1
[2026-05-12T08:14:23.121+0000] {taskinstance.py:3503} INFO - 0 downstream tasks scheduled from follow-on schedule check
[2026-05-12T08:14:23.125+0000] {local_task_job_runner.py:222} INFO - ::endgroup::
[2026-05-12T08:27:46.395+0000] {local_task_job_runner.py:120} INFO - ::group::Pre task execution logs
[2026-05-12T08:27:46.456+0000] {taskinstance.py:2076} INFO - Dependencies all met for dep_context=non-requeueable deps ti=<TaskInstance: abc_phones_etl_pipeline.ingest_data scheduled__2026-05-11T00:00:00+00:00 [queued]>
[2026-05-12T08:27:46.465+0000] {taskinstance.py:2076} INFO - Dependencies all met for dep_context=requeueable deps ti=<TaskInstance: abc_phones_etl_pipeline.ingest_data scheduled__2026-05-11T00:00:00+00:00 [queued]>
[2026-05-12T08:27:46.465+0000] {taskinstance.py:2306} INFO - Starting attempt 1 of 2
[2026-05-12T08:27:46.490+0000] {taskinstance.py:2330} INFO - Executing <Task(PythonOperator): ingest_data> on 2026-05-11 00:00:00+00:00
[2026-05-12T08:27:46.502+0000] {standard_task_runner.py:90} INFO - Running: ['airflow', 'tasks', 'run', 'abc_phones_etl_pipeline', 'ingest_data', 'scheduled__2026-05-11T00:00:00+00:00', '--job-id', '21', '--raw', '--subdir', 'DAGS_FOLDER/abc_phones_etl_dag.py', '--cfg-path', '/tmp/tmp_hl_m50l']
[2026-05-12T08:27:46.508+0000] {logging_mixin.py:188} WARNING - /home/airflow/.local/lib/python3.12/site-packages/airflow/task/task_runner/standard_task_runner.py:62 DeprecationWarning: This process (pid=61) is multi-threaded, use of fork() may lead to deadlocks in the child.
[2026-05-12T08:27:46.509+0000] {standard_task_runner.py:91} INFO - Job 21: Subtask ingest_data
[2026-05-12T08:27:46.509+0000] {standard_task_runner.py:64} INFO - Started process 66 to run task
[2026-05-12T08:27:46.638+0000] {task_command.py:426} INFO - Running <TaskInstance: abc_phones_etl_pipeline.ingest_data scheduled__2026-05-11T00:00:00+00:00 [running]> on host 819e8234ddcf
[2026-05-12T08:27:46.771+0000] {taskinstance.py:2648} INFO - Exporting env vars: AIRFLOW_CTX_DAG_OWNER='data_engineer' AIRFLOW_CTX_DAG_ID='abc_phones_etl_pipeline' AIRFLOW_CTX_TASK_ID='ingest_data' AIRFLOW_CTX_EXECUTION_DATE='2026-05-11T00:00:00+00:00' AIRFLOW_CTX_TRY_NUMBER='1' AIRFLOW_CTX_DAG_RUN_ID='scheduled__2026-05-11T00:00:00+00:00'
[2026-05-12T08:27:46.772+0000] {taskinstance.py:430} INFO - ::endgroup::
[2026-05-12T08:27:47.499+0000] {taskinstance.py:441} INFO - ::group::Post task execution logs
[2026-05-12T08:27:47.500+0000] {taskinstance.py:2905} ERROR - Task failed with exception
Traceback (most recent call last):
  File "/home/airflow/.local/lib/python3.12/site-packages/pandas/compat/_optional.py", line 132, in import_optional_dependency
    module = importlib.import_module(name)
             ^^^^^^^^^^^^^^^^^^^^^^^^^^^^^
  File "/usr/local/lib/python3.12/importlib/__init__.py", line 90, in import_module
    return _bootstrap._gcd_import(name[level:], package, level)
           ^^^^^^^^^^^^^^^^^^^^^^^^^^^^^^^^^^^^^^^^^^^^^^^^^^^^
  File "<frozen importlib._bootstrap>", line 1387, in _gcd_import
  File "<frozen importlib._bootstrap>", line 1360, in _find_and_load
  File "<frozen importlib._bootstrap>", line 1324, in _find_and_load_unlocked
ModuleNotFoundError: No module named 'openpyxl'

During handling of the above exception, another exception occurred:

Traceback (most recent call last):
  File "/home/airflow/.local/lib/python3.12/site-packages/airflow/models/taskinstance.py", line 465, in _execute_task
    result = _execute_callable(context=context, **execute_callable_kwargs)
             ^^^^^^^^^^^^^^^^^^^^^^^^^^^^^^^^^^^^^^^^^^^^^^^^^^^^^^^^^^^^^
  File "/home/airflow/.local/lib/python3.12/site-packages/airflow/models/taskinstance.py", line 432, in _execute_callable
    return execute_callable(context=context, **execute_callable_kwargs)
           ^^^^^^^^^^^^^^^^^^^^^^^^^^^^^^^^^^^^^^^^^^^^^^^^^^^^^^^^^^^^
  File "/home/airflow/.local/lib/python3.12/site-packages/airflow/models/baseoperator.py", line 401, in wrapper
    return func(self, *args, **kwargs)
           ^^^^^^^^^^^^^^^^^^^^^^^^^^^
  File "/home/airflow/.local/lib/python3.12/site-packages/airflow/operators/python.py", line 235, in execute
    return_value = self.execute_callable()
                   ^^^^^^^^^^^^^^^^^^^^^^^
  File "/home/airflow/.local/lib/python3.12/site-packages/airflow/operators/python.py", line 252, in execute_callable
    return self.python_callable(*self.op_args, **self.op_kwargs)
           ^^^^^^^^^^^^^^^^^^^^^^^^^^^^^^^^^^^^^^^^^^^^^^^^^^^^^
  File "/opt/airflow/scripts/ingest.py", line 14, in run_ingestion
    sales_data = pd.read_excel("/opt/airflow/data/bronze/SalesandCustomerData.xlsx", engine="openpyxl")
                 ^^^^^^^^^^^^^^^^^^^^^^^^^^^^^^^^^^^^^^^^^^^^^^^^^^^^^^^^^^^^^^^^^^^^^^^^^^^^^^^^^^^^^^
  File "/home/airflow/.local/lib/python3.12/site-packages/pandas/io/excel/_base.py", line 504, in read_excel
    io = ExcelFile(
         ^^^^^^^^^^
  File "/home/airflow/.local/lib/python3.12/site-packages/pandas/io/excel/_base.py", line 1580, in __init__
    self._reader = self._engines[engine](
                   ^^^^^^^^^^^^^^^^^^^^^^
  File "/home/airflow/.local/lib/python3.12/site-packages/pandas/io/excel/_openpyxl.py", line 552, in __init__
    import_optional_dependency("openpyxl")
  File "/home/airflow/.local/lib/python3.12/site-packages/pandas/compat/_optional.py", line 135, in import_optional_dependency
    raise ImportError(msg)
ImportError: Missing optional dependency 'openpyxl'.  Use pip or conda to install openpyxl.
[2026-05-12T08:27:47.524+0000] {taskinstance.py:1206} INFO - Marking task as UP_FOR_RETRY. dag_id=abc_phones_etl_pipeline, task_id=ingest_data, run_id=scheduled__2026-05-11T00:00:00+00:00, execution_date=20260511T000000, start_date=20260512T082746, end_date=20260512T082747
[2026-05-12T08:27:47.549+0000] {standard_task_runner.py:110} ERROR - Failed to execute job 21 for task ingest_data (Missing optional dependency 'openpyxl'.  Use pip or conda to install openpyxl.; 66)
[2026-05-12T08:27:47.569+0000] {local_task_job_runner.py:243} INFO - Task exited with return code 1
[2026-05-12T08:27:47.601+0000] {taskinstance.py:3503} INFO - 0 downstream tasks scheduled from follow-on schedule check
[2026-05-12T08:27:47.606+0000] {local_task_job_runner.py:222} INFO - ::endgroup::
[2026-05-12T09:03:53.193+0000] {local_task_job_runner.py:120} INFO - ::group::Pre task execution logs
[2026-05-12T09:03:53.230+0000] {taskinstance.py:2076} INFO - Dependencies all met for dep_context=non-requeueable deps ti=<TaskInstance: abc_phones_etl_pipeline.ingest_data scheduled__2026-05-11T00:00:00+00:00 [queued]>
[2026-05-12T09:03:53.238+0000] {taskinstance.py:2076} INFO - Dependencies all met for dep_context=requeueable deps ti=<TaskInstance: abc_phones_etl_pipeline.ingest_data scheduled__2026-05-11T00:00:00+00:00 [queued]>
[2026-05-12T09:03:53.239+0000] {taskinstance.py:2306} INFO - Starting attempt 1 of 2
[2026-05-12T09:03:53.255+0000] {taskinstance.py:2330} INFO - Executing <Task(PythonOperator): ingest_data> on 2026-05-11 00:00:00+00:00
[2026-05-12T09:03:53.269+0000] {logging_mixin.py:188} WARNING - /home/airflow/.local/lib/python3.12/site-packages/airflow/task/task_runner/standard_task_runner.py:62 DeprecationWarning: This process (pid=115) is multi-threaded, use of fork() may lead to deadlocks in the child.
[2026-05-12T09:03:53.265+0000] {standard_task_runner.py:90} INFO - Running: ['airflow', 'tasks', 'run', 'abc_phones_etl_pipeline', 'ingest_data', 'scheduled__2026-05-11T00:00:00+00:00', '--job-id', '25', '--raw', '--subdir', 'DAGS_FOLDER/abc_phones_etl_dag.py', '--cfg-path', '/tmp/tmpxi4dpbcj']
[2026-05-12T09:03:53.270+0000] {standard_task_runner.py:64} INFO - Started process 120 to run task
[2026-05-12T09:03:53.270+0000] {standard_task_runner.py:91} INFO - Job 25: Subtask ingest_data
[2026-05-12T09:03:53.350+0000] {task_command.py:426} INFO - Running <TaskInstance: abc_phones_etl_pipeline.ingest_data scheduled__2026-05-11T00:00:00+00:00 [running]> on host 87c449af332c
[2026-05-12T09:03:53.557+0000] {taskinstance.py:2648} INFO - Exporting env vars: AIRFLOW_CTX_DAG_OWNER='data_engineer' AIRFLOW_CTX_DAG_ID='abc_phones_etl_pipeline' AIRFLOW_CTX_TASK_ID='ingest_data' AIRFLOW_CTX_EXECUTION_DATE='2026-05-11T00:00:00+00:00' AIRFLOW_CTX_TRY_NUMBER='1' AIRFLOW_CTX_DAG_RUN_ID='scheduled__2026-05-11T00:00:00+00:00'
[2026-05-12T09:03:53.559+0000] {taskinstance.py:430} INFO - ::endgroup::
[2026-05-12T09:03:54.300+0000] {taskinstance.py:441} INFO - ::group::Post task execution logs
[2026-05-12T09:03:54.301+0000] {taskinstance.py:2905} ERROR - Task failed with exception
Traceback (most recent call last):
  File "/home/airflow/.local/lib/python3.12/site-packages/pandas/compat/_optional.py", line 132, in import_optional_dependency
    module = importlib.import_module(name)
             ^^^^^^^^^^^^^^^^^^^^^^^^^^^^^
  File "/usr/local/lib/python3.12/importlib/__init__.py", line 90, in import_module
    return _bootstrap._gcd_import(name[level:], package, level)
           ^^^^^^^^^^^^^^^^^^^^^^^^^^^^^^^^^^^^^^^^^^^^^^^^^^^^
  File "<frozen importlib._bootstrap>", line 1387, in _gcd_import
  File "<frozen importlib._bootstrap>", line 1360, in _find_and_load
  File "<frozen importlib._bootstrap>", line 1324, in _find_and_load_unlocked
ModuleNotFoundError: No module named 'openpyxl'

During handling of the above exception, another exception occurred:

Traceback (most recent call last):
  File "/home/airflow/.local/lib/python3.12/site-packages/airflow/models/taskinstance.py", line 465, in _execute_task
    result = _execute_callable(context=context, **execute_callable_kwargs)
             ^^^^^^^^^^^^^^^^^^^^^^^^^^^^^^^^^^^^^^^^^^^^^^^^^^^^^^^^^^^^^
  File "/home/airflow/.local/lib/python3.12/site-packages/airflow/models/taskinstance.py", line 432, in _execute_callable
    return execute_callable(context=context, **execute_callable_kwargs)
           ^^^^^^^^^^^^^^^^^^^^^^^^^^^^^^^^^^^^^^^^^^^^^^^^^^^^^^^^^^^^
  File "/home/airflow/.local/lib/python3.12/site-packages/airflow/models/baseoperator.py", line 401, in wrapper
    return func(self, *args, **kwargs)
           ^^^^^^^^^^^^^^^^^^^^^^^^^^^
  File "/home/airflow/.local/lib/python3.12/site-packages/airflow/operators/python.py", line 235, in execute
    return_value = self.execute_callable()
                   ^^^^^^^^^^^^^^^^^^^^^^^
  File "/home/airflow/.local/lib/python3.12/site-packages/airflow/operators/python.py", line 252, in execute_callable
    return self.python_callable(*self.op_args, **self.op_kwargs)
           ^^^^^^^^^^^^^^^^^^^^^^^^^^^^^^^^^^^^^^^^^^^^^^^^^^^^^
  File "/opt/airflow/scripts/ingest.py", line 14, in run_ingestion
    sales_data = pd.read_excel("/opt/airflow/data/bronze/SalesandCustomerData.xlsx", engine="openpyxl")
                 ^^^^^^^^^^^^^^^^^^^^^^^^^^^^^^^^^^^^^^^^^^^^^^^^^^^^^^^^^^^^^^^^^^^^^^^^^^^^^^^^^^^^^^
  File "/home/airflow/.local/lib/python3.12/site-packages/pandas/io/excel/_base.py", line 504, in read_excel
    io = ExcelFile(
         ^^^^^^^^^^
  File "/home/airflow/.local/lib/python3.12/site-packages/pandas/io/excel/_base.py", line 1580, in __init__
    self._reader = self._engines[engine](
                   ^^^^^^^^^^^^^^^^^^^^^^
  File "/home/airflow/.local/lib/python3.12/site-packages/pandas/io/excel/_openpyxl.py", line 552, in __init__
    import_optional_dependency("openpyxl")
  File "/home/airflow/.local/lib/python3.12/site-packages/pandas/compat/_optional.py", line 135, in import_optional_dependency
    raise ImportError(msg)
ImportError: Missing optional dependency 'openpyxl'.  Use pip or conda to install openpyxl.
[2026-05-12T09:03:54.420+0000] {taskinstance.py:1206} INFO - Marking task as UP_FOR_RETRY. dag_id=abc_phones_etl_pipeline, task_id=ingest_data, run_id=scheduled__2026-05-11T00:00:00+00:00, execution_date=20260511T000000, start_date=20260512T090353, end_date=20260512T090354
[2026-05-12T09:03:54.527+0000] {standard_task_runner.py:110} ERROR - Failed to execute job 25 for task ingest_data (Missing optional dependency 'openpyxl'.  Use pip or conda to install openpyxl.; 120)
[2026-05-12T09:03:54.580+0000] {local_task_job_runner.py:243} INFO - Task exited with return code 1
[2026-05-12T09:03:54.661+0000] {taskinstance.py:3503} INFO - 0 downstream tasks scheduled from follow-on schedule check
[2026-05-12T09:03:54.668+0000] {local_task_job_runner.py:222} INFO - ::endgroup::
[2026-05-12T09:15:32.670+0000] {local_task_job_runner.py:120} INFO - ::group::Pre task execution logs
[2026-05-12T09:15:32.719+0000] {taskinstance.py:2076} INFO - Dependencies all met for dep_context=non-requeueable deps ti=<TaskInstance: abc_phones_etl_pipeline.ingest_data scheduled__2026-05-11T00:00:00+00:00 [queued]>
[2026-05-12T09:15:32.730+0000] {taskinstance.py:2076} INFO - Dependencies all met for dep_context=requeueable deps ti=<TaskInstance: abc_phones_etl_pipeline.ingest_data scheduled__2026-05-11T00:00:00+00:00 [queued]>
[2026-05-12T09:15:32.731+0000] {taskinstance.py:2306} INFO - Starting attempt 1 of 2
[2026-05-12T09:15:32.750+0000] {taskinstance.py:2330} INFO - Executing <Task(PythonOperator): ingest_data> on 2026-05-11 00:00:00+00:00
[2026-05-12T09:15:32.767+0000] {standard_task_runner.py:90} INFO - Running: ['airflow', 'tasks', 'run', 'abc_phones_etl_pipeline', 'ingest_data', 'scheduled__2026-05-11T00:00:00+00:00', '--job-id', '30', '--raw', '--subdir', 'DAGS_FOLDER/abc_phones_etl_dag.py', '--cfg-path', '/tmp/tmp9bl0yafa']
[2026-05-12T09:15:32.773+0000] {logging_mixin.py:188} WARNING - /home/airflow/.local/lib/python3.12/site-packages/airflow/task/task_runner/standard_task_runner.py:62 DeprecationWarning: This process (pid=242) is multi-threaded, use of fork() may lead to deadlocks in the child.
[2026-05-12T09:15:32.774+0000] {standard_task_runner.py:91} INFO - Job 30: Subtask ingest_data
[2026-05-12T09:15:32.774+0000] {standard_task_runner.py:64} INFO - Started process 247 to run task
[2026-05-12T09:15:32.875+0000] {task_command.py:426} INFO - Running <TaskInstance: abc_phones_etl_pipeline.ingest_data scheduled__2026-05-11T00:00:00+00:00 [running]> on host 87c449af332c
[2026-05-12T09:15:33.019+0000] {taskinstance.py:2648} INFO - Exporting env vars: AIRFLOW_CTX_DAG_OWNER='data_engineer' AIRFLOW_CTX_DAG_ID='abc_phones_etl_pipeline' AIRFLOW_CTX_TASK_ID='ingest_data' AIRFLOW_CTX_EXECUTION_DATE='2026-05-11T00:00:00+00:00' AIRFLOW_CTX_TRY_NUMBER='1' AIRFLOW_CTX_DAG_RUN_ID='scheduled__2026-05-11T00:00:00+00:00'
[2026-05-12T09:15:33.021+0000] {taskinstance.py:430} INFO - ::endgroup::
[2026-05-12T09:16:37.781+0000] {python.py:237} INFO - Done. Returned value was: None
[2026-05-12T09:16:37.782+0000] {taskinstance.py:441} INFO - ::group::Post task execution logs
[2026-05-12T09:16:37.803+0000] {taskinstance.py:1206} INFO - Marking task as SUCCESS. dag_id=abc_phones_etl_pipeline, task_id=ingest_data, run_id=scheduled__2026-05-11T00:00:00+00:00, execution_date=20260511T000000, start_date=20260512T091532, end_date=20260512T091637
[2026-05-12T09:16:37.878+0000] {local_task_job_runner.py:243} INFO - Task exited with return code 0
[2026-05-12T09:16:37.930+0000] {taskinstance.py:3503} INFO - 1 downstream tasks scheduled from follow-on schedule check
[2026-05-12T09:16:37.936+0000] {local_task_job_runner.py:222} INFO - ::endgroup::
[2026-05-12T09:53:16.096+0000] {local_task_job_runner.py:120} INFO - ::group::Pre task execution logs
[2026-05-12T09:53:16.220+0000] {taskinstance.py:2076} INFO - Dependencies all met for dep_context=non-requeueable deps ti=<TaskInstance: abc_phones_etl_pipeline.ingest_data scheduled__2026-05-11T00:00:00+00:00 [queued]>
[2026-05-12T09:53:16.259+0000] {taskinstance.py:2076} INFO - Dependencies all met for dep_context=requeueable deps ti=<TaskInstance: abc_phones_etl_pipeline.ingest_data scheduled__2026-05-11T00:00:00+00:00 [queued]>
[2026-05-12T09:53:16.268+0000] {taskinstance.py:2306} INFO - Starting attempt 1 of 2
[2026-05-12T09:53:16.418+0000] {taskinstance.py:2330} INFO - Executing <Task(PythonOperator): ingest_data> on 2026-05-11 00:00:00+00:00
[2026-05-12T09:53:16.461+0000] {standard_task_runner.py:90} INFO - Running: ['airflow', 'tasks', 'run', 'abc_phones_etl_pipeline', 'ingest_data', 'scheduled__2026-05-11T00:00:00+00:00', '--job-id', '35', '--raw', '--subdir', 'DAGS_FOLDER/abc_phones_etl_dag.py', '--cfg-path', '/tmp/tmpss1hio96']
[2026-05-12T09:53:16.480+0000] {logging_mixin.py:188} WARNING - /home/airflow/.local/lib/python3.12/site-packages/airflow/task/task_runner/standard_task_runner.py:62 DeprecationWarning: This process (pid=416) is multi-threaded, use of fork() may lead to deadlocks in the child.
[2026-05-12T09:53:16.484+0000] {standard_task_runner.py:64} INFO - Started process 423 to run task
[2026-05-12T09:53:16.483+0000] {standard_task_runner.py:91} INFO - Job 35: Subtask ingest_data
[2026-05-12T09:53:17.087+0000] {task_command.py:426} INFO - Running <TaskInstance: abc_phones_etl_pipeline.ingest_data scheduled__2026-05-11T00:00:00+00:00 [running]> on host 87c449af332c
[2026-05-12T09:53:17.398+0000] {taskinstance.py:2648} INFO - Exporting env vars: AIRFLOW_CTX_DAG_OWNER='data_engineer' AIRFLOW_CTX_DAG_ID='abc_phones_etl_pipeline' AIRFLOW_CTX_TASK_ID='ingest_data' AIRFLOW_CTX_EXECUTION_DATE='2026-05-11T00:00:00+00:00' AIRFLOW_CTX_TRY_NUMBER='1' AIRFLOW_CTX_DAG_RUN_ID='scheduled__2026-05-11T00:00:00+00:00'
[2026-05-12T09:53:17.400+0000] {taskinstance.py:430} INFO - ::endgroup::
[2026-05-12T09:55:20.413+0000] {python.py:237} INFO - Done. Returned value was: None
[2026-05-12T09:55:20.414+0000] {taskinstance.py:441} INFO - ::group::Post task execution logs
[2026-05-12T09:55:20.438+0000] {taskinstance.py:1206} INFO - Marking task as SUCCESS. dag_id=abc_phones_etl_pipeline, task_id=ingest_data, run_id=scheduled__2026-05-11T00:00:00+00:00, execution_date=20260511T000000, start_date=20260512T095316, end_date=20260512T095520
[2026-05-12T09:55:20.510+0000] {local_task_job_runner.py:243} INFO - Task exited with return code 0
[2026-05-12T09:55:20.547+0000] {taskinstance.py:3503} INFO - 1 downstream tasks scheduled from follow-on schedule check
[2026-05-12T09:55:20.551+0000] {local_task_job_runner.py:222} INFO - ::endgroup::
[2026-05-12T10:05:22.866+0000] {local_task_job_runner.py:120} INFO - ::group::Pre task execution logs
[2026-05-12T10:05:22.924+0000] {taskinstance.py:2076} INFO - Dependencies all met for dep_context=non-requeueable deps ti=<TaskInstance: abc_phones_etl_pipeline.ingest_data scheduled__2026-05-11T00:00:00+00:00 [queued]>
[2026-05-12T10:05:22.935+0000] {taskinstance.py:2076} INFO - Dependencies all met for dep_context=requeueable deps ti=<TaskInstance: abc_phones_etl_pipeline.ingest_data scheduled__2026-05-11T00:00:00+00:00 [queued]>
[2026-05-12T10:05:22.936+0000] {taskinstance.py:2306} INFO - Starting attempt 1 of 2
[2026-05-12T10:05:22.957+0000] {taskinstance.py:2330} INFO - Executing <Task(PythonOperator): ingest_data> on 2026-05-11 00:00:00+00:00
[2026-05-12T10:05:22.974+0000] {standard_task_runner.py:90} INFO - Running: ['airflow', 'tasks', 'run', 'abc_phones_etl_pipeline', 'ingest_data', 'scheduled__2026-05-11T00:00:00+00:00', '--job-id', '41', '--raw', '--subdir', 'DAGS_FOLDER/abc_phones_etl_dag.py', '--cfg-path', '/tmp/tmprquqw8gk']
[2026-05-12T10:05:22.980+0000] {standard_task_runner.py:91} INFO - Job 41: Subtask ingest_data
[2026-05-12T10:05:22.981+0000] {logging_mixin.py:188} WARNING - /home/airflow/.local/lib/python3.12/site-packages/airflow/task/task_runner/standard_task_runner.py:62 DeprecationWarning: This process (pid=500) is multi-threaded, use of fork() may lead to deadlocks in the child.
[2026-05-12T10:05:22.984+0000] {standard_task_runner.py:64} INFO - Started process 505 to run task
[2026-05-12T10:05:23.081+0000] {task_command.py:426} INFO - Running <TaskInstance: abc_phones_etl_pipeline.ingest_data scheduled__2026-05-11T00:00:00+00:00 [running]> on host 87c449af332c
[2026-05-12T10:05:23.276+0000] {taskinstance.py:2648} INFO - Exporting env vars: AIRFLOW_CTX_DAG_OWNER='data_engineer' AIRFLOW_CTX_DAG_ID='abc_phones_etl_pipeline' AIRFLOW_CTX_TASK_ID='ingest_data' AIRFLOW_CTX_EXECUTION_DATE='2026-05-11T00:00:00+00:00' AIRFLOW_CTX_TRY_NUMBER='1' AIRFLOW_CTX_DAG_RUN_ID='scheduled__2026-05-11T00:00:00+00:00'
[2026-05-12T10:05:23.278+0000] {taskinstance.py:430} INFO - ::endgroup::
[2026-05-12T10:07:43.786+0000] {python.py:237} INFO - Done. Returned value was: None
[2026-05-12T10:07:43.787+0000] {taskinstance.py:441} INFO - ::group::Post task execution logs
[2026-05-12T10:07:43.815+0000] {taskinstance.py:1206} INFO - Marking task as SUCCESS. dag_id=abc_phones_etl_pipeline, task_id=ingest_data, run_id=scheduled__2026-05-11T00:00:00+00:00, execution_date=20260511T000000, start_date=20260512T100522, end_date=20260512T100743
[2026-05-12T10:07:43.881+0000] {local_task_job_runner.py:243} INFO - Task exited with return code 0
[2026-05-12T10:07:43.929+0000] {taskinstance.py:3503} INFO - 1 downstream tasks scheduled from follow-on schedule check
[2026-05-12T10:07:43.933+0000] {local_task_job_runner.py:222} INFO - ::endgroup::
[2026-05-12T10:23:46.993+0000] {local_task_job_runner.py:120} INFO - ::group::Pre task execution logs
[2026-05-12T10:23:47.042+0000] {taskinstance.py:2076} INFO - Dependencies all met for dep_context=non-requeueable deps ti=<TaskInstance: abc_phones_etl_pipeline.ingest_data scheduled__2026-05-11T00:00:00+00:00 [queued]>
[2026-05-12T10:23:47.053+0000] {taskinstance.py:2076} INFO - Dependencies all met for dep_context=requeueable deps ti=<TaskInstance: abc_phones_etl_pipeline.ingest_data scheduled__2026-05-11T00:00:00+00:00 [queued]>
[2026-05-12T10:23:47.054+0000] {taskinstance.py:2306} INFO - Starting attempt 1 of 2
[2026-05-12T10:23:47.075+0000] {taskinstance.py:2330} INFO - Executing <Task(PythonOperator): ingest_data> on 2026-05-11 00:00:00+00:00
[2026-05-12T10:23:47.091+0000] {standard_task_runner.py:90} INFO - Running: ['airflow', 'tasks', 'run', 'abc_phones_etl_pipeline', 'ingest_data', 'scheduled__2026-05-11T00:00:00+00:00', '--job-id', '45', '--raw', '--subdir', 'DAGS_FOLDER/abc_phones_etl_dag.py', '--cfg-path', '/tmp/tmptnu0p6td']
[2026-05-12T10:23:47.096+0000] {standard_task_runner.py:91} INFO - Job 45: Subtask ingest_data
[2026-05-12T10:23:47.097+0000] {logging_mixin.py:188} WARNING - /home/airflow/.local/lib/python3.12/site-packages/airflow/task/task_runner/standard_task_runner.py:62 DeprecationWarning: This process (pid=594) is multi-threaded, use of fork() may lead to deadlocks in the child.
[2026-05-12T10:23:47.098+0000] {standard_task_runner.py:64} INFO - Started process 599 to run task
[2026-05-12T10:23:47.190+0000] {task_command.py:426} INFO - Running <TaskInstance: abc_phones_etl_pipeline.ingest_data scheduled__2026-05-11T00:00:00+00:00 [running]> on host 87c449af332c
[2026-05-12T10:23:47.345+0000] {taskinstance.py:2648} INFO - Exporting env vars: AIRFLOW_CTX_DAG_OWNER='data_engineer' AIRFLOW_CTX_DAG_ID='abc_phones_etl_pipeline' AIRFLOW_CTX_TASK_ID='ingest_data' AIRFLOW_CTX_EXECUTION_DATE='2026-05-11T00:00:00+00:00' AIRFLOW_CTX_TRY_NUMBER='1' AIRFLOW_CTX_DAG_RUN_ID='scheduled__2026-05-11T00:00:00+00:00'
[2026-05-12T10:23:47.351+0000] {taskinstance.py:430} INFO - ::endgroup::
[2026-05-12T10:25:47.054+0000] {python.py:237} INFO - Done. Returned value was: None
[2026-05-12T10:25:47.055+0000] {taskinstance.py:441} INFO - ::group::Post task execution logs
[2026-05-12T10:25:47.078+0000] {taskinstance.py:1206} INFO - Marking task as SUCCESS. dag_id=abc_phones_etl_pipeline, task_id=ingest_data, run_id=scheduled__2026-05-11T00:00:00+00:00, execution_date=20260511T000000, start_date=20260512T102347, end_date=20260512T102547
[2026-05-12T10:25:47.134+0000] {local_task_job_runner.py:243} INFO - Task exited with return code 0
[2026-05-12T10:25:47.171+0000] {taskinstance.py:3503} INFO - 1 downstream tasks scheduled from follow-on schedule check
[2026-05-12T10:25:47.175+0000] {local_task_job_runner.py:222} INFO - ::endgroup::
[2026-05-12T10:40:43.504+0000] {local_task_job_runner.py:120} INFO - ::group::Pre task execution logs
[2026-05-12T10:40:43.613+0000] {taskinstance.py:2076} INFO - Dependencies all met for dep_context=non-requeueable deps ti=<TaskInstance: abc_phones_etl_pipeline.ingest_data scheduled__2026-05-11T00:00:00+00:00 [queued]>
[2026-05-12T10:40:43.626+0000] {taskinstance.py:2076} INFO - Dependencies all met for dep_context=requeueable deps ti=<TaskInstance: abc_phones_etl_pipeline.ingest_data scheduled__2026-05-11T00:00:00+00:00 [queued]>
[2026-05-12T10:40:43.627+0000] {taskinstance.py:2306} INFO - Starting attempt 1 of 2
[2026-05-12T10:40:43.651+0000] {taskinstance.py:2330} INFO - Executing <Task(PythonOperator): ingest_data> on 2026-05-11 00:00:00+00:00
[2026-05-12T10:40:43.665+0000] {standard_task_runner.py:90} INFO - Running: ['airflow', 'tasks', 'run', 'abc_phones_etl_pipeline', 'ingest_data', 'scheduled__2026-05-11T00:00:00+00:00', '--job-id', '50', '--raw', '--subdir', 'DAGS_FOLDER/abc_phones_etl_dag.py', '--cfg-path', '/tmp/tmpn34xqat2']
[2026-05-12T10:40:43.676+0000] {standard_task_runner.py:91} INFO - Job 50: Subtask ingest_data
[2026-05-12T10:40:43.678+0000] {logging_mixin.py:188} WARNING - /home/airflow/.local/lib/python3.12/site-packages/airflow/task/task_runner/standard_task_runner.py:62 DeprecationWarning: This process (pid=688) is multi-threaded, use of fork() may lead to deadlocks in the child.
[2026-05-12T10:40:43.680+0000] {standard_task_runner.py:64} INFO - Started process 693 to run task
[2026-05-12T10:40:43.813+0000] {task_command.py:426} INFO - Running <TaskInstance: abc_phones_etl_pipeline.ingest_data scheduled__2026-05-11T00:00:00+00:00 [running]> on host 87c449af332c
[2026-05-12T10:40:43.959+0000] {taskinstance.py:2648} INFO - Exporting env vars: AIRFLOW_CTX_DAG_OWNER='data_engineer' AIRFLOW_CTX_DAG_ID='abc_phones_etl_pipeline' AIRFLOW_CTX_TASK_ID='ingest_data' AIRFLOW_CTX_EXECUTION_DATE='2026-05-11T00:00:00+00:00' AIRFLOW_CTX_TRY_NUMBER='1' AIRFLOW_CTX_DAG_RUN_ID='scheduled__2026-05-11T00:00:00+00:00'
[2026-05-12T10:40:43.961+0000] {taskinstance.py:430} INFO - ::endgroup::
[2026-05-12T10:43:06.931+0000] {python.py:237} INFO - Done. Returned value was: None
[2026-05-12T10:43:06.932+0000] {taskinstance.py:441} INFO - ::group::Post task execution logs
[2026-05-12T10:43:06.951+0000] {taskinstance.py:1206} INFO - Marking task as SUCCESS. dag_id=abc_phones_etl_pipeline, task_id=ingest_data, run_id=scheduled__2026-05-11T00:00:00+00:00, execution_date=20260511T000000, start_date=20260512T104043, end_date=20260512T104306
[2026-05-12T10:43:07.022+0000] {local_task_job_runner.py:243} INFO - Task exited with return code 0
[2026-05-12T10:43:07.060+0000] {taskinstance.py:3503} INFO - 1 downstream tasks scheduled from follow-on schedule check
[2026-05-12T10:43:07.068+0000] {local_task_job_runner.py:222} INFO - ::endgroup::
[2026-05-12T11:14:13.005+0000] {local_task_job_runner.py:120} INFO - ::group::Pre task execution logs
[2026-05-12T11:14:13.053+0000] {taskinstance.py:2076} INFO - Dependencies all met for dep_context=non-requeueable deps ti=<TaskInstance: abc_phones_etl_pipeline.ingest_data scheduled__2026-05-11T00:00:00+00:00 [queued]>
[2026-05-12T11:14:13.063+0000] {taskinstance.py:2076} INFO - Dependencies all met for dep_context=requeueable deps ti=<TaskInstance: abc_phones_etl_pipeline.ingest_data scheduled__2026-05-11T00:00:00+00:00 [queued]>
[2026-05-12T11:14:13.064+0000] {taskinstance.py:2306} INFO - Starting attempt 1 of 2
[2026-05-12T11:14:13.081+0000] {taskinstance.py:2330} INFO - Executing <Task(PythonOperator): ingest_data> on 2026-05-11 00:00:00+00:00
[2026-05-12T11:14:13.092+0000] {standard_task_runner.py:90} INFO - Running: ['airflow', 'tasks', 'run', 'abc_phones_etl_pipeline', 'ingest_data', 'scheduled__2026-05-11T00:00:00+00:00', '--job-id', '55', '--raw', '--subdir', 'DAGS_FOLDER/abc_phones_etl_dag.py', '--cfg-path', '/tmp/tmpfq5k8t0m']
[2026-05-12T11:14:13.097+0000] {standard_task_runner.py:91} INFO - Job 55: Subtask ingest_data
[2026-05-12T11:14:13.099+0000] {logging_mixin.py:188} WARNING - /home/airflow/.local/lib/python3.12/site-packages/airflow/task/task_runner/standard_task_runner.py:62 DeprecationWarning: This process (pid=52) is multi-threaded, use of fork() may lead to deadlocks in the child.
[2026-05-12T11:14:13.100+0000] {standard_task_runner.py:64} INFO - Started process 57 to run task
[2026-05-12T11:14:13.174+0000] {task_command.py:426} INFO - Running <TaskInstance: abc_phones_etl_pipeline.ingest_data scheduled__2026-05-11T00:00:00+00:00 [running]> on host 87c449af332c
[2026-05-12T11:14:13.292+0000] {taskinstance.py:2648} INFO - Exporting env vars: AIRFLOW_CTX_DAG_OWNER='data_engineer' AIRFLOW_CTX_DAG_ID='abc_phones_etl_pipeline' AIRFLOW_CTX_TASK_ID='ingest_data' AIRFLOW_CTX_EXECUTION_DATE='2026-05-11T00:00:00+00:00' AIRFLOW_CTX_TRY_NUMBER='1' AIRFLOW_CTX_DAG_RUN_ID='scheduled__2026-05-11T00:00:00+00:00'
[2026-05-12T11:14:13.294+0000] {taskinstance.py:430} INFO - ::endgroup::
[2026-05-12T11:16:30.104+0000] {python.py:237} INFO - Done. Returned value was: None
[2026-05-12T11:16:30.105+0000] {taskinstance.py:441} INFO - ::group::Post task execution logs
[2026-05-12T11:16:30.126+0000] {taskinstance.py:1206} INFO - Marking task as SUCCESS. dag_id=abc_phones_etl_pipeline, task_id=ingest_data, run_id=scheduled__2026-05-11T00:00:00+00:00, execution_date=20260511T000000, start_date=20260512T111413, end_date=20260512T111630
[2026-05-12T11:16:30.184+0000] {local_task_job_runner.py:243} INFO - Task exited with return code 0
[2026-05-12T11:16:30.221+0000] {taskinstance.py:3503} INFO - 1 downstream tasks scheduled from follow-on schedule check
[2026-05-12T11:16:30.226+0000] {local_task_job_runner.py:222} INFO - ::endgroup::
[2026-05-12T11:37:37.862+0000] {local_task_job_runner.py:120} INFO - ::group::Pre task execution logs
[2026-05-12T11:37:38.002+0000] {taskinstance.py:2076} INFO - Dependencies all met for dep_context=non-requeueable deps ti=<TaskInstance: abc_phones_etl_pipeline.ingest_data scheduled__2026-05-11T00:00:00+00:00 [queued]>
[2026-05-12T11:37:38.013+0000] {taskinstance.py:2076} INFO - Dependencies all met for dep_context=requeueable deps ti=<TaskInstance: abc_phones_etl_pipeline.ingest_data scheduled__2026-05-11T00:00:00+00:00 [queued]>
[2026-05-12T11:37:38.014+0000] {taskinstance.py:2306} INFO - Starting attempt 1 of 2
[2026-05-12T11:37:38.034+0000] {taskinstance.py:2330} INFO - Executing <Task(PythonOperator): ingest_data> on 2026-05-11 00:00:00+00:00
[2026-05-12T11:37:38.047+0000] {standard_task_runner.py:90} INFO - Running: ['airflow', 'tasks', 'run', 'abc_phones_etl_pipeline', 'ingest_data', 'scheduled__2026-05-11T00:00:00+00:00', '--job-id', '60', '--raw', '--subdir', 'DAGS_FOLDER/abc_phones_etl_dag.py', '--cfg-path', '/tmp/tmpoeflkosf']
[2026-05-12T11:37:38.052+0000] {standard_task_runner.py:91} INFO - Job 60: Subtask ingest_data
[2026-05-12T11:37:38.052+0000] {logging_mixin.py:188} WARNING - /home/airflow/.local/lib/python3.12/site-packages/airflow/task/task_runner/standard_task_runner.py:62 DeprecationWarning: This process (pid=174) is multi-threaded, use of fork() may lead to deadlocks in the child.
[2026-05-12T11:37:38.054+0000] {standard_task_runner.py:64} INFO - Started process 179 to run task
[2026-05-12T11:37:38.152+0000] {task_command.py:426} INFO - Running <TaskInstance: abc_phones_etl_pipeline.ingest_data scheduled__2026-05-11T00:00:00+00:00 [running]> on host 87c449af332c
[2026-05-12T11:37:38.303+0000] {taskinstance.py:2648} INFO - Exporting env vars: AIRFLOW_CTX_DAG_OWNER='data_engineer' AIRFLOW_CTX_DAG_ID='abc_phones_etl_pipeline' AIRFLOW_CTX_TASK_ID='ingest_data' AIRFLOW_CTX_EXECUTION_DATE='2026-05-11T00:00:00+00:00' AIRFLOW_CTX_TRY_NUMBER='1' AIRFLOW_CTX_DAG_RUN_ID='scheduled__2026-05-11T00:00:00+00:00'
[2026-05-12T11:37:38.305+0000] {taskinstance.py:430} INFO - ::endgroup::
[2026-05-12T11:40:35.690+0000] {python.py:237} INFO - Done. Returned value was: None
[2026-05-12T11:40:35.690+0000] {taskinstance.py:441} INFO - ::group::Post task execution logs
[2026-05-12T11:40:35.712+0000] {taskinstance.py:1206} INFO - Marking task as SUCCESS. dag_id=abc_phones_etl_pipeline, task_id=ingest_data, run_id=scheduled__2026-05-11T00:00:00+00:00, execution_date=20260511T000000, start_date=20260512T113738, end_date=20260512T114035
[2026-05-12T11:40:35.799+0000] {local_task_job_runner.py:243} INFO - Task exited with return code 0
[2026-05-12T11:40:35.857+0000] {taskinstance.py:3503} INFO - 1 downstream tasks scheduled from follow-on schedule check
[2026-05-12T11:40:35.878+0000] {local_task_job_runner.py:222} INFO - ::endgroup::
[2026-05-12T11:50:07.138+0000] {local_task_job_runner.py:120} INFO - ::group::Pre task execution logs
[2026-05-12T11:50:07.196+0000] {taskinstance.py:2076} INFO - Dependencies all met for dep_context=non-requeueable deps ti=<TaskInstance: abc_phones_etl_pipeline.ingest_data scheduled__2026-05-11T00:00:00+00:00 [queued]>
[2026-05-12T11:50:07.206+0000] {taskinstance.py:2076} INFO - Dependencies all met for dep_context=requeueable deps ti=<TaskInstance: abc_phones_etl_pipeline.ingest_data scheduled__2026-05-11T00:00:00+00:00 [queued]>
[2026-05-12T11:50:07.207+0000] {taskinstance.py:2306} INFO - Starting attempt 1 of 2
[2026-05-12T11:50:07.229+0000] {taskinstance.py:2330} INFO - Executing <Task(PythonOperator): ingest_data> on 2026-05-11 00:00:00+00:00
[2026-05-12T11:50:07.245+0000] {standard_task_runner.py:90} INFO - Running: ['airflow', 'tasks', 'run', 'abc_phones_etl_pipeline', 'ingest_data', 'scheduled__2026-05-11T00:00:00+00:00', '--job-id', '66', '--raw', '--subdir', 'DAGS_FOLDER/abc_phones_etl_dag.py', '--cfg-path', '/tmp/tmpvz2h38jl']
[2026-05-12T11:50:07.256+0000] {logging_mixin.py:188} WARNING - /home/airflow/.local/lib/python3.12/site-packages/airflow/task/task_runner/standard_task_runner.py:62 DeprecationWarning: This process (pid=258) is multi-threaded, use of fork() may lead to deadlocks in the child.
[2026-05-12T11:50:07.271+0000] {standard_task_runner.py:91} INFO - Job 66: Subtask ingest_data
[2026-05-12T11:50:07.273+0000] {standard_task_runner.py:64} INFO - Started process 263 to run task
[2026-05-12T11:50:07.485+0000] {task_command.py:426} INFO - Running <TaskInstance: abc_phones_etl_pipeline.ingest_data scheduled__2026-05-11T00:00:00+00:00 [running]> on host 87c449af332c
[2026-05-12T11:50:07.910+0000] {taskinstance.py:2648} INFO - Exporting env vars: AIRFLOW_CTX_DAG_OWNER='data_engineer' AIRFLOW_CTX_DAG_ID='abc_phones_etl_pipeline' AIRFLOW_CTX_TASK_ID='ingest_data' AIRFLOW_CTX_EXECUTION_DATE='2026-05-11T00:00:00+00:00' AIRFLOW_CTX_TRY_NUMBER='1' AIRFLOW_CTX_DAG_RUN_ID='scheduled__2026-05-11T00:00:00+00:00'
[2026-05-12T11:50:07.991+0000] {taskinstance.py:430} INFO - ::endgroup::
[2026-05-12T11:52:32.860+0000] {python.py:237} INFO - Done. Returned value was: None
[2026-05-12T11:52:32.861+0000] {taskinstance.py:441} INFO - ::group::Post task execution logs
[2026-05-12T11:52:32.882+0000] {taskinstance.py:1206} INFO - Marking task as SUCCESS. dag_id=abc_phones_etl_pipeline, task_id=ingest_data, run_id=scheduled__2026-05-11T00:00:00+00:00, execution_date=20260511T000000, start_date=20260512T115007, end_date=20260512T115232
[2026-05-12T11:52:32.945+0000] {local_task_job_runner.py:243} INFO - Task exited with return code 0
[2026-05-12T11:52:32.989+0000] {taskinstance.py:3503} INFO - 1 downstream tasks scheduled from follow-on schedule check
[2026-05-12T11:52:32.994+0000] {local_task_job_runner.py:222} INFO - ::endgroup::
[2026-05-12T12:33:17.400+0000] {local_task_job_runner.py:120} INFO - ::group::Pre task execution logs
[2026-05-12T12:33:17.438+0000] {taskinstance.py:2076} INFO - Dependencies all met for dep_context=non-requeueable deps ti=<TaskInstance: abc_phones_etl_pipeline.ingest_data scheduled__2026-05-11T00:00:00+00:00 [queued]>
[2026-05-12T12:33:17.447+0000] {taskinstance.py:2076} INFO - Dependencies all met for dep_context=requeueable deps ti=<TaskInstance: abc_phones_etl_pipeline.ingest_data scheduled__2026-05-11T00:00:00+00:00 [queued]>
[2026-05-12T12:33:17.448+0000] {taskinstance.py:2306} INFO - Starting attempt 1 of 2
[2026-05-12T12:33:17.468+0000] {taskinstance.py:2330} INFO - Executing <Task(PythonOperator): ingest_data> on 2026-05-11 00:00:00+00:00
[2026-05-12T12:33:17.480+0000] {standard_task_runner.py:90} INFO - Running: ['airflow', 'tasks', 'run', 'abc_phones_etl_pipeline', 'ingest_data', 'scheduled__2026-05-11T00:00:00+00:00', '--job-id', '73', '--raw', '--subdir', 'DAGS_FOLDER/abc_phones_etl_dag.py', '--cfg-path', '/tmp/tmpkrprdxxk']
[2026-05-12T12:33:17.483+0000] {standard_task_runner.py:91} INFO - Job 73: Subtask ingest_data
[2026-05-12T12:33:17.489+0000] {logging_mixin.py:188} WARNING - /home/airflow/.local/lib/python3.12/site-packages/airflow/task/task_runner/standard_task_runner.py:62 DeprecationWarning: This process (pid=464) is multi-threaded, use of fork() may lead to deadlocks in the child.
[2026-05-12T12:33:17.490+0000] {standard_task_runner.py:64} INFO - Started process 469 to run task
[2026-05-12T12:33:17.572+0000] {task_command.py:426} INFO - Running <TaskInstance: abc_phones_etl_pipeline.ingest_data scheduled__2026-05-11T00:00:00+00:00 [running]> on host 87c449af332c
[2026-05-12T12:33:17.763+0000] {taskinstance.py:2648} INFO - Exporting env vars: AIRFLOW_CTX_DAG_OWNER='data_engineer' AIRFLOW_CTX_DAG_ID='abc_phones_etl_pipeline' AIRFLOW_CTX_TASK_ID='ingest_data' AIRFLOW_CTX_EXECUTION_DATE='2026-05-11T00:00:00+00:00' AIRFLOW_CTX_TRY_NUMBER='1' AIRFLOW_CTX_DAG_RUN_ID='scheduled__2026-05-11T00:00:00+00:00'
[2026-05-12T12:33:17.765+0000] {taskinstance.py:430} INFO - ::endgroup::
[2026-05-12T12:35:21.921+0000] {python.py:237} INFO - Done. Returned value was: None
[2026-05-12T12:35:21.922+0000] {taskinstance.py:441} INFO - ::group::Post task execution logs
[2026-05-12T12:35:21.940+0000] {taskinstance.py:1206} INFO - Marking task as SUCCESS. dag_id=abc_phones_etl_pipeline, task_id=ingest_data, run_id=scheduled__2026-05-11T00:00:00+00:00, execution_date=20260511T000000, start_date=20260512T123317, end_date=20260512T123521
[2026-05-12T12:35:22.020+0000] {local_task_job_runner.py:243} INFO - Task exited with return code 0
[2026-05-12T12:35:22.058+0000] {taskinstance.py:3503} INFO - 1 downstream tasks scheduled from follow-on schedule check
[2026-05-12T12:35:22.062+0000] {local_task_job_runner.py:222} INFO - ::endgroup::
[2026-05-12T12:40:45.773+0000] {local_task_job_runner.py:120} INFO - ::group::Pre task execution logs
[2026-05-12T12:40:45.881+0000] {taskinstance.py:2076} INFO - Dependencies all met for dep_context=non-requeueable deps ti=<TaskInstance: abc_phones_etl_pipeline.ingest_data scheduled__2026-05-11T00:00:00+00:00 [queued]>
[2026-05-12T12:40:45.902+0000] {taskinstance.py:2076} INFO - Dependencies all met for dep_context=requeueable deps ti=<TaskInstance: abc_phones_etl_pipeline.ingest_data scheduled__2026-05-11T00:00:00+00:00 [queued]>
[2026-05-12T12:40:45.902+0000] {taskinstance.py:2306} INFO - Starting attempt 1 of 2
[2026-05-12T12:40:45.931+0000] {taskinstance.py:2330} INFO - Executing <Task(PythonOperator): ingest_data> on 2026-05-11 00:00:00+00:00
[2026-05-12T12:40:45.950+0000] {standard_task_runner.py:90} INFO - Running: ['airflow', 'tasks', 'run', 'abc_phones_etl_pipeline', 'ingest_data', 'scheduled__2026-05-11T00:00:00+00:00', '--job-id', '76', '--raw', '--subdir', 'DAGS_FOLDER/abc_phones_etl_dag.py', '--cfg-path', '/tmp/tmp2hh670ox']
[2026-05-12T12:40:45.958+0000] {standard_task_runner.py:91} INFO - Job 76: Subtask ingest_data
[2026-05-12T12:40:45.959+0000] {logging_mixin.py:188} WARNING - /home/airflow/.local/lib/python3.12/site-packages/airflow/task/task_runner/standard_task_runner.py:62 DeprecationWarning: This process (pid=517) is multi-threaded, use of fork() may lead to deadlocks in the child.
[2026-05-12T12:40:45.960+0000] {standard_task_runner.py:64} INFO - Started process 522 to run task
[2026-05-12T12:40:46.110+0000] {task_command.py:426} INFO - Running <TaskInstance: abc_phones_etl_pipeline.ingest_data scheduled__2026-05-11T00:00:00+00:00 [running]> on host 87c449af332c
[2026-05-12T12:40:46.295+0000] {taskinstance.py:2648} INFO - Exporting env vars: AIRFLOW_CTX_DAG_OWNER='data_engineer' AIRFLOW_CTX_DAG_ID='abc_phones_etl_pipeline' AIRFLOW_CTX_TASK_ID='ingest_data' AIRFLOW_CTX_EXECUTION_DATE='2026-05-11T00:00:00+00:00' AIRFLOW_CTX_TRY_NUMBER='1' AIRFLOW_CTX_DAG_RUN_ID='scheduled__2026-05-11T00:00:00+00:00'
[2026-05-12T12:40:46.298+0000] {taskinstance.py:430} INFO - ::endgroup::
[2026-05-12T12:43:14.724+0000] {python.py:237} INFO - Done. Returned value was: None
[2026-05-12T12:43:14.725+0000] {taskinstance.py:441} INFO - ::group::Post task execution logs
[2026-05-12T12:43:14.743+0000] {taskinstance.py:1206} INFO - Marking task as SUCCESS. dag_id=abc_phones_etl_pipeline, task_id=ingest_data, run_id=scheduled__2026-05-11T00:00:00+00:00, execution_date=20260511T000000, start_date=20260512T124045, end_date=20260512T124314
[2026-05-12T12:43:14.812+0000] {local_task_job_runner.py:243} INFO - Task exited with return code 0
[2026-05-12T12:43:14.859+0000] {taskinstance.py:3503} INFO - 1 downstream tasks scheduled from follow-on schedule check
[2026-05-12T12:43:14.864+0000] {local_task_job_runner.py:222} INFO - ::endgroup::
[2026-05-12T12:52:03.677+0000] {local_task_job_runner.py:120} INFO - ::group::Pre task execution logs
[2026-05-12T12:52:03.776+0000] {taskinstance.py:2076} INFO - Dependencies all met for dep_context=non-requeueable deps ti=<TaskInstance: abc_phones_etl_pipeline.ingest_data scheduled__2026-05-11T00:00:00+00:00 [queued]>
[2026-05-12T12:52:03.791+0000] {taskinstance.py:2076} INFO - Dependencies all met for dep_context=requeueable deps ti=<TaskInstance: abc_phones_etl_pipeline.ingest_data scheduled__2026-05-11T00:00:00+00:00 [queued]>
[2026-05-12T12:52:03.792+0000] {taskinstance.py:2306} INFO - Starting attempt 1 of 2
[2026-05-12T12:52:03.815+0000] {taskinstance.py:2330} INFO - Executing <Task(PythonOperator): ingest_data> on 2026-05-11 00:00:00+00:00
[2026-05-12T12:52:03.831+0000] {standard_task_runner.py:90} INFO - Running: ['airflow', 'tasks', 'run', 'abc_phones_etl_pipeline', 'ingest_data', 'scheduled__2026-05-11T00:00:00+00:00', '--job-id', '81', '--raw', '--subdir', 'DAGS_FOLDER/abc_phones_etl_dag.py', '--cfg-path', '/tmp/tmpnenc0731']
[2026-05-12T12:52:03.836+0000] {standard_task_runner.py:91} INFO - Job 81: Subtask ingest_data
[2026-05-12T12:52:03.840+0000] {logging_mixin.py:188} WARNING - /home/airflow/.local/lib/python3.12/site-packages/airflow/task/task_runner/standard_task_runner.py:62 DeprecationWarning: This process (pid=589) is multi-threaded, use of fork() may lead to deadlocks in the child.
[2026-05-12T12:52:03.842+0000] {standard_task_runner.py:64} INFO - Started process 594 to run task
[2026-05-12T12:52:03.944+0000] {task_command.py:426} INFO - Running <TaskInstance: abc_phones_etl_pipeline.ingest_data scheduled__2026-05-11T00:00:00+00:00 [running]> on host 87c449af332c
[2026-05-12T12:52:04.087+0000] {taskinstance.py:2648} INFO - Exporting env vars: AIRFLOW_CTX_DAG_OWNER='data_engineer' AIRFLOW_CTX_DAG_ID='abc_phones_etl_pipeline' AIRFLOW_CTX_TASK_ID='ingest_data' AIRFLOW_CTX_EXECUTION_DATE='2026-05-11T00:00:00+00:00' AIRFLOW_CTX_TRY_NUMBER='1' AIRFLOW_CTX_DAG_RUN_ID='scheduled__2026-05-11T00:00:00+00:00'
[2026-05-12T12:52:04.088+0000] {taskinstance.py:430} INFO - ::endgroup::
[2026-05-12T12:54:03.720+0000] {python.py:237} INFO - Done. Returned value was: None
[2026-05-12T12:54:03.721+0000] {taskinstance.py:441} INFO - ::group::Post task execution logs
[2026-05-12T12:54:03.744+0000] {taskinstance.py:1206} INFO - Marking task as SUCCESS. dag_id=abc_phones_etl_pipeline, task_id=ingest_data, run_id=scheduled__2026-05-11T00:00:00+00:00, execution_date=20260511T000000, start_date=20260512T125203, end_date=20260512T125403
[2026-05-12T12:54:03.816+0000] {local_task_job_runner.py:243} INFO - Task exited with return code 0
[2026-05-12T12:54:03.856+0000] {taskinstance.py:3503} INFO - 1 downstream tasks scheduled from follow-on schedule check
[2026-05-12T12:54:03.860+0000] {local_task_job_runner.py:222} INFO - ::endgroup::
[2026-05-12T12:58:55.401+0000] {local_task_job_runner.py:120} INFO - ::group::Pre task execution logs
[2026-05-12T12:58:55.493+0000] {taskinstance.py:2076} INFO - Dependencies all met for dep_context=non-requeueable deps ti=<TaskInstance: abc_phones_etl_pipeline.ingest_data scheduled__2026-05-11T00:00:00+00:00 [queued]>
[2026-05-12T12:58:55.515+0000] {taskinstance.py:2076} INFO - Dependencies all met for dep_context=requeueable deps ti=<TaskInstance: abc_phones_etl_pipeline.ingest_data scheduled__2026-05-11T00:00:00+00:00 [queued]>
[2026-05-12T12:58:55.516+0000] {taskinstance.py:2306} INFO - Starting attempt 1 of 2
[2026-05-12T12:58:55.561+0000] {taskinstance.py:2330} INFO - Executing <Task(PythonOperator): ingest_data> on 2026-05-11 00:00:00+00:00
[2026-05-12T12:58:55.591+0000] {logging_mixin.py:188} WARNING - /home/airflow/.local/lib/python3.12/site-packages/airflow/task/task_runner/standard_task_runner.py:62 DeprecationWarning: This process (pid=639) is multi-threaded, use of fork() may lead to deadlocks in the child.
[2026-05-12T12:58:55.593+0000] {standard_task_runner.py:64} INFO - Started process 644 to run task
[2026-05-12T12:58:55.580+0000] {standard_task_runner.py:90} INFO - Running: ['airflow', 'tasks', 'run', 'abc_phones_etl_pipeline', 'ingest_data', 'scheduled__2026-05-11T00:00:00+00:00', '--job-id', '85', '--raw', '--subdir', 'DAGS_FOLDER/abc_phones_etl_dag.py', '--cfg-path', '/tmp/tmp9087h3o6']
[2026-05-12T12:58:55.599+0000] {standard_task_runner.py:91} INFO - Job 85: Subtask ingest_data
[2026-05-12T12:58:55.765+0000] {task_command.py:426} INFO - Running <TaskInstance: abc_phones_etl_pipeline.ingest_data scheduled__2026-05-11T00:00:00+00:00 [running]> on host 87c449af332c
[2026-05-12T12:58:55.961+0000] {taskinstance.py:2648} INFO - Exporting env vars: AIRFLOW_CTX_DAG_OWNER='data_engineer' AIRFLOW_CTX_DAG_ID='abc_phones_etl_pipeline' AIRFLOW_CTX_TASK_ID='ingest_data' AIRFLOW_CTX_EXECUTION_DATE='2026-05-11T00:00:00+00:00' AIRFLOW_CTX_TRY_NUMBER='1' AIRFLOW_CTX_DAG_RUN_ID='scheduled__2026-05-11T00:00:00+00:00'
[2026-05-12T12:58:55.962+0000] {taskinstance.py:430} INFO - ::endgroup::
[2026-05-12T13:00:58.788+0000] {python.py:237} INFO - Done. Returned value was: None
[2026-05-12T13:00:58.788+0000] {taskinstance.py:441} INFO - ::group::Post task execution logs
[2026-05-12T13:00:58.805+0000] {taskinstance.py:1206} INFO - Marking task as SUCCESS. dag_id=abc_phones_etl_pipeline, task_id=ingest_data, run_id=scheduled__2026-05-11T00:00:00+00:00, execution_date=20260511T000000, start_date=20260512T125855, end_date=20260512T130058
[2026-05-12T13:00:58.893+0000] {local_task_job_runner.py:243} INFO - Task exited with return code 0
[2026-05-12T13:00:58.941+0000] {taskinstance.py:3503} INFO - 1 downstream tasks scheduled from follow-on schedule check
[2026-05-12T13:00:58.949+0000] {local_task_job_runner.py:222} INFO - ::endgroup::
[2026-05-12T13:09:02.646+0000] {local_task_job_runner.py:120} INFO - ::group::Pre task execution logs
[2026-05-12T13:09:02.688+0000] {taskinstance.py:2076} INFO - Dependencies all met for dep_context=non-requeueable deps ti=<TaskInstance: abc_phones_etl_pipeline.ingest_data scheduled__2026-05-11T00:00:00+00:00 [queued]>
[2026-05-12T13:09:02.697+0000] {taskinstance.py:2076} INFO - Dependencies all met for dep_context=requeueable deps ti=<TaskInstance: abc_phones_etl_pipeline.ingest_data scheduled__2026-05-11T00:00:00+00:00 [queued]>
[2026-05-12T13:09:02.698+0000] {taskinstance.py:2306} INFO - Starting attempt 1 of 2
[2026-05-12T13:09:02.715+0000] {taskinstance.py:2330} INFO - Executing <Task(PythonOperator): ingest_data> on 2026-05-11 00:00:00+00:00
[2026-05-12T13:09:02.725+0000] {standard_task_runner.py:90} INFO - Running: ['airflow', 'tasks', 'run', 'abc_phones_etl_pipeline', 'ingest_data', 'scheduled__2026-05-11T00:00:00+00:00', '--job-id', '90', '--raw', '--subdir', 'DAGS_FOLDER/abc_phones_etl_dag.py', '--cfg-path', '/tmp/tmpbrqs_f_h']
[2026-05-12T13:09:02.728+0000] {standard_task_runner.py:91} INFO - Job 90: Subtask ingest_data
[2026-05-12T13:09:02.728+0000] {logging_mixin.py:188} WARNING - /home/airflow/.local/lib/python3.12/site-packages/airflow/task/task_runner/standard_task_runner.py:62 DeprecationWarning: This process (pid=709) is multi-threaded, use of fork() may lead to deadlocks in the child.
[2026-05-12T13:09:02.731+0000] {standard_task_runner.py:64} INFO - Started process 714 to run task
[2026-05-12T13:09:02.805+0000] {task_command.py:426} INFO - Running <TaskInstance: abc_phones_etl_pipeline.ingest_data scheduled__2026-05-11T00:00:00+00:00 [running]> on host 87c449af332c
[2026-05-12T13:09:02.926+0000] {taskinstance.py:2648} INFO - Exporting env vars: AIRFLOW_CTX_DAG_OWNER='data_engineer' AIRFLOW_CTX_DAG_ID='abc_phones_etl_pipeline' AIRFLOW_CTX_TASK_ID='ingest_data' AIRFLOW_CTX_EXECUTION_DATE='2026-05-11T00:00:00+00:00' AIRFLOW_CTX_TRY_NUMBER='1' AIRFLOW_CTX_DAG_RUN_ID='scheduled__2026-05-11T00:00:00+00:00'
[2026-05-12T13:09:02.928+0000] {taskinstance.py:430} INFO - ::endgroup::
[2026-05-12T13:11:10.917+0000] {python.py:237} INFO - Done. Returned value was: None
[2026-05-12T13:11:10.918+0000] {taskinstance.py:441} INFO - ::group::Post task execution logs
[2026-05-12T13:11:10.939+0000] {taskinstance.py:1206} INFO - Marking task as SUCCESS. dag_id=abc_phones_etl_pipeline, task_id=ingest_data, run_id=scheduled__2026-05-11T00:00:00+00:00, execution_date=20260511T000000, start_date=20260512T130902, end_date=20260512T131110
[2026-05-12T13:11:11.019+0000] {local_task_job_runner.py:243} INFO - Task exited with return code 0
[2026-05-12T13:11:11.057+0000] {taskinstance.py:3503} INFO - 1 downstream tasks scheduled from follow-on schedule check
[2026-05-12T13:11:11.064+0000] {local_task_job_runner.py:222} INFO - ::endgroup::
[2026-05-12T13:32:17.526+0000] {local_task_job_runner.py:120} INFO - ::group::Pre task execution logs
[2026-05-12T13:32:17.578+0000] {taskinstance.py:2076} INFO - Dependencies all met for dep_context=non-requeueable deps ti=<TaskInstance: abc_phones_etl_pipeline.ingest_data scheduled__2026-05-11T00:00:00+00:00 [queued]>
[2026-05-12T13:32:17.590+0000] {taskinstance.py:2076} INFO - Dependencies all met for dep_context=requeueable deps ti=<TaskInstance: abc_phones_etl_pipeline.ingest_data scheduled__2026-05-11T00:00:00+00:00 [queued]>
[2026-05-12T13:32:17.591+0000] {taskinstance.py:2306} INFO - Starting attempt 1 of 2
[2026-05-12T13:32:17.613+0000] {taskinstance.py:2330} INFO - Executing <Task(PythonOperator): ingest_data> on 2026-05-11 00:00:00+00:00
[2026-05-12T13:32:17.627+0000] {standard_task_runner.py:90} INFO - Running: ['airflow', 'tasks', 'run', 'abc_phones_etl_pipeline', 'ingest_data', 'scheduled__2026-05-11T00:00:00+00:00', '--job-id', '99', '--raw', '--subdir', 'DAGS_FOLDER/abc_phones_etl_dag.py', '--cfg-path', '/tmp/tmp2t0_hr1v']
[2026-05-12T13:32:17.631+0000] {standard_task_runner.py:91} INFO - Job 99: Subtask ingest_data
[2026-05-12T13:32:17.634+0000] {logging_mixin.py:188} WARNING - /home/airflow/.local/lib/python3.12/site-packages/airflow/task/task_runner/standard_task_runner.py:62 DeprecationWarning: This process (pid=847) is multi-threaded, use of fork() may lead to deadlocks in the child.
[2026-05-12T13:32:17.636+0000] {standard_task_runner.py:64} INFO - Started process 852 to run task
[2026-05-12T13:32:17.732+0000] {task_command.py:426} INFO - Running <TaskInstance: abc_phones_etl_pipeline.ingest_data scheduled__2026-05-11T00:00:00+00:00 [running]> on host 87c449af332c
[2026-05-12T13:32:17.939+0000] {taskinstance.py:2648} INFO - Exporting env vars: AIRFLOW_CTX_DAG_OWNER='data_engineer' AIRFLOW_CTX_DAG_ID='abc_phones_etl_pipeline' AIRFLOW_CTX_TASK_ID='ingest_data' AIRFLOW_CTX_EXECUTION_DATE='2026-05-11T00:00:00+00:00' AIRFLOW_CTX_TRY_NUMBER='1' AIRFLOW_CTX_DAG_RUN_ID='scheduled__2026-05-11T00:00:00+00:00'
[2026-05-12T13:32:17.941+0000] {taskinstance.py:430} INFO - ::endgroup::
[2026-05-12T13:34:41.378+0000] {python.py:237} INFO - Done. Returned value was: None
[2026-05-12T13:34:41.379+0000] {taskinstance.py:441} INFO - ::group::Post task execution logs
[2026-05-12T13:34:41.399+0000] {taskinstance.py:1206} INFO - Marking task as SUCCESS. dag_id=abc_phones_etl_pipeline, task_id=ingest_data, run_id=scheduled__2026-05-11T00:00:00+00:00, execution_date=20260511T000000, start_date=20260512T133217, end_date=20260512T133441
[2026-05-12T13:34:41.469+0000] {local_task_job_runner.py:243} INFO - Task exited with return code 0
[2026-05-12T13:34:41.510+0000] {taskinstance.py:3503} INFO - 1 downstream tasks scheduled from follow-on schedule check
[2026-05-12T13:34:41.514+0000] {local_task_job_runner.py:222} INFO - ::endgroup::
[2026-05-12T13:46:32.241+0000] {local_task_job_runner.py:120} INFO - ::group::Pre task execution logs
[2026-05-12T13:46:32.282+0000] {taskinstance.py:2076} INFO - Dependencies all met for dep_context=non-requeueable deps ti=<TaskInstance: abc_phones_etl_pipeline.ingest_data scheduled__2026-05-11T00:00:00+00:00 [queued]>
[2026-05-12T13:46:32.293+0000] {taskinstance.py:2076} INFO - Dependencies all met for dep_context=requeueable deps ti=<TaskInstance: abc_phones_etl_pipeline.ingest_data scheduled__2026-05-11T00:00:00+00:00 [queued]>
[2026-05-12T13:46:32.293+0000] {taskinstance.py:2306} INFO - Starting attempt 1 of 2
[2026-05-12T13:46:32.311+0000] {taskinstance.py:2330} INFO - Executing <Task(PythonOperator): ingest_data> on 2026-05-11 00:00:00+00:00
[2026-05-12T13:46:32.321+0000] {standard_task_runner.py:90} INFO - Running: ['airflow', 'tasks', 'run', 'abc_phones_etl_pipeline', 'ingest_data', 'scheduled__2026-05-11T00:00:00+00:00', '--job-id', '104', '--raw', '--subdir', 'DAGS_FOLDER/abc_phones_etl_dag.py', '--cfg-path', '/tmp/tmpyi2gkksp']
[2026-05-12T13:46:32.327+0000] {standard_task_runner.py:91} INFO - Job 104: Subtask ingest_data
[2026-05-12T13:46:32.328+0000] {logging_mixin.py:188} WARNING - /home/airflow/.local/lib/python3.12/site-packages/airflow/task/task_runner/standard_task_runner.py:62 DeprecationWarning: This process (pid=929) is multi-threaded, use of fork() may lead to deadlocks in the child.
[2026-05-12T13:46:32.329+0000] {standard_task_runner.py:64} INFO - Started process 934 to run task
[2026-05-12T13:46:32.407+0000] {task_command.py:426} INFO - Running <TaskInstance: abc_phones_etl_pipeline.ingest_data scheduled__2026-05-11T00:00:00+00:00 [running]> on host 87c449af332c
[2026-05-12T13:46:32.532+0000] {taskinstance.py:2648} INFO - Exporting env vars: AIRFLOW_CTX_DAG_OWNER='data_engineer' AIRFLOW_CTX_DAG_ID='abc_phones_etl_pipeline' AIRFLOW_CTX_TASK_ID='ingest_data' AIRFLOW_CTX_EXECUTION_DATE='2026-05-11T00:00:00+00:00' AIRFLOW_CTX_TRY_NUMBER='1' AIRFLOW_CTX_DAG_RUN_ID='scheduled__2026-05-11T00:00:00+00:00'
[2026-05-12T13:46:32.535+0000] {taskinstance.py:430} INFO - ::endgroup::
[2026-05-12T13:49:09.430+0000] {python.py:237} INFO - Done. Returned value was: None
[2026-05-12T13:49:09.431+0000] {taskinstance.py:441} INFO - ::group::Post task execution logs
[2026-05-12T13:49:09.466+0000] {taskinstance.py:1206} INFO - Marking task as SUCCESS. dag_id=abc_phones_etl_pipeline, task_id=ingest_data, run_id=scheduled__2026-05-11T00:00:00+00:00, execution_date=20260511T000000, start_date=20260512T134632, end_date=20260512T134909
[2026-05-12T13:49:09.563+0000] {local_task_job_runner.py:243} INFO - Task exited with return code 0
[2026-05-12T13:49:09.610+0000] {taskinstance.py:3503} INFO - 1 downstream tasks scheduled from follow-on schedule check
[2026-05-12T13:49:09.615+0000] {local_task_job_runner.py:222} INFO - ::endgroup::
[2026-05-12T13:54:22.125+0000] {local_task_job_runner.py:120} INFO - ::group::Pre task execution logs
[2026-05-12T13:54:22.213+0000] {taskinstance.py:2076} INFO - Dependencies all met for dep_context=non-requeueable deps ti=<TaskInstance: abc_phones_etl_pipeline.ingest_data scheduled__2026-05-11T00:00:00+00:00 [queued]>
[2026-05-12T13:54:22.229+0000] {taskinstance.py:2076} INFO - Dependencies all met for dep_context=requeueable deps ti=<TaskInstance: abc_phones_etl_pipeline.ingest_data scheduled__2026-05-11T00:00:00+00:00 [queued]>
[2026-05-12T13:54:22.230+0000] {taskinstance.py:2306} INFO - Starting attempt 1 of 2
[2026-05-12T13:54:22.250+0000] {taskinstance.py:2330} INFO - Executing <Task(PythonOperator): ingest_data> on 2026-05-11 00:00:00+00:00
[2026-05-12T13:54:22.264+0000] {standard_task_runner.py:90} INFO - Running: ['airflow', 'tasks', 'run', 'abc_phones_etl_pipeline', 'ingest_data', 'scheduled__2026-05-11T00:00:00+00:00', '--job-id', '107', '--raw', '--subdir', 'DAGS_FOLDER/abc_phones_etl_dag.py', '--cfg-path', '/tmp/tmpaqin0zw7']
[2026-05-12T13:54:22.268+0000] {standard_task_runner.py:91} INFO - Job 107: Subtask ingest_data
[2026-05-12T13:54:22.273+0000] {logging_mixin.py:188} WARNING - /home/airflow/.local/lib/python3.12/site-packages/airflow/task/task_runner/standard_task_runner.py:62 DeprecationWarning: This process (pid=975) is multi-threaded, use of fork() may lead to deadlocks in the child.
[2026-05-12T13:54:22.275+0000] {standard_task_runner.py:64} INFO - Started process 982 to run task
[2026-05-12T13:54:22.395+0000] {task_command.py:426} INFO - Running <TaskInstance: abc_phones_etl_pipeline.ingest_data scheduled__2026-05-11T00:00:00+00:00 [running]> on host 87c449af332c
[2026-05-12T13:54:22.579+0000] {taskinstance.py:2648} INFO - Exporting env vars: AIRFLOW_CTX_DAG_OWNER='data_engineer' AIRFLOW_CTX_DAG_ID='abc_phones_etl_pipeline' AIRFLOW_CTX_TASK_ID='ingest_data' AIRFLOW_CTX_EXECUTION_DATE='2026-05-11T00:00:00+00:00' AIRFLOW_CTX_TRY_NUMBER='1' AIRFLOW_CTX_DAG_RUN_ID='scheduled__2026-05-11T00:00:00+00:00'
[2026-05-12T13:54:22.580+0000] {taskinstance.py:430} INFO - ::endgroup::
[2026-05-12T13:56:29.273+0000] {local_task_job_runner.py:313} WARNING - State of this instance has been externally set to None. Terminating instance.
[2026-05-12T13:56:29.276+0000] {local_task_job_runner.py:222} INFO - ::endgroup::
[2026-05-12T13:56:29.281+0000] {process_utils.py:132} INFO - Sending 15 to group 982. PIDs of all processes in the group: [982]
[2026-05-12T13:56:29.282+0000] {process_utils.py:87} INFO - Sending the signal 15 to group 982
[2026-05-12T13:56:29.283+0000] {taskinstance.py:2611} ERROR - Received SIGTERM. Terminating subprocesses.
[2026-05-12T13:56:29.290+0000] {taskinstance.py:441} INFO - ::group::Post task execution logs
[2026-05-12T13:56:29.322+0000] {taskinstance.py:2905} ERROR - Task failed with exception
Traceback (most recent call last):
  File "/home/airflow/.local/lib/python3.12/site-packages/airflow/models/taskinstance.py", line 465, in _execute_task
    result = _execute_callable(context=context, **execute_callable_kwargs)
             ^^^^^^^^^^^^^^^^^^^^^^^^^^^^^^^^^^^^^^^^^^^^^^^^^^^^^^^^^^^^^
  File "/home/airflow/.local/lib/python3.12/site-packages/airflow/models/taskinstance.py", line 432, in _execute_callable
    return execute_callable(context=context, **execute_callable_kwargs)
           ^^^^^^^^^^^^^^^^^^^^^^^^^^^^^^^^^^^^^^^^^^^^^^^^^^^^^^^^^^^^
  File "/home/airflow/.local/lib/python3.12/site-packages/airflow/models/baseoperator.py", line 401, in wrapper
    return func(self, *args, **kwargs)
           ^^^^^^^^^^^^^^^^^^^^^^^^^^^
  File "/home/airflow/.local/lib/python3.12/site-packages/airflow/operators/python.py", line 235, in execute
    return_value = self.execute_callable()
                   ^^^^^^^^^^^^^^^^^^^^^^^
  File "/home/airflow/.local/lib/python3.12/site-packages/airflow/operators/python.py", line 252, in execute_callable
    return self.python_callable(*self.op_args, **self.op_kwargs)
           ^^^^^^^^^^^^^^^^^^^^^^^^^^^^^^^^^^^^^^^^^^^^^^^^^^^^^
  File "/opt/airflow/scripts/ingest.py", line 23, in run_ingestion
    sales_sheets = pd.read_excel("/opt/airflow/data/bronze/SalesandCustomerData.xlsx", sheet_name=None, engine="openpyxl")
                   ^^^^^^^^^^^^^^^^^^^^^^^^^^^^^^^^^^^^^^^^^^^^^^^^^^^^^^^^^^^^^^^^^^^^^^^^^^^^^^^^^^^^^^^^^^^^^^^^^^^^^^^
  File "/home/airflow/.local/lib/python3.12/site-packages/pandas/io/excel/_base.py", line 517, in read_excel
    data = io.parse(
           ^^^^^^^^^
  File "/home/airflow/.local/lib/python3.12/site-packages/pandas/io/excel/_base.py", line 1629, in parse
    return self._reader.parse(
           ^^^^^^^^^^^^^^^^^^^
  File "/home/airflow/.local/lib/python3.12/site-packages/pandas/io/excel/_base.py", line 793, in parse
    data = self.get_sheet_data(sheet, file_rows_needed)
           ^^^^^^^^^^^^^^^^^^^^^^^^^^^^^^^^^^^^^^^^^^^^
  File "/home/airflow/.local/lib/python3.12/site-packages/pandas/io/excel/_openpyxl.py", line 616, in get_sheet_data
    for row_number, row in enumerate(sheet.rows):
  File "/home/airflow/.local/lib/python3.12/site-packages/openpyxl/worksheet/_read_only.py", line 96, in _cells_by_row
    row = self._get_row(row, min_col, max_col, values_only)
          ^^^^^^^^^^^^^^^^^^^^^^^^^^^^^^^^^^^^^^^^^^^^^^^^^
  File "/home/airflow/.local/lib/python3.12/site-packages/openpyxl/worksheet/_read_only.py", line 125, in _get_row
    new_row[idx] = ReadOnlyCell(self, **cell)
                   ^^^^^^^^^^^^^^^^^^^^^^^^^^
  File "/home/airflow/.local/lib/python3.12/site-packages/openpyxl/cell/read_only.py", line 14, in __init__
    def __init__(self, sheet, row, column, value, data_type='n', style_id=0):
    
  File "/home/airflow/.local/lib/python3.12/site-packages/airflow/models/taskinstance.py", line 2613, in signal_handler
    raise AirflowTaskTerminated("Task received SIGTERM signal")
airflow.exceptions.AirflowTaskTerminated: Task received SIGTERM signal
[2026-05-12T13:56:29.361+0000] {taskinstance.py:1206} INFO - Marking task as FAILED. dag_id=abc_phones_etl_pipeline, task_id=ingest_data, run_id=scheduled__2026-05-11T00:00:00+00:00, execution_date=20260511T000000, start_date=20260512T135422, end_date=20260512T135629
[2026-05-12T13:56:29.399+0000] {standard_task_runner.py:110} ERROR - Failed to execute job 107 for task ingest_data ((psycopg2.errors.ForeignKeyViolation) insert or update on table "task_fail" violates foreign key constraint "task_fail_ti_fkey"
DETAIL:  Key (dag_id, task_id, run_id, map_index)=(abc_phones_etl_pipeline, ingest_data, scheduled__2026-05-11T00:00:00+00:00, -1) is not present in table "task_instance".

[SQL: INSERT INTO task_fail (task_id, dag_id, run_id, map_index, start_date, end_date, duration) VALUES (%(task_id)s, %(dag_id)s, %(run_id)s, %(map_index)s, %(start_date)s, %(end_date)s, %(duration)s) RETURNING task_fail.id]
[parameters: {'task_id': 'ingest_data', 'dag_id': 'abc_phones_etl_pipeline', 'run_id': 'scheduled__2026-05-11T00:00:00+00:00', 'map_index': -1, 'start_date': datetime.datetime(2026, 5, 12, 13, 54, 22, 214520, tzinfo=Timezone('UTC')), 'end_date': datetime.datetime(2026, 5, 12, 13, 56, 29, 360475, tzinfo=Timezone('UTC')), 'duration': 127}]
(Background on this error at: https://sqlalche.me/e/14/gkpj); 982)
[2026-05-12T13:56:29.630+0000] {process_utils.py:80} INFO - Process psutil.Process(pid=982, status='terminated', exitcode=1, started='13:54:22') (982) terminated with exit code 1
[2026-05-12T13:57:00.767+0000] {local_task_job_runner.py:120} INFO - ::group::Pre task execution logs
[2026-05-12T13:57:00.865+0000] {taskinstance.py:2076} INFO - Dependencies all met for dep_context=non-requeueable deps ti=<TaskInstance: abc_phones_etl_pipeline.ingest_data scheduled__2026-05-11T00:00:00+00:00 [queued]>
[2026-05-12T13:57:00.944+0000] {taskinstance.py:2076} INFO - Dependencies all met for dep_context=requeueable deps ti=<TaskInstance: abc_phones_etl_pipeline.ingest_data scheduled__2026-05-11T00:00:00+00:00 [queued]>
[2026-05-12T13:57:01.022+0000] {taskinstance.py:2306} INFO - Starting attempt 1 of 2
[2026-05-12T13:57:01.115+0000] {taskinstance.py:2330} INFO - Executing <Task(PythonOperator): ingest_data> on 2026-05-11 00:00:00+00:00
[2026-05-12T13:57:01.178+0000] {logging_mixin.py:188} WARNING - /home/airflow/.local/lib/python3.12/site-packages/airflow/task/task_runner/standard_task_runner.py:62 DeprecationWarning: This process (pid=997) is multi-threaded, use of fork() may lead to deadlocks in the child.
[2026-05-12T13:57:01.171+0000] {standard_task_runner.py:90} INFO - Running: ['airflow', 'tasks', 'run', 'abc_phones_etl_pipeline', 'ingest_data', 'scheduled__2026-05-11T00:00:00+00:00', '--job-id', '109', '--raw', '--subdir', 'DAGS_FOLDER/abc_phones_etl_dag.py', '--cfg-path', '/tmp/tmpa2kslhgf']
[2026-05-12T13:57:01.193+0000] {standard_task_runner.py:91} INFO - Job 109: Subtask ingest_data
[2026-05-12T13:57:01.193+0000] {standard_task_runner.py:64} INFO - Started process 1004 to run task
[2026-05-12T13:57:01.333+0000] {task_command.py:426} INFO - Running <TaskInstance: abc_phones_etl_pipeline.ingest_data scheduled__2026-05-11T00:00:00+00:00 [running]> on host 87c449af332c
[2026-05-12T13:57:01.514+0000] {taskinstance.py:2648} INFO - Exporting env vars: AIRFLOW_CTX_DAG_OWNER='data_engineer' AIRFLOW_CTX_DAG_ID='abc_phones_etl_pipeline' AIRFLOW_CTX_TASK_ID='ingest_data' AIRFLOW_CTX_EXECUTION_DATE='2026-05-11T00:00:00+00:00' AIRFLOW_CTX_TRY_NUMBER='1' AIRFLOW_CTX_DAG_RUN_ID='scheduled__2026-05-11T00:00:00+00:00'
[2026-05-12T13:57:01.516+0000] {taskinstance.py:430} INFO - ::endgroup::
[2026-05-12T13:59:53.737+0000] {python.py:237} INFO - Done. Returned value was: None
[2026-05-12T13:59:53.738+0000] {taskinstance.py:441} INFO - ::group::Post task execution logs
[2026-05-12T13:59:53.761+0000] {taskinstance.py:1206} INFO - Marking task as SUCCESS. dag_id=abc_phones_etl_pipeline, task_id=ingest_data, run_id=scheduled__2026-05-11T00:00:00+00:00, execution_date=20260511T000000, start_date=20260512T135700, end_date=20260512T135953
[2026-05-12T13:59:53.814+0000] {local_task_job_runner.py:243} INFO - Task exited with return code 0
[2026-05-12T13:59:53.854+0000] {taskinstance.py:3503} INFO - 1 downstream tasks scheduled from follow-on schedule check
[2026-05-12T13:59:53.861+0000] {local_task_job_runner.py:222} INFO - ::endgroup::
[2026-05-12T14:11:38.744+0000] {local_task_job_runner.py:120} INFO - ::group::Pre task execution logs
[2026-05-12T14:11:38.792+0000] {taskinstance.py:2076} INFO - Dependencies all met for dep_context=non-requeueable deps ti=<TaskInstance: abc_phones_etl_pipeline.ingest_data scheduled__2026-05-11T00:00:00+00:00 [queued]>
[2026-05-12T14:11:38.803+0000] {taskinstance.py:2076} INFO - Dependencies all met for dep_context=requeueable deps ti=<TaskInstance: abc_phones_etl_pipeline.ingest_data scheduled__2026-05-11T00:00:00+00:00 [queued]>
[2026-05-12T14:11:38.804+0000] {taskinstance.py:2306} INFO - Starting attempt 1 of 2
[2026-05-12T14:11:39.413+0000] {taskinstance.py:2330} INFO - Executing <Task(PythonOperator): ingest_data> on 2026-05-11 00:00:00+00:00
[2026-05-12T14:11:39.426+0000] {standard_task_runner.py:90} INFO - Running: ['airflow', 'tasks', 'run', 'abc_phones_etl_pipeline', 'ingest_data', 'scheduled__2026-05-11T00:00:00+00:00', '--job-id', '114', '--raw', '--subdir', 'DAGS_FOLDER/abc_phones_etl_dag.py', '--cfg-path', '/tmp/tmp0oas593w']
[2026-05-12T14:11:39.436+0000] {logging_mixin.py:188} WARNING - /home/airflow/.local/lib/python3.12/site-packages/airflow/task/task_runner/standard_task_runner.py:62 DeprecationWarning: This process (pid=1083) is multi-threaded, use of fork() may lead to deadlocks in the child.
[2026-05-12T14:11:39.437+0000] {standard_task_runner.py:91} INFO - Job 114: Subtask ingest_data
[2026-05-12T14:11:39.438+0000] {standard_task_runner.py:64} INFO - Started process 1088 to run task
[2026-05-12T14:11:39.530+0000] {task_command.py:426} INFO - Running <TaskInstance: abc_phones_etl_pipeline.ingest_data scheduled__2026-05-11T00:00:00+00:00 [running]> on host 87c449af332c
[2026-05-12T14:11:39.666+0000] {taskinstance.py:2648} INFO - Exporting env vars: AIRFLOW_CTX_DAG_OWNER='data_engineer' AIRFLOW_CTX_DAG_ID='abc_phones_etl_pipeline' AIRFLOW_CTX_TASK_ID='ingest_data' AIRFLOW_CTX_EXECUTION_DATE='2026-05-11T00:00:00+00:00' AIRFLOW_CTX_TRY_NUMBER='1' AIRFLOW_CTX_DAG_RUN_ID='scheduled__2026-05-11T00:00:00+00:00'
[2026-05-12T14:11:39.667+0000] {taskinstance.py:430} INFO - ::endgroup::
[2026-05-12T14:12:09.869+0000] {local_task_job_runner.py:313} WARNING - State of this instance has been externally set to None. Terminating instance.
[2026-05-12T14:12:09.871+0000] {local_task_job_runner.py:222} INFO - ::endgroup::
[2026-05-12T14:12:09.874+0000] {process_utils.py:132} INFO - Sending 15 to group 1088. PIDs of all processes in the group: [1088]
[2026-05-12T14:12:09.875+0000] {process_utils.py:87} INFO - Sending the signal 15 to group 1088
[2026-05-12T14:12:09.876+0000] {taskinstance.py:2611} ERROR - Received SIGTERM. Terminating subprocesses.
[2026-05-12T14:12:09.877+0000] {taskinstance.py:441} INFO - ::group::Post task execution logs
[2026-05-12T14:12:09.901+0000] {taskinstance.py:2905} ERROR - Task failed with exception
Traceback (most recent call last):
  File "/home/airflow/.local/lib/python3.12/site-packages/airflow/models/taskinstance.py", line 465, in _execute_task
    result = _execute_callable(context=context, **execute_callable_kwargs)
             ^^^^^^^^^^^^^^^^^^^^^^^^^^^^^^^^^^^^^^^^^^^^^^^^^^^^^^^^^^^^^
  File "/home/airflow/.local/lib/python3.12/site-packages/airflow/models/taskinstance.py", line 432, in _execute_callable
    return execute_callable(context=context, **execute_callable_kwargs)
           ^^^^^^^^^^^^^^^^^^^^^^^^^^^^^^^^^^^^^^^^^^^^^^^^^^^^^^^^^^^^
  File "/home/airflow/.local/lib/python3.12/site-packages/airflow/models/baseoperator.py", line 401, in wrapper
    return func(self, *args, **kwargs)
           ^^^^^^^^^^^^^^^^^^^^^^^^^^^
  File "/home/airflow/.local/lib/python3.12/site-packages/airflow/operators/python.py", line 235, in execute
    return_value = self.execute_callable()
                   ^^^^^^^^^^^^^^^^^^^^^^^
  File "/home/airflow/.local/lib/python3.12/site-packages/airflow/operators/python.py", line 252, in execute_callable
    return self.python_callable(*self.op_args, **self.op_kwargs)
           ^^^^^^^^^^^^^^^^^^^^^^^^^^^^^^^^^^^^^^^^^^^^^^^^^^^^^
  File "/opt/airflow/scripts/ingest.py", line 23, in run_ingestion
    sales_sheets = pd.read_excel("/opt/airflow/data/bronze/SalesandCustomerData.xlsx", sheet_name=None, engine="openpyxl")
                   ^^^^^^^^^^^^^^^^^^^^^^^^^^^^^^^^^^^^^^^^^^^^^^^^^^^^^^^^^^^^^^^^^^^^^^^^^^^^^^^^^^^^^^^^^^^^^^^^^^^^^^^
  File "/home/airflow/.local/lib/python3.12/site-packages/pandas/io/excel/_base.py", line 517, in read_excel
    data = io.parse(
           ^^^^^^^^^
  File "/home/airflow/.local/lib/python3.12/site-packages/pandas/io/excel/_base.py", line 1629, in parse
    return self._reader.parse(
           ^^^^^^^^^^^^^^^^^^^
  File "/home/airflow/.local/lib/python3.12/site-packages/pandas/io/excel/_base.py", line 793, in parse
    data = self.get_sheet_data(sheet, file_rows_needed)
           ^^^^^^^^^^^^^^^^^^^^^^^^^^^^^^^^^^^^^^^^^^^^
  File "/home/airflow/.local/lib/python3.12/site-packages/pandas/io/excel/_openpyxl.py", line 616, in get_sheet_data
    for row_number, row in enumerate(sheet.rows):
  File "/home/airflow/.local/lib/python3.12/site-packages/openpyxl/worksheet/_read_only.py", line 85, in _cells_by_row
    for idx, row in parser.parse():
  File "/home/airflow/.local/lib/python3.12/site-packages/openpyxl/worksheet/_reader.py", line 167, in parse
    row = self.parse_row(element)
          ^^^^^^^^^^^^^^^^^^^^^^^
  File "/home/airflow/.local/lib/python3.12/site-packages/openpyxl/worksheet/_reader.py", line 303, in parse_row
    cells = [self.parse_cell(el) for el in row]
             ^^^^^^^^^^^^^^^^^^^
  File "/home/airflow/.local/lib/python3.12/site-packages/openpyxl/worksheet/_reader.py", line 189, in parse_cell
    def parse_cell(self, element):
    
  File "/home/airflow/.local/lib/python3.12/site-packages/airflow/models/taskinstance.py", line 2613, in signal_handler
    raise AirflowTaskTerminated("Task received SIGTERM signal")
airflow.exceptions.AirflowTaskTerminated: Task received SIGTERM signal
[2026-05-12T14:12:09.917+0000] {taskinstance.py:1206} INFO - Marking task as FAILED. dag_id=abc_phones_etl_pipeline, task_id=ingest_data, run_id=scheduled__2026-05-11T00:00:00+00:00, execution_date=20260511T000000, start_date=20260512T141138, end_date=20260512T141209
[2026-05-12T14:12:09.940+0000] {standard_task_runner.py:110} ERROR - Failed to execute job 114 for task ingest_data ((psycopg2.errors.ForeignKeyViolation) insert or update on table "task_fail" violates foreign key constraint "task_fail_ti_fkey"
DETAIL:  Key (dag_id, task_id, run_id, map_index)=(abc_phones_etl_pipeline, ingest_data, scheduled__2026-05-11T00:00:00+00:00, -1) is not present in table "task_instance".

[SQL: INSERT INTO task_fail (task_id, dag_id, run_id, map_index, start_date, end_date, duration) VALUES (%(task_id)s, %(dag_id)s, %(run_id)s, %(map_index)s, %(start_date)s, %(end_date)s, %(duration)s) RETURNING task_fail.id]
[parameters: {'task_id': 'ingest_data', 'dag_id': 'abc_phones_etl_pipeline', 'run_id': 'scheduled__2026-05-11T00:00:00+00:00', 'map_index': -1, 'start_date': datetime.datetime(2026, 5, 12, 14, 11, 38, 794287, tzinfo=Timezone('UTC')), 'end_date': datetime.datetime(2026, 5, 12, 14, 12, 9, 916906, tzinfo=Timezone('UTC')), 'duration': 31}]
(Background on this error at: https://sqlalche.me/e/14/gkpj); 1088)
[2026-05-12T14:12:10.049+0000] {process_utils.py:80} INFO - Process psutil.Process(pid=1088, status='terminated', exitcode=1, started='14:11:39') (1088) terminated with exit code 1
[2026-05-12T14:12:38.790+0000] {local_task_job_runner.py:120} INFO - ::group::Pre task execution logs
[2026-05-12T14:12:38.829+0000] {taskinstance.py:2076} INFO - Dependencies all met for dep_context=non-requeueable deps ti=<TaskInstance: abc_phones_etl_pipeline.ingest_data scheduled__2026-05-11T00:00:00+00:00 [queued]>
[2026-05-12T14:12:38.839+0000] {taskinstance.py:2076} INFO - Dependencies all met for dep_context=requeueable deps ti=<TaskInstance: abc_phones_etl_pipeline.ingest_data scheduled__2026-05-11T00:00:00+00:00 [queued]>
[2026-05-12T14:12:38.840+0000] {taskinstance.py:2306} INFO - Starting attempt 1 of 2
[2026-05-12T14:12:38.863+0000] {taskinstance.py:2330} INFO - Executing <Task(PythonOperator): ingest_data> on 2026-05-11 00:00:00+00:00
[2026-05-12T14:12:38.875+0000] {standard_task_runner.py:90} INFO - Running: ['airflow', 'tasks', 'run', 'abc_phones_etl_pipeline', 'ingest_data', 'scheduled__2026-05-11T00:00:00+00:00', '--job-id', '116', '--raw', '--subdir', 'DAGS_FOLDER/abc_phones_etl_dag.py', '--cfg-path', '/tmp/tmpzytjrznh']
[2026-05-12T14:12:38.879+0000] {standard_task_runner.py:91} INFO - Job 116: Subtask ingest_data
[2026-05-12T14:12:38.881+0000] {logging_mixin.py:188} WARNING - /home/airflow/.local/lib/python3.12/site-packages/airflow/task/task_runner/standard_task_runner.py:62 DeprecationWarning: This process (pid=1099) is multi-threaded, use of fork() may lead to deadlocks in the child.
[2026-05-12T14:12:38.882+0000] {standard_task_runner.py:64} INFO - Started process 1104 to run task
[2026-05-12T14:12:38.980+0000] {task_command.py:426} INFO - Running <TaskInstance: abc_phones_etl_pipeline.ingest_data scheduled__2026-05-11T00:00:00+00:00 [running]> on host 87c449af332c
[2026-05-12T14:12:39.118+0000] {taskinstance.py:2648} INFO - Exporting env vars: AIRFLOW_CTX_DAG_OWNER='data_engineer' AIRFLOW_CTX_DAG_ID='abc_phones_etl_pipeline' AIRFLOW_CTX_TASK_ID='ingest_data' AIRFLOW_CTX_EXECUTION_DATE='2026-05-11T00:00:00+00:00' AIRFLOW_CTX_TRY_NUMBER='1' AIRFLOW_CTX_DAG_RUN_ID='scheduled__2026-05-11T00:00:00+00:00'
[2026-05-12T14:12:39.119+0000] {taskinstance.py:430} INFO - ::endgroup::
[2026-05-12T14:15:13.177+0000] {python.py:237} INFO - Done. Returned value was: None
[2026-05-12T14:15:13.178+0000] {taskinstance.py:441} INFO - ::group::Post task execution logs
[2026-05-12T14:15:13.204+0000] {taskinstance.py:1206} INFO - Marking task as SUCCESS. dag_id=abc_phones_etl_pipeline, task_id=ingest_data, run_id=scheduled__2026-05-11T00:00:00+00:00, execution_date=20260511T000000, start_date=20260512T141238, end_date=20260512T141513
[2026-05-12T14:15:13.290+0000] {local_task_job_runner.py:243} INFO - Task exited with return code 0
[2026-05-12T14:15:13.342+0000] {taskinstance.py:3503} INFO - 1 downstream tasks scheduled from follow-on schedule check
[2026-05-12T14:15:13.346+0000] {local_task_job_runner.py:222} INFO - ::endgroup::
[2026-05-12T14:44:47.371+0000] {local_task_job_runner.py:120} INFO - ::group::Pre task execution logs
[2026-05-12T14:44:47.435+0000] {taskinstance.py:2076} INFO - Dependencies all met for dep_context=non-requeueable deps ti=<TaskInstance: abc_phones_etl_pipeline.ingest_data scheduled__2026-05-11T00:00:00+00:00 [queued]>
[2026-05-12T14:44:47.453+0000] {taskinstance.py:2076} INFO - Dependencies all met for dep_context=requeueable deps ti=<TaskInstance: abc_phones_etl_pipeline.ingest_data scheduled__2026-05-11T00:00:00+00:00 [queued]>
[2026-05-12T14:44:47.454+0000] {taskinstance.py:2306} INFO - Starting attempt 1 of 2
[2026-05-12T14:44:47.487+0000] {taskinstance.py:2330} INFO - Executing <Task(PythonOperator): ingest_data> on 2026-05-11 00:00:00+00:00
[2026-05-12T14:44:47.516+0000] {standard_task_runner.py:90} INFO - Running: ['airflow', 'tasks', 'run', 'abc_phones_etl_pipeline', 'ingest_data', 'scheduled__2026-05-11T00:00:00+00:00', '--job-id', '122', '--raw', '--subdir', 'DAGS_FOLDER/abc_phones_etl_dag.py', '--cfg-path', '/tmp/tmpw9dil7e_']
[2026-05-12T14:44:47.524+0000] {standard_task_runner.py:91} INFO - Job 122: Subtask ingest_data
[2026-05-12T14:44:47.530+0000] {logging_mixin.py:188} WARNING - /home/airflow/.local/lib/python3.12/site-packages/airflow/task/task_runner/standard_task_runner.py:62 DeprecationWarning: This process (pid=1259) is multi-threaded, use of fork() may lead to deadlocks in the child.
[2026-05-12T14:44:47.536+0000] {standard_task_runner.py:64} INFO - Started process 1264 to run task
[2026-05-12T14:44:47.667+0000] {task_command.py:426} INFO - Running <TaskInstance: abc_phones_etl_pipeline.ingest_data scheduled__2026-05-11T00:00:00+00:00 [running]> on host 87c449af332c
[2026-05-12T14:44:47.828+0000] {taskinstance.py:2648} INFO - Exporting env vars: AIRFLOW_CTX_DAG_OWNER='data_engineer' AIRFLOW_CTX_DAG_ID='abc_phones_etl_pipeline' AIRFLOW_CTX_TASK_ID='ingest_data' AIRFLOW_CTX_EXECUTION_DATE='2026-05-11T00:00:00+00:00' AIRFLOW_CTX_TRY_NUMBER='1' AIRFLOW_CTX_DAG_RUN_ID='scheduled__2026-05-11T00:00:00+00:00'
[2026-05-12T14:44:47.834+0000] {taskinstance.py:430} INFO - ::endgroup::
[2026-05-12T14:45:13.014+0000] {local_task_job_runner.py:313} WARNING - State of this instance has been externally set to None. Terminating instance.
[2026-05-12T14:45:13.033+0000] {local_task_job_runner.py:222} INFO - ::endgroup::
[2026-05-12T14:45:13.040+0000] {process_utils.py:132} INFO - Sending 15 to group 1264. PIDs of all processes in the group: [1264]
[2026-05-12T14:45:13.041+0000] {process_utils.py:87} INFO - Sending the signal 15 to group 1264
[2026-05-12T14:45:13.042+0000] {taskinstance.py:2611} ERROR - Received SIGTERM. Terminating subprocesses.
[2026-05-12T14:45:13.045+0000] {taskinstance.py:441} INFO - ::group::Post task execution logs
[2026-05-12T14:45:13.084+0000] {taskinstance.py:2905} ERROR - Task failed with exception
Traceback (most recent call last):
  File "/home/airflow/.local/lib/python3.12/site-packages/airflow/models/taskinstance.py", line 465, in _execute_task
    result = _execute_callable(context=context, **execute_callable_kwargs)
             ^^^^^^^^^^^^^^^^^^^^^^^^^^^^^^^^^^^^^^^^^^^^^^^^^^^^^^^^^^^^^
  File "/home/airflow/.local/lib/python3.12/site-packages/airflow/models/taskinstance.py", line 432, in _execute_callable
    return execute_callable(context=context, **execute_callable_kwargs)
           ^^^^^^^^^^^^^^^^^^^^^^^^^^^^^^^^^^^^^^^^^^^^^^^^^^^^^^^^^^^^
  File "/home/airflow/.local/lib/python3.12/site-packages/airflow/models/baseoperator.py", line 401, in wrapper
    return func(self, *args, **kwargs)
           ^^^^^^^^^^^^^^^^^^^^^^^^^^^
  File "/home/airflow/.local/lib/python3.12/site-packages/airflow/operators/python.py", line 235, in execute
    return_value = self.execute_callable()
                   ^^^^^^^^^^^^^^^^^^^^^^^
  File "/home/airflow/.local/lib/python3.12/site-packages/airflow/operators/python.py", line 252, in execute_callable
    return self.python_callable(*self.op_args, **self.op_kwargs)
           ^^^^^^^^^^^^^^^^^^^^^^^^^^^^^^^^^^^^^^^^^^^^^^^^^^^^^
  File "/opt/airflow/scripts/ingest.py", line 23, in run_ingestion
    sales_sheets = pd.read_excel("/opt/airflow/data/bronze/SalesandCustomerData.xlsx", sheet_name=None, engine="openpyxl")
                   ^^^^^^^^^^^^^^^^^^^^^^^^^^^^^^^^^^^^^^^^^^^^^^^^^^^^^^^^^^^^^^^^^^^^^^^^^^^^^^^^^^^^^^^^^^^^^^^^^^^^^^^
  File "/home/airflow/.local/lib/python3.12/site-packages/pandas/io/excel/_base.py", line 517, in read_excel
    data = io.parse(
           ^^^^^^^^^
  File "/home/airflow/.local/lib/python3.12/site-packages/pandas/io/excel/_base.py", line 1629, in parse
    return self._reader.parse(
           ^^^^^^^^^^^^^^^^^^^
  File "/home/airflow/.local/lib/python3.12/site-packages/pandas/io/excel/_base.py", line 793, in parse
    data = self.get_sheet_data(sheet, file_rows_needed)
           ^^^^^^^^^^^^^^^^^^^^^^^^^^^^^^^^^^^^^^^^^^^^
  File "/home/airflow/.local/lib/python3.12/site-packages/pandas/io/excel/_openpyxl.py", line 616, in get_sheet_data
    for row_number, row in enumerate(sheet.rows):
  File "/home/airflow/.local/lib/python3.12/site-packages/openpyxl/worksheet/_read_only.py", line 85, in _cells_by_row
    for idx, row in parser.parse():
  File "/home/airflow/.local/lib/python3.12/site-packages/openpyxl/worksheet/_reader.py", line 168, in parse
    element.clear()
  File "/home/airflow/.local/lib/python3.12/site-packages/airflow/models/taskinstance.py", line 2613, in signal_handler
    raise AirflowTaskTerminated("Task received SIGTERM signal")
airflow.exceptions.AirflowTaskTerminated: Task received SIGTERM signal
[2026-05-12T14:45:13.126+0000] {taskinstance.py:1206} INFO - Marking task as FAILED. dag_id=abc_phones_etl_pipeline, task_id=ingest_data, run_id=scheduled__2026-05-11T00:00:00+00:00, execution_date=20260511T000000, start_date=20260512T144447, end_date=20260512T144513
[2026-05-12T14:45:13.165+0000] {standard_task_runner.py:110} ERROR - Failed to execute job 122 for task ingest_data ((psycopg2.errors.ForeignKeyViolation) insert or update on table "task_fail" violates foreign key constraint "task_fail_ti_fkey"
DETAIL:  Key (dag_id, task_id, run_id, map_index)=(abc_phones_etl_pipeline, ingest_data, scheduled__2026-05-11T00:00:00+00:00, -1) is not present in table "task_instance".

[SQL: INSERT INTO task_fail (task_id, dag_id, run_id, map_index, start_date, end_date, duration) VALUES (%(task_id)s, %(dag_id)s, %(run_id)s, %(map_index)s, %(start_date)s, %(end_date)s, %(duration)s) RETURNING task_fail.id]
[parameters: {'task_id': 'ingest_data', 'dag_id': 'abc_phones_etl_pipeline', 'run_id': 'scheduled__2026-05-11T00:00:00+00:00', 'map_index': -1, 'start_date': datetime.datetime(2026, 5, 12, 14, 44, 47, 436503, tzinfo=Timezone('UTC')), 'end_date': datetime.datetime(2026, 5, 12, 14, 45, 13, 125823, tzinfo=Timezone('UTC')), 'duration': 25}]
(Background on this error at: https://sqlalche.me/e/14/gkpj); 1264)
[2026-05-12T14:45:13.267+0000] {process_utils.py:80} INFO - Process psutil.Process(pid=1264, status='terminated', exitcode=1, started='14:44:46') (1264) terminated with exit code 1
[2026-05-12T14:45:22.035+0000] {local_task_job_runner.py:120} INFO - ::group::Pre task execution logs
[2026-05-12T14:45:22.134+0000] {taskinstance.py:2076} INFO - Dependencies all met for dep_context=non-requeueable deps ti=<TaskInstance: abc_phones_etl_pipeline.ingest_data scheduled__2026-05-11T00:00:00+00:00 [queued]>
[2026-05-12T14:45:22.162+0000] {taskinstance.py:2076} INFO - Dependencies all met for dep_context=requeueable deps ti=<TaskInstance: abc_phones_etl_pipeline.ingest_data scheduled__2026-05-11T00:00:00+00:00 [queued]>
[2026-05-12T14:45:22.163+0000] {taskinstance.py:2306} INFO - Starting attempt 1 of 2
[2026-05-12T14:45:22.203+0000] {taskinstance.py:2330} INFO - Executing <Task(PythonOperator): ingest_data> on 2026-05-11 00:00:00+00:00
[2026-05-12T14:45:22.223+0000] {standard_task_runner.py:90} INFO - Running: ['airflow', 'tasks', 'run', 'abc_phones_etl_pipeline', 'ingest_data', 'scheduled__2026-05-11T00:00:00+00:00', '--job-id', '123', '--raw', '--subdir', 'DAGS_FOLDER/abc_phones_etl_dag.py', '--cfg-path', '/tmp/tmp4u02y_ya']
[2026-05-12T14:45:22.235+0000] {standard_task_runner.py:91} INFO - Job 123: Subtask ingest_data
[2026-05-12T14:45:22.239+0000] {logging_mixin.py:188} WARNING - /home/airflow/.local/lib/python3.12/site-packages/airflow/task/task_runner/standard_task_runner.py:62 DeprecationWarning: This process (pid=1267) is multi-threaded, use of fork() may lead to deadlocks in the child.
[2026-05-12T14:45:22.243+0000] {standard_task_runner.py:64} INFO - Started process 1272 to run task
[2026-05-12T14:45:22.496+0000] {task_command.py:426} INFO - Running <TaskInstance: abc_phones_etl_pipeline.ingest_data scheduled__2026-05-11T00:00:00+00:00 [running]> on host 87c449af332c
[2026-05-12T14:45:22.986+0000] {taskinstance.py:2648} INFO - Exporting env vars: AIRFLOW_CTX_DAG_OWNER='data_engineer' AIRFLOW_CTX_DAG_ID='abc_phones_etl_pipeline' AIRFLOW_CTX_TASK_ID='ingest_data' AIRFLOW_CTX_EXECUTION_DATE='2026-05-11T00:00:00+00:00' AIRFLOW_CTX_TRY_NUMBER='1' AIRFLOW_CTX_DAG_RUN_ID='scheduled__2026-05-11T00:00:00+00:00'
[2026-05-12T14:45:22.989+0000] {taskinstance.py:430} INFO - ::endgroup::
[2026-05-12T14:45:37.617+0000] {local_task_job_runner.py:313} WARNING - State of this instance has been externally set to None. Terminating instance.
[2026-05-12T14:45:37.619+0000] {local_task_job_runner.py:222} INFO - ::endgroup::
[2026-05-12T14:45:37.621+0000] {process_utils.py:132} INFO - Sending 15 to group 1272. PIDs of all processes in the group: [1272]
[2026-05-12T14:45:37.622+0000] {process_utils.py:87} INFO - Sending the signal 15 to group 1272
[2026-05-12T14:45:37.623+0000] {taskinstance.py:2611} ERROR - Received SIGTERM. Terminating subprocesses.
[2026-05-12T14:45:37.625+0000] {taskinstance.py:441} INFO - ::group::Post task execution logs
[2026-05-12T14:45:37.646+0000] {taskinstance.py:2905} ERROR - Task failed with exception
Traceback (most recent call last):
  File "/home/airflow/.local/lib/python3.12/site-packages/airflow/models/taskinstance.py", line 465, in _execute_task
    result = _execute_callable(context=context, **execute_callable_kwargs)
             ^^^^^^^^^^^^^^^^^^^^^^^^^^^^^^^^^^^^^^^^^^^^^^^^^^^^^^^^^^^^^
  File "/home/airflow/.local/lib/python3.12/site-packages/airflow/models/taskinstance.py", line 432, in _execute_callable
    return execute_callable(context=context, **execute_callable_kwargs)
           ^^^^^^^^^^^^^^^^^^^^^^^^^^^^^^^^^^^^^^^^^^^^^^^^^^^^^^^^^^^^
  File "/home/airflow/.local/lib/python3.12/site-packages/airflow/models/baseoperator.py", line 401, in wrapper
    return func(self, *args, **kwargs)
           ^^^^^^^^^^^^^^^^^^^^^^^^^^^
  File "/home/airflow/.local/lib/python3.12/site-packages/airflow/operators/python.py", line 235, in execute
    return_value = self.execute_callable()
                   ^^^^^^^^^^^^^^^^^^^^^^^
  File "/home/airflow/.local/lib/python3.12/site-packages/airflow/operators/python.py", line 252, in execute_callable
    return self.python_callable(*self.op_args, **self.op_kwargs)
           ^^^^^^^^^^^^^^^^^^^^^^^^^^^^^^^^^^^^^^^^^^^^^^^^^^^^^
  File "/opt/airflow/scripts/ingest.py", line 23, in run_ingestion
    sales_sheets = pd.read_excel("/opt/airflow/data/bronze/SalesandCustomerData.xlsx", sheet_name=None, engine="openpyxl")
                   ^^^^^^^^^^^^^^^^^^^^^^^^^^^^^^^^^^^^^^^^^^^^^^^^^^^^^^^^^^^^^^^^^^^^^^^^^^^^^^^^^^^^^^^^^^^^^^^^^^^^^^^
  File "/home/airflow/.local/lib/python3.12/site-packages/pandas/io/excel/_base.py", line 517, in read_excel
    data = io.parse(
           ^^^^^^^^^
  File "/home/airflow/.local/lib/python3.12/site-packages/pandas/io/excel/_base.py", line 1629, in parse
    return self._reader.parse(
           ^^^^^^^^^^^^^^^^^^^
  File "/home/airflow/.local/lib/python3.12/site-packages/pandas/io/excel/_base.py", line 793, in parse
    data = self.get_sheet_data(sheet, file_rows_needed)
           ^^^^^^^^^^^^^^^^^^^^^^^^^^^^^^^^^^^^^^^^^^^^
  File "/home/airflow/.local/lib/python3.12/site-packages/pandas/io/excel/_openpyxl.py", line 616, in get_sheet_data
    for row_number, row in enumerate(sheet.rows):
  File "/home/airflow/.local/lib/python3.12/site-packages/openpyxl/worksheet/_read_only.py", line 85, in _cells_by_row
    for idx, row in parser.parse():
  File "/home/airflow/.local/lib/python3.12/site-packages/openpyxl/worksheet/_reader.py", line 156, in parse
    for _, element in it:
  File "/usr/local/lib/python3.12/xml/etree/ElementTree.py", line 1236, in iterator
    yield from pullparser.read_events()
  File "/usr/local/lib/python3.12/xml/etree/ElementTree.py", line 1314, in read_events
    yield event
  File "/home/airflow/.local/lib/python3.12/site-packages/airflow/models/taskinstance.py", line 2613, in signal_handler
    raise AirflowTaskTerminated("Task received SIGTERM signal")
airflow.exceptions.AirflowTaskTerminated: Task received SIGTERM signal
[2026-05-12T14:45:37.664+0000] {taskinstance.py:1206} INFO - Marking task as FAILED. dag_id=abc_phones_etl_pipeline, task_id=ingest_data, run_id=scheduled__2026-05-11T00:00:00+00:00, execution_date=20260511T000000, start_date=20260512T144522, end_date=20260512T144537
[2026-05-12T14:45:37.690+0000] {standard_task_runner.py:110} ERROR - Failed to execute job 123 for task ingest_data ((psycopg2.errors.ForeignKeyViolation) insert or update on table "task_fail" violates foreign key constraint "task_fail_ti_fkey"
DETAIL:  Key (dag_id, task_id, run_id, map_index)=(abc_phones_etl_pipeline, ingest_data, scheduled__2026-05-11T00:00:00+00:00, -1) is not present in table "task_instance".

[SQL: INSERT INTO task_fail (task_id, dag_id, run_id, map_index, start_date, end_date, duration) VALUES (%(task_id)s, %(dag_id)s, %(run_id)s, %(map_index)s, %(start_date)s, %(end_date)s, %(duration)s) RETURNING task_fail.id]
[parameters: {'task_id': 'ingest_data', 'dag_id': 'abc_phones_etl_pipeline', 'run_id': 'scheduled__2026-05-11T00:00:00+00:00', 'map_index': -1, 'start_date': datetime.datetime(2026, 5, 12, 14, 45, 22, 135888, tzinfo=Timezone('UTC')), 'end_date': datetime.datetime(2026, 5, 12, 14, 45, 37, 663761, tzinfo=Timezone('UTC')), 'duration': 15}]
(Background on this error at: https://sqlalche.me/e/14/gkpj); 1272)
[2026-05-12T14:45:37.756+0000] {process_utils.py:80} INFO - Process psutil.Process(pid=1272, status='terminated', exitcode=1, started='14:45:21') (1272) terminated with exit code 1
[2026-05-12T14:48:44.749+0000] {local_task_job_runner.py:120} INFO - ::group::Pre task execution logs
[2026-05-12T14:48:44.941+0000] {taskinstance.py:2076} INFO - Dependencies all met for dep_context=non-requeueable deps ti=<TaskInstance: abc_phones_etl_pipeline.ingest_data scheduled__2026-05-11T00:00:00+00:00 [queued]>
[2026-05-12T14:48:44.989+0000] {taskinstance.py:2076} INFO - Dependencies all met for dep_context=requeueable deps ti=<TaskInstance: abc_phones_etl_pipeline.ingest_data scheduled__2026-05-11T00:00:00+00:00 [queued]>
[2026-05-12T14:48:44.997+0000] {taskinstance.py:2306} INFO - Starting attempt 1 of 2
[2026-05-12T14:48:45.085+0000] {taskinstance.py:2330} INFO - Executing <Task(PythonOperator): ingest_data> on 2026-05-11 00:00:00+00:00
[2026-05-12T14:48:45.117+0000] {standard_task_runner.py:90} INFO - Running: ['airflow', 'tasks', 'run', 'abc_phones_etl_pipeline', 'ingest_data', 'scheduled__2026-05-11T00:00:00+00:00', '--job-id', '125', '--raw', '--subdir', 'DAGS_FOLDER/abc_phones_etl_dag.py', '--cfg-path', '/tmp/tmp9cayxjfz']
[2026-05-12T14:48:45.140+0000] {standard_task_runner.py:91} INFO - Job 125: Subtask ingest_data
[2026-05-12T14:48:45.145+0000] {logging_mixin.py:188} WARNING - /home/airflow/.local/lib/python3.12/site-packages/airflow/task/task_runner/standard_task_runner.py:62 DeprecationWarning: This process (pid=1291) is multi-threaded, use of fork() may lead to deadlocks in the child.
[2026-05-12T14:48:45.164+0000] {standard_task_runner.py:64} INFO - Started process 1296 to run task
[2026-05-12T14:48:45.388+0000] {task_command.py:426} INFO - Running <TaskInstance: abc_phones_etl_pipeline.ingest_data scheduled__2026-05-11T00:00:00+00:00 [running]> on host 87c449af332c
[2026-05-12T14:48:45.684+0000] {taskinstance.py:2648} INFO - Exporting env vars: AIRFLOW_CTX_DAG_OWNER='data_engineer' AIRFLOW_CTX_DAG_ID='abc_phones_etl_pipeline' AIRFLOW_CTX_TASK_ID='ingest_data' AIRFLOW_CTX_EXECUTION_DATE='2026-05-11T00:00:00+00:00' AIRFLOW_CTX_TRY_NUMBER='1' AIRFLOW_CTX_DAG_RUN_ID='scheduled__2026-05-11T00:00:00+00:00'
[2026-05-12T14:48:45.690+0000] {taskinstance.py:430} INFO - ::endgroup::
[2026-05-12T14:51:02.887+0000] {local_task_job_runner.py:313} WARNING - State of this instance has been externally set to None. Terminating instance.
[2026-05-12T14:51:02.892+0000] {local_task_job_runner.py:222} INFO - ::endgroup::
[2026-05-12T14:51:02.894+0000] {process_utils.py:132} INFO - Sending 15 to group 1296. PIDs of all processes in the group: [1296]
[2026-05-12T14:51:02.895+0000] {process_utils.py:87} INFO - Sending the signal 15 to group 1296
[2026-05-12T14:51:02.897+0000] {taskinstance.py:2611} ERROR - Received SIGTERM. Terminating subprocesses.
[2026-05-12T14:51:02.898+0000] {taskinstance.py:441} INFO - ::group::Post task execution logs
[2026-05-12T14:51:02.920+0000] {taskinstance.py:2905} ERROR - Task failed with exception
Traceback (most recent call last):
  File "/home/airflow/.local/lib/python3.12/site-packages/airflow/models/taskinstance.py", line 465, in _execute_task
    result = _execute_callable(context=context, **execute_callable_kwargs)
             ^^^^^^^^^^^^^^^^^^^^^^^^^^^^^^^^^^^^^^^^^^^^^^^^^^^^^^^^^^^^^
  File "/home/airflow/.local/lib/python3.12/site-packages/airflow/models/taskinstance.py", line 432, in _execute_callable
    return execute_callable(context=context, **execute_callable_kwargs)
           ^^^^^^^^^^^^^^^^^^^^^^^^^^^^^^^^^^^^^^^^^^^^^^^^^^^^^^^^^^^^
  File "/home/airflow/.local/lib/python3.12/site-packages/airflow/models/baseoperator.py", line 401, in wrapper
    return func(self, *args, **kwargs)
           ^^^^^^^^^^^^^^^^^^^^^^^^^^^
  File "/home/airflow/.local/lib/python3.12/site-packages/airflow/operators/python.py", line 235, in execute
    return_value = self.execute_callable()
                   ^^^^^^^^^^^^^^^^^^^^^^^
  File "/home/airflow/.local/lib/python3.12/site-packages/airflow/operators/python.py", line 252, in execute_callable
    return self.python_callable(*self.op_args, **self.op_kwargs)
           ^^^^^^^^^^^^^^^^^^^^^^^^^^^^^^^^^^^^^^^^^^^^^^^^^^^^^
  File "/opt/airflow/scripts/ingest.py", line 23, in run_ingestion
    sales_sheets = pd.read_excel("/opt/airflow/data/bronze/SalesandCustomerData.xlsx", sheet_name=None, engine="openpyxl")
                   ^^^^^^^^^^^^^^^^^^^^^^^^^^^^^^^^^^^^^^^^^^^^^^^^^^^^^^^^^^^^^^^^^^^^^^^^^^^^^^^^^^^^^^^^^^^^^^^^^^^^^^^
  File "/home/airflow/.local/lib/python3.12/site-packages/pandas/io/excel/_base.py", line 517, in read_excel
    data = io.parse(
           ^^^^^^^^^
  File "/home/airflow/.local/lib/python3.12/site-packages/pandas/io/excel/_base.py", line 1629, in parse
    return self._reader.parse(
           ^^^^^^^^^^^^^^^^^^^
  File "/home/airflow/.local/lib/python3.12/site-packages/pandas/io/excel/_base.py", line 793, in parse
    data = self.get_sheet_data(sheet, file_rows_needed)
           ^^^^^^^^^^^^^^^^^^^^^^^^^^^^^^^^^^^^^^^^^^^^
  File "/home/airflow/.local/lib/python3.12/site-packages/pandas/io/excel/_openpyxl.py", line 616, in get_sheet_data
    for row_number, row in enumerate(sheet.rows):
  File "/home/airflow/.local/lib/python3.12/site-packages/openpyxl/worksheet/_read_only.py", line 85, in _cells_by_row
    for idx, row in parser.parse():
  File "/home/airflow/.local/lib/python3.12/site-packages/openpyxl/worksheet/_reader.py", line 156, in parse
    for _, element in it:
  File "/usr/local/lib/python3.12/xml/etree/ElementTree.py", line 1241, in iterator
    pullparser.feed(data)
  File "/usr/local/lib/python3.12/xml/etree/ElementTree.py", line 1284, in feed
    self._parser.feed(data)
  File "/home/airflow/.local/lib/python3.12/site-packages/airflow/models/taskinstance.py", line 2613, in signal_handler
    raise AirflowTaskTerminated("Task received SIGTERM signal")
airflow.exceptions.AirflowTaskTerminated: Task received SIGTERM signal
[2026-05-12T14:51:02.931+0000] {taskinstance.py:1206} INFO - Marking task as FAILED. dag_id=abc_phones_etl_pipeline, task_id=ingest_data, run_id=scheduled__2026-05-11T00:00:00+00:00, execution_date=20260511T000000, start_date=20260512T144844, end_date=20260512T145102
[2026-05-12T14:51:02.953+0000] {standard_task_runner.py:110} ERROR - Failed to execute job 125 for task ingest_data ((psycopg2.errors.ForeignKeyViolation) insert or update on table "task_fail" violates foreign key constraint "task_fail_ti_fkey"
DETAIL:  Key (dag_id, task_id, run_id, map_index)=(abc_phones_etl_pipeline, ingest_data, scheduled__2026-05-11T00:00:00+00:00, -1) is not present in table "task_instance".

[SQL: INSERT INTO task_fail (task_id, dag_id, run_id, map_index, start_date, end_date, duration) VALUES (%(task_id)s, %(dag_id)s, %(run_id)s, %(map_index)s, %(start_date)s, %(end_date)s, %(duration)s) RETURNING task_fail.id]
[parameters: {'task_id': 'ingest_data', 'dag_id': 'abc_phones_etl_pipeline', 'run_id': 'scheduled__2026-05-11T00:00:00+00:00', 'map_index': -1, 'start_date': datetime.datetime(2026, 5, 12, 14, 48, 44, 963719, tzinfo=Timezone('UTC')), 'end_date': datetime.datetime(2026, 5, 12, 14, 51, 2, 931051, tzinfo=Timezone('UTC')), 'duration': 137}]
(Background on this error at: https://sqlalche.me/e/14/gkpj); 1296)
[2026-05-12T14:51:03.068+0000] {process_utils.py:80} INFO - Process psutil.Process(pid=1296, status='terminated', exitcode=1, started='14:48:44') (1296) terminated with exit code 1
[2026-05-12T14:51:26.821+0000] {local_task_job_runner.py:120} INFO - ::group::Pre task execution logs
[2026-05-12T14:51:26.862+0000] {taskinstance.py:2076} INFO - Dependencies all met for dep_context=non-requeueable deps ti=<TaskInstance: abc_phones_etl_pipeline.ingest_data scheduled__2026-05-11T00:00:00+00:00 [queued]>
[2026-05-12T14:51:26.873+0000] {taskinstance.py:2076} INFO - Dependencies all met for dep_context=requeueable deps ti=<TaskInstance: abc_phones_etl_pipeline.ingest_data scheduled__2026-05-11T00:00:00+00:00 [queued]>
[2026-05-12T14:51:26.873+0000] {taskinstance.py:2306} INFO - Starting attempt 1 of 2
[2026-05-12T14:51:26.891+0000] {taskinstance.py:2330} INFO - Executing <Task(PythonOperator): ingest_data> on 2026-05-11 00:00:00+00:00
[2026-05-12T14:51:26.901+0000] {standard_task_runner.py:90} INFO - Running: ['airflow', 'tasks', 'run', 'abc_phones_etl_pipeline', 'ingest_data', 'scheduled__2026-05-11T00:00:00+00:00', '--job-id', '127', '--raw', '--subdir', 'DAGS_FOLDER/abc_phones_etl_dag.py', '--cfg-path', '/tmp/tmp44_um2h_']
[2026-05-12T14:51:26.904+0000] {standard_task_runner.py:91} INFO - Job 127: Subtask ingest_data
[2026-05-12T14:51:26.904+0000] {logging_mixin.py:188} WARNING - /home/airflow/.local/lib/python3.12/site-packages/airflow/task/task_runner/standard_task_runner.py:62 DeprecationWarning: This process (pid=1318) is multi-threaded, use of fork() may lead to deadlocks in the child.
[2026-05-12T14:51:26.905+0000] {standard_task_runner.py:64} INFO - Started process 1323 to run task
[2026-05-12T14:51:26.981+0000] {task_command.py:426} INFO - Running <TaskInstance: abc_phones_etl_pipeline.ingest_data scheduled__2026-05-11T00:00:00+00:00 [running]> on host 87c449af332c
[2026-05-12T14:51:27.096+0000] {taskinstance.py:2648} INFO - Exporting env vars: AIRFLOW_CTX_DAG_OWNER='data_engineer' AIRFLOW_CTX_DAG_ID='abc_phones_etl_pipeline' AIRFLOW_CTX_TASK_ID='ingest_data' AIRFLOW_CTX_EXECUTION_DATE='2026-05-11T00:00:00+00:00' AIRFLOW_CTX_TRY_NUMBER='1' AIRFLOW_CTX_DAG_RUN_ID='scheduled__2026-05-11T00:00:00+00:00'
[2026-05-12T14:51:27.098+0000] {taskinstance.py:430} INFO - ::endgroup::
[2026-05-12T14:54:01.185+0000] {python.py:237} INFO - Done. Returned value was: None
[2026-05-12T14:54:01.186+0000] {taskinstance.py:441} INFO - ::group::Post task execution logs
[2026-05-12T14:54:01.206+0000] {taskinstance.py:1206} INFO - Marking task as SUCCESS. dag_id=abc_phones_etl_pipeline, task_id=ingest_data, run_id=scheduled__2026-05-11T00:00:00+00:00, execution_date=20260511T000000, start_date=20260512T145126, end_date=20260512T145401
[2026-05-12T14:54:01.278+0000] {local_task_job_runner.py:243} INFO - Task exited with return code 0
[2026-05-12T14:54:01.319+0000] {taskinstance.py:3503} INFO - 1 downstream tasks scheduled from follow-on schedule check
[2026-05-12T14:54:01.323+0000] {local_task_job_runner.py:222} INFO - ::endgroup::
[2026-05-12T15:00:14.308+0000] {local_task_job_runner.py:120} INFO - ::group::Pre task execution logs
[2026-05-12T15:00:14.378+0000] {taskinstance.py:2076} INFO - Dependencies all met for dep_context=non-requeueable deps ti=<TaskInstance: abc_phones_etl_pipeline.ingest_data scheduled__2026-05-11T00:00:00+00:00 [queued]>
[2026-05-12T15:00:14.391+0000] {taskinstance.py:2076} INFO - Dependencies all met for dep_context=requeueable deps ti=<TaskInstance: abc_phones_etl_pipeline.ingest_data scheduled__2026-05-11T00:00:00+00:00 [queued]>
[2026-05-12T15:00:14.392+0000] {taskinstance.py:2306} INFO - Starting attempt 1 of 2
[2026-05-12T15:00:14.418+0000] {taskinstance.py:2330} INFO - Executing <Task(PythonOperator): ingest_data> on 2026-05-11 00:00:00+00:00
[2026-05-12T15:00:14.435+0000] {standard_task_runner.py:90} INFO - Running: ['airflow', 'tasks', 'run', 'abc_phones_etl_pipeline', 'ingest_data', 'scheduled__2026-05-11T00:00:00+00:00', '--job-id', '131', '--raw', '--subdir', 'DAGS_FOLDER/abc_phones_etl_dag.py', '--cfg-path', '/tmp/tmpdec4ec08']
[2026-05-12T15:00:14.441+0000] {standard_task_runner.py:91} INFO - Job 131: Subtask ingest_data
[2026-05-12T15:00:14.443+0000] {logging_mixin.py:188} WARNING - /home/airflow/.local/lib/python3.12/site-packages/airflow/task/task_runner/standard_task_runner.py:62 DeprecationWarning: This process (pid=1385) is multi-threaded, use of fork() may lead to deadlocks in the child.
[2026-05-12T15:00:14.445+0000] {standard_task_runner.py:64} INFO - Started process 1390 to run task
[2026-05-12T15:00:14.541+0000] {task_command.py:426} INFO - Running <TaskInstance: abc_phones_etl_pipeline.ingest_data scheduled__2026-05-11T00:00:00+00:00 [running]> on host 87c449af332c
[2026-05-12T15:00:14.697+0000] {taskinstance.py:2648} INFO - Exporting env vars: AIRFLOW_CTX_DAG_OWNER='data_engineer' AIRFLOW_CTX_DAG_ID='abc_phones_etl_pipeline' AIRFLOW_CTX_TASK_ID='ingest_data' AIRFLOW_CTX_EXECUTION_DATE='2026-05-11T00:00:00+00:00' AIRFLOW_CTX_TRY_NUMBER='1' AIRFLOW_CTX_DAG_RUN_ID='scheduled__2026-05-11T00:00:00+00:00'
[2026-05-12T15:00:14.701+0000] {taskinstance.py:430} INFO - ::endgroup::
[2026-05-12T15:00:46.489+0000] {local_task_job_runner.py:313} WARNING - State of this instance has been externally set to None. Terminating instance.
[2026-05-12T15:00:46.492+0000] {local_task_job_runner.py:222} INFO - ::endgroup::
[2026-05-12T15:00:46.494+0000] {process_utils.py:132} INFO - Sending 15 to group 1390. PIDs of all processes in the group: [1390]
[2026-05-12T15:00:46.495+0000] {process_utils.py:87} INFO - Sending the signal 15 to group 1390
[2026-05-12T15:00:46.495+0000] {taskinstance.py:2611} ERROR - Received SIGTERM. Terminating subprocesses.
[2026-05-12T15:00:46.497+0000] {taskinstance.py:441} INFO - ::group::Post task execution logs
[2026-05-12T15:00:46.513+0000] {taskinstance.py:2905} ERROR - Task failed with exception
Traceback (most recent call last):
  File "/home/airflow/.local/lib/python3.12/site-packages/airflow/models/taskinstance.py", line 465, in _execute_task
    result = _execute_callable(context=context, **execute_callable_kwargs)
             ^^^^^^^^^^^^^^^^^^^^^^^^^^^^^^^^^^^^^^^^^^^^^^^^^^^^^^^^^^^^^
  File "/home/airflow/.local/lib/python3.12/site-packages/airflow/models/taskinstance.py", line 432, in _execute_callable
    return execute_callable(context=context, **execute_callable_kwargs)
           ^^^^^^^^^^^^^^^^^^^^^^^^^^^^^^^^^^^^^^^^^^^^^^^^^^^^^^^^^^^^
  File "/home/airflow/.local/lib/python3.12/site-packages/airflow/models/baseoperator.py", line 401, in wrapper
    return func(self, *args, **kwargs)
           ^^^^^^^^^^^^^^^^^^^^^^^^^^^
  File "/home/airflow/.local/lib/python3.12/site-packages/airflow/operators/python.py", line 235, in execute
    return_value = self.execute_callable()
                   ^^^^^^^^^^^^^^^^^^^^^^^
  File "/home/airflow/.local/lib/python3.12/site-packages/airflow/operators/python.py", line 252, in execute_callable
    return self.python_callable(*self.op_args, **self.op_kwargs)
           ^^^^^^^^^^^^^^^^^^^^^^^^^^^^^^^^^^^^^^^^^^^^^^^^^^^^^
  File "/opt/airflow/scripts/ingest.py", line 23, in run_ingestion
    sales_sheets = pd.read_excel("/opt/airflow/data/bronze/SalesandCustomerData.xlsx", sheet_name=None, engine="openpyxl")
                   ^^^^^^^^^^^^^^^^^^^^^^^^^^^^^^^^^^^^^^^^^^^^^^^^^^^^^^^^^^^^^^^^^^^^^^^^^^^^^^^^^^^^^^^^^^^^^^^^^^^^^^^
  File "/home/airflow/.local/lib/python3.12/site-packages/pandas/io/excel/_base.py", line 517, in read_excel
    data = io.parse(
           ^^^^^^^^^
  File "/home/airflow/.local/lib/python3.12/site-packages/pandas/io/excel/_base.py", line 1629, in parse
    return self._reader.parse(
           ^^^^^^^^^^^^^^^^^^^
  File "/home/airflow/.local/lib/python3.12/site-packages/pandas/io/excel/_base.py", line 793, in parse
    data = self.get_sheet_data(sheet, file_rows_needed)
           ^^^^^^^^^^^^^^^^^^^^^^^^^^^^^^^^^^^^^^^^^^^^
  File "/home/airflow/.local/lib/python3.12/site-packages/pandas/io/excel/_openpyxl.py", line 616, in get_sheet_data
    for row_number, row in enumerate(sheet.rows):
  File "/home/airflow/.local/lib/python3.12/site-packages/openpyxl/worksheet/_read_only.py", line 85, in _cells_by_row
    for idx, row in parser.parse():
  File "/home/airflow/.local/lib/python3.12/site-packages/openpyxl/worksheet/_reader.py", line 167, in parse
    row = self.parse_row(element)
          ^^^^^^^^^^^^^^^^^^^^^^^
  File "/home/airflow/.local/lib/python3.12/site-packages/openpyxl/worksheet/_reader.py", line 303, in parse_row
    cells = [self.parse_cell(el) for el in row]
             ^^^^^^^^^^^^^^^^^^^
  File "/home/airflow/.local/lib/python3.12/site-packages/openpyxl/worksheet/_reader.py", line 202, in parse_cell
    row, column = coordinate_to_tuple(coordinate)
                  ^^^^^^^^^^^^^^^^^^^^^^^^^^^^^^^
  File "/home/airflow/.local/lib/python3.12/site-packages/openpyxl/utils/cell.py", line 215, in coordinate_to_tuple
    return int(row), column_index_from_string(col)
           ^^^^^^^^
  File "/home/airflow/.local/lib/python3.12/site-packages/airflow/models/taskinstance.py", line 2613, in signal_handler
    raise AirflowTaskTerminated("Task received SIGTERM signal")
airflow.exceptions.AirflowTaskTerminated: Task received SIGTERM signal
[2026-05-12T15:00:46.524+0000] {taskinstance.py:1206} INFO - Marking task as FAILED. dag_id=abc_phones_etl_pipeline, task_id=ingest_data, run_id=scheduled__2026-05-11T00:00:00+00:00, execution_date=20260511T000000, start_date=20260512T150014, end_date=20260512T150046
[2026-05-12T15:00:46.538+0000] {standard_task_runner.py:110} ERROR - Failed to execute job 131 for task ingest_data ((psycopg2.errors.ForeignKeyViolation) insert or update on table "task_fail" violates foreign key constraint "task_fail_ti_fkey"
DETAIL:  Key (dag_id, task_id, run_id, map_index)=(abc_phones_etl_pipeline, ingest_data, scheduled__2026-05-11T00:00:00+00:00, -1) is not present in table "task_instance".

[SQL: INSERT INTO task_fail (task_id, dag_id, run_id, map_index, start_date, end_date, duration) VALUES (%(task_id)s, %(dag_id)s, %(run_id)s, %(map_index)s, %(start_date)s, %(end_date)s, %(duration)s) RETURNING task_fail.id]
[parameters: {'task_id': 'ingest_data', 'dag_id': 'abc_phones_etl_pipeline', 'run_id': 'scheduled__2026-05-11T00:00:00+00:00', 'map_index': -1, 'start_date': datetime.datetime(2026, 5, 12, 15, 0, 14, 379668, tzinfo=Timezone('UTC')), 'end_date': datetime.datetime(2026, 5, 12, 15, 0, 46, 524147, tzinfo=Timezone('UTC')), 'duration': 32}]
(Background on this error at: https://sqlalche.me/e/14/gkpj); 1390)
[2026-05-12T15:00:46.588+0000] {process_utils.py:80} INFO - Process psutil.Process(pid=1390, status='terminated', exitcode=1, started='15:00:13') (1390) terminated with exit code 1
[2026-05-12T15:03:16.596+0000] {local_task_job_runner.py:120} INFO - ::group::Pre task execution logs
[2026-05-12T15:03:16.637+0000] {taskinstance.py:2076} INFO - Dependencies all met for dep_context=non-requeueable deps ti=<TaskInstance: abc_phones_etl_pipeline.ingest_data scheduled__2026-05-11T00:00:00+00:00 [queued]>
[2026-05-12T15:03:16.647+0000] {taskinstance.py:2076} INFO - Dependencies all met for dep_context=requeueable deps ti=<TaskInstance: abc_phones_etl_pipeline.ingest_data scheduled__2026-05-11T00:00:00+00:00 [queued]>
[2026-05-12T15:03:16.648+0000] {taskinstance.py:2306} INFO - Starting attempt 1 of 2
[2026-05-12T15:03:16.666+0000] {taskinstance.py:2330} INFO - Executing <Task(PythonOperator): ingest_data> on 2026-05-11 00:00:00+00:00
[2026-05-12T15:03:16.677+0000] {standard_task_runner.py:90} INFO - Running: ['airflow', 'tasks', 'run', 'abc_phones_etl_pipeline', 'ingest_data', 'scheduled__2026-05-11T00:00:00+00:00', '--job-id', '133', '--raw', '--subdir', 'DAGS_FOLDER/abc_phones_etl_dag.py', '--cfg-path', '/tmp/tmpe6p_kcym']
[2026-05-12T15:03:16.682+0000] {standard_task_runner.py:91} INFO - Job 133: Subtask ingest_data
[2026-05-12T15:03:16.684+0000] {logging_mixin.py:188} WARNING - /home/airflow/.local/lib/python3.12/site-packages/airflow/task/task_runner/standard_task_runner.py:62 DeprecationWarning: This process (pid=1409) is multi-threaded, use of fork() may lead to deadlocks in the child.
[2026-05-12T15:03:16.686+0000] {standard_task_runner.py:64} INFO - Started process 1414 to run task
[2026-05-12T15:03:16.760+0000] {task_command.py:426} INFO - Running <TaskInstance: abc_phones_etl_pipeline.ingest_data scheduled__2026-05-11T00:00:00+00:00 [running]> on host 87c449af332c
[2026-05-12T15:03:16.900+0000] {taskinstance.py:2648} INFO - Exporting env vars: AIRFLOW_CTX_DAG_OWNER='data_engineer' AIRFLOW_CTX_DAG_ID='abc_phones_etl_pipeline' AIRFLOW_CTX_TASK_ID='ingest_data' AIRFLOW_CTX_EXECUTION_DATE='2026-05-11T00:00:00+00:00' AIRFLOW_CTX_TRY_NUMBER='1' AIRFLOW_CTX_DAG_RUN_ID='scheduled__2026-05-11T00:00:00+00:00'
[2026-05-12T15:03:16.907+0000] {taskinstance.py:430} INFO - ::endgroup::
[2026-05-12T15:05:33.787+0000] {local_task_job_runner.py:313} WARNING - State of this instance has been externally set to None. Terminating instance.
[2026-05-12T15:05:33.817+0000] {local_task_job_runner.py:222} INFO - ::endgroup::
[2026-05-12T15:05:33.837+0000] {process_utils.py:132} INFO - Sending 15 to group 1414. PIDs of all processes in the group: [1414]
[2026-05-12T15:05:33.844+0000] {process_utils.py:87} INFO - Sending the signal 15 to group 1414
[2026-05-12T15:05:33.898+0000] {taskinstance.py:2611} ERROR - Received SIGTERM. Terminating subprocesses.
[2026-05-12T15:05:33.909+0000] {taskinstance.py:441} INFO - ::group::Post task execution logs
[2026-05-12T15:05:33.970+0000] {taskinstance.py:2905} ERROR - Task failed with exception
Traceback (most recent call last):
  File "/home/airflow/.local/lib/python3.12/site-packages/airflow/models/taskinstance.py", line 465, in _execute_task
    result = _execute_callable(context=context, **execute_callable_kwargs)
             ^^^^^^^^^^^^^^^^^^^^^^^^^^^^^^^^^^^^^^^^^^^^^^^^^^^^^^^^^^^^^
  File "/home/airflow/.local/lib/python3.12/site-packages/airflow/models/taskinstance.py", line 432, in _execute_callable
    return execute_callable(context=context, **execute_callable_kwargs)
           ^^^^^^^^^^^^^^^^^^^^^^^^^^^^^^^^^^^^^^^^^^^^^^^^^^^^^^^^^^^^
  File "/home/airflow/.local/lib/python3.12/site-packages/airflow/models/baseoperator.py", line 401, in wrapper
    return func(self, *args, **kwargs)
           ^^^^^^^^^^^^^^^^^^^^^^^^^^^
  File "/home/airflow/.local/lib/python3.12/site-packages/airflow/operators/python.py", line 235, in execute
    return_value = self.execute_callable()
                   ^^^^^^^^^^^^^^^^^^^^^^^
  File "/home/airflow/.local/lib/python3.12/site-packages/airflow/operators/python.py", line 252, in execute_callable
    return self.python_callable(*self.op_args, **self.op_kwargs)
           ^^^^^^^^^^^^^^^^^^^^^^^^^^^^^^^^^^^^^^^^^^^^^^^^^^^^^
  File "/opt/airflow/scripts/ingest.py", line 37, in run_ingestion
    dob_data.to_csv("/opt/airflow/data/silver/dob_data.csv", index=False)
  File "/home/airflow/.local/lib/python3.12/site-packages/pandas/core/generic.py", line 3902, in to_csv
    return DataFrameRenderer(formatter).to_csv(
           ^^^^^^^^^^^^^^^^^^^^^^^^^^^^^^^^^^^^
  File "/home/airflow/.local/lib/python3.12/site-packages/pandas/io/formats/format.py", line 1152, in to_csv
    csv_formatter.save()
  File "/home/airflow/.local/lib/python3.12/site-packages/pandas/io/formats/csvs.py", line 266, in save
    self._save()
  File "/home/airflow/.local/lib/python3.12/site-packages/pandas/io/formats/csvs.py", line 271, in _save
    self._save_body()
  File "/home/airflow/.local/lib/python3.12/site-packages/pandas/io/formats/csvs.py", line 309, in _save_body
    self._save_chunk(start_i, end_i)
  File "/home/airflow/.local/lib/python3.12/site-packages/pandas/io/formats/csvs.py", line 320, in _save_chunk
    libwriters.write_csv_rows(
  File "writers.pyx", line 72, in pandas._libs.writers.write_csv_rows
  File "/home/airflow/.local/lib/python3.12/site-packages/airflow/models/taskinstance.py", line 2613, in signal_handler
    raise AirflowTaskTerminated("Task received SIGTERM signal")
airflow.exceptions.AirflowTaskTerminated: Task received SIGTERM signal
[2026-05-12T15:05:34.011+0000] {taskinstance.py:1206} INFO - Marking task as FAILED. dag_id=abc_phones_etl_pipeline, task_id=ingest_data, run_id=scheduled__2026-05-11T00:00:00+00:00, execution_date=20260511T000000, start_date=20260512T150316, end_date=20260512T150534
[2026-05-12T15:05:34.057+0000] {standard_task_runner.py:110} ERROR - Failed to execute job 133 for task ingest_data ((psycopg2.errors.ForeignKeyViolation) insert or update on table "task_fail" violates foreign key constraint "task_fail_ti_fkey"
DETAIL:  Key (dag_id, task_id, run_id, map_index)=(abc_phones_etl_pipeline, ingest_data, scheduled__2026-05-11T00:00:00+00:00, -1) is not present in table "task_instance".

[SQL: INSERT INTO task_fail (task_id, dag_id, run_id, map_index, start_date, end_date, duration) VALUES (%(task_id)s, %(dag_id)s, %(run_id)s, %(map_index)s, %(start_date)s, %(end_date)s, %(duration)s) RETURNING task_fail.id]
[parameters: {'task_id': 'ingest_data', 'dag_id': 'abc_phones_etl_pipeline', 'run_id': 'scheduled__2026-05-11T00:00:00+00:00', 'map_index': -1, 'start_date': datetime.datetime(2026, 5, 12, 15, 3, 16, 638518, tzinfo=Timezone('UTC')), 'end_date': datetime.datetime(2026, 5, 12, 15, 5, 34, 10855, tzinfo=Timezone('UTC')), 'duration': 137}]
(Background on this error at: https://sqlalche.me/e/14/gkpj); 1414)
[2026-05-12T15:05:34.166+0000] {process_utils.py:80} INFO - Process psutil.Process(pid=1414, status='terminated', exitcode=1, started='15:03:15') (1414) terminated with exit code 1
[2026-05-12T15:06:01.640+0000] {local_task_job_runner.py:120} INFO - ::group::Pre task execution logs
[2026-05-12T15:06:01.693+0000] {taskinstance.py:2076} INFO - Dependencies all met for dep_context=non-requeueable deps ti=<TaskInstance: abc_phones_etl_pipeline.ingest_data scheduled__2026-05-11T00:00:00+00:00 [queued]>
[2026-05-12T15:06:01.706+0000] {taskinstance.py:2076} INFO - Dependencies all met for dep_context=requeueable deps ti=<TaskInstance: abc_phones_etl_pipeline.ingest_data scheduled__2026-05-11T00:00:00+00:00 [queued]>
[2026-05-12T15:06:01.706+0000] {taskinstance.py:2306} INFO - Starting attempt 1 of 2
[2026-05-12T15:06:01.726+0000] {taskinstance.py:2330} INFO - Executing <Task(PythonOperator): ingest_data> on 2026-05-11 00:00:00+00:00
[2026-05-12T15:06:01.740+0000] {standard_task_runner.py:90} INFO - Running: ['airflow', 'tasks', 'run', 'abc_phones_etl_pipeline', 'ingest_data', 'scheduled__2026-05-11T00:00:00+00:00', '--job-id', '135', '--raw', '--subdir', 'DAGS_FOLDER/abc_phones_etl_dag.py', '--cfg-path', '/tmp/tmp92uwp88v']
[2026-05-12T15:06:01.744+0000] {standard_task_runner.py:91} INFO - Job 135: Subtask ingest_data
[2026-05-12T15:06:01.747+0000] {logging_mixin.py:188} WARNING - /home/airflow/.local/lib/python3.12/site-packages/airflow/task/task_runner/standard_task_runner.py:62 DeprecationWarning: This process (pid=1431) is multi-threaded, use of fork() may lead to deadlocks in the child.
[2026-05-12T15:06:01.748+0000] {standard_task_runner.py:64} INFO - Started process 1436 to run task
[2026-05-12T15:06:01.839+0000] {task_command.py:426} INFO - Running <TaskInstance: abc_phones_etl_pipeline.ingest_data scheduled__2026-05-11T00:00:00+00:00 [running]> on host 87c449af332c
[2026-05-12T15:06:02.025+0000] {taskinstance.py:2648} INFO - Exporting env vars: AIRFLOW_CTX_DAG_OWNER='data_engineer' AIRFLOW_CTX_DAG_ID='abc_phones_etl_pipeline' AIRFLOW_CTX_TASK_ID='ingest_data' AIRFLOW_CTX_EXECUTION_DATE='2026-05-11T00:00:00+00:00' AIRFLOW_CTX_TRY_NUMBER='1' AIRFLOW_CTX_DAG_RUN_ID='scheduled__2026-05-11T00:00:00+00:00'
[2026-05-12T15:06:02.028+0000] {taskinstance.py:430} INFO - ::endgroup::
[2026-05-12T15:08:14.421+0000] {python.py:237} INFO - Done. Returned value was: None
[2026-05-12T15:08:14.422+0000] {taskinstance.py:441} INFO - ::group::Post task execution logs
[2026-05-12T15:08:14.444+0000] {taskinstance.py:1206} INFO - Marking task as SUCCESS. dag_id=abc_phones_etl_pipeline, task_id=ingest_data, run_id=scheduled__2026-05-11T00:00:00+00:00, execution_date=20260511T000000, start_date=20260512T150601, end_date=20260512T150814
[2026-05-12T15:08:14.530+0000] {local_task_job_runner.py:243} INFO - Task exited with return code 0
[2026-05-12T15:08:14.572+0000] {taskinstance.py:3503} INFO - 1 downstream tasks scheduled from follow-on schedule check
[2026-05-12T15:08:14.576+0000] {local_task_job_runner.py:222} INFO - ::endgroup::
[2026-05-12T15:15:24.342+0000] {local_task_job_runner.py:120} INFO - ::group::Pre task execution logs
[2026-05-12T15:15:24.453+0000] {taskinstance.py:2076} INFO - Dependencies all met for dep_context=non-requeueable deps ti=<TaskInstance: abc_phones_etl_pipeline.ingest_data scheduled__2026-05-11T00:00:00+00:00 [queued]>
[2026-05-12T15:15:24.476+0000] {taskinstance.py:2076} INFO - Dependencies all met for dep_context=requeueable deps ti=<TaskInstance: abc_phones_etl_pipeline.ingest_data scheduled__2026-05-11T00:00:00+00:00 [queued]>
[2026-05-12T15:15:24.477+0000] {taskinstance.py:2306} INFO - Starting attempt 1 of 2
[2026-05-12T15:15:24.506+0000] {taskinstance.py:2330} INFO - Executing <Task(PythonOperator): ingest_data> on 2026-05-11 00:00:00+00:00
[2026-05-12T15:15:24.526+0000] {standard_task_runner.py:90} INFO - Running: ['airflow', 'tasks', 'run', 'abc_phones_etl_pipeline', 'ingest_data', 'scheduled__2026-05-11T00:00:00+00:00', '--job-id', '140', '--raw', '--subdir', 'DAGS_FOLDER/abc_phones_etl_dag.py', '--cfg-path', '/tmp/tmptr663zzw']
[2026-05-12T15:15:24.538+0000] {logging_mixin.py:188} WARNING - /home/airflow/.local/lib/python3.12/site-packages/airflow/task/task_runner/standard_task_runner.py:62 DeprecationWarning: This process (pid=1497) is multi-threaded, use of fork() may lead to deadlocks in the child.
[2026-05-12T15:15:24.538+0000] {standard_task_runner.py:91} INFO - Job 140: Subtask ingest_data
[2026-05-12T15:15:24.540+0000] {standard_task_runner.py:64} INFO - Started process 1502 to run task
[2026-05-12T15:15:24.691+0000] {task_command.py:426} INFO - Running <TaskInstance: abc_phones_etl_pipeline.ingest_data scheduled__2026-05-11T00:00:00+00:00 [running]> on host 87c449af332c
[2026-05-12T15:15:24.907+0000] {taskinstance.py:2648} INFO - Exporting env vars: AIRFLOW_CTX_DAG_OWNER='data_engineer' AIRFLOW_CTX_DAG_ID='abc_phones_etl_pipeline' AIRFLOW_CTX_TASK_ID='ingest_data' AIRFLOW_CTX_EXECUTION_DATE='2026-05-11T00:00:00+00:00' AIRFLOW_CTX_TRY_NUMBER='1' AIRFLOW_CTX_DAG_RUN_ID='scheduled__2026-05-11T00:00:00+00:00'
[2026-05-12T15:15:24.911+0000] {taskinstance.py:430} INFO - ::endgroup::
[2026-05-12T15:16:35.760+0000] {local_task_job_runner.py:313} WARNING - State of this instance has been externally set to None. Terminating instance.
[2026-05-12T15:16:35.764+0000] {local_task_job_runner.py:222} INFO - ::endgroup::
[2026-05-12T15:16:35.766+0000] {process_utils.py:132} INFO - Sending 15 to group 1502. PIDs of all processes in the group: [1502]
[2026-05-12T15:16:35.767+0000] {process_utils.py:87} INFO - Sending the signal 15 to group 1502
[2026-05-12T15:16:35.767+0000] {taskinstance.py:2611} ERROR - Received SIGTERM. Terminating subprocesses.
[2026-05-12T15:16:35.770+0000] {taskinstance.py:441} INFO - ::group::Post task execution logs
[2026-05-12T15:16:35.787+0000] {taskinstance.py:2905} ERROR - Task failed with exception
Traceback (most recent call last):
  File "/home/airflow/.local/lib/python3.12/site-packages/airflow/models/taskinstance.py", line 465, in _execute_task
    result = _execute_callable(context=context, **execute_callable_kwargs)
             ^^^^^^^^^^^^^^^^^^^^^^^^^^^^^^^^^^^^^^^^^^^^^^^^^^^^^^^^^^^^^
  File "/home/airflow/.local/lib/python3.12/site-packages/airflow/models/taskinstance.py", line 432, in _execute_callable
    return execute_callable(context=context, **execute_callable_kwargs)
           ^^^^^^^^^^^^^^^^^^^^^^^^^^^^^^^^^^^^^^^^^^^^^^^^^^^^^^^^^^^^
  File "/home/airflow/.local/lib/python3.12/site-packages/airflow/models/baseoperator.py", line 401, in wrapper
    return func(self, *args, **kwargs)
           ^^^^^^^^^^^^^^^^^^^^^^^^^^^
  File "/home/airflow/.local/lib/python3.12/site-packages/airflow/operators/python.py", line 235, in execute
    return_value = self.execute_callable()
                   ^^^^^^^^^^^^^^^^^^^^^^^
  File "/home/airflow/.local/lib/python3.12/site-packages/airflow/operators/python.py", line 252, in execute_callable
    return self.python_callable(*self.op_args, **self.op_kwargs)
           ^^^^^^^^^^^^^^^^^^^^^^^^^^^^^^^^^^^^^^^^^^^^^^^^^^^^^
  File "/opt/airflow/scripts/ingest.py", line 23, in run_ingestion
    sales_sheets = pd.read_excel("/opt/airflow/data/bronze/SalesandCustomerData.xlsx", sheet_name=None, engine="openpyxl")
                   ^^^^^^^^^^^^^^^^^^^^^^^^^^^^^^^^^^^^^^^^^^^^^^^^^^^^^^^^^^^^^^^^^^^^^^^^^^^^^^^^^^^^^^^^^^^^^^^^^^^^^^^
  File "/home/airflow/.local/lib/python3.12/site-packages/pandas/io/excel/_base.py", line 517, in read_excel
    data = io.parse(
           ^^^^^^^^^
  File "/home/airflow/.local/lib/python3.12/site-packages/pandas/io/excel/_base.py", line 1629, in parse
    return self._reader.parse(
           ^^^^^^^^^^^^^^^^^^^
  File "/home/airflow/.local/lib/python3.12/site-packages/pandas/io/excel/_base.py", line 793, in parse
    data = self.get_sheet_data(sheet, file_rows_needed)
           ^^^^^^^^^^^^^^^^^^^^^^^^^^^^^^^^^^^^^^^^^^^^
  File "/home/airflow/.local/lib/python3.12/site-packages/pandas/io/excel/_openpyxl.py", line 633, in get_sheet_data
    if min(len(data_row) for data_row in data) < max_width:
       ^^^^^^^^^^^^^^^^^^^^^^^^^^^^^^^^^^^^^^^
  File "/home/airflow/.local/lib/python3.12/site-packages/pandas/io/excel/_openpyxl.py", line 633, in <genexpr>
    if min(len(data_row) for data_row in data) < max_width:
           ^^^^^^^^^^^^^
  File "/home/airflow/.local/lib/python3.12/site-packages/airflow/models/taskinstance.py", line 2613, in signal_handler
    raise AirflowTaskTerminated("Task received SIGTERM signal")
airflow.exceptions.AirflowTaskTerminated: Task received SIGTERM signal
[2026-05-12T15:16:35.797+0000] {taskinstance.py:1206} INFO - Marking task as FAILED. dag_id=abc_phones_etl_pipeline, task_id=ingest_data, run_id=scheduled__2026-05-11T00:00:00+00:00, execution_date=20260511T000000, start_date=20260512T151524, end_date=20260512T151635
[2026-05-12T15:16:35.846+0000] {standard_task_runner.py:110} ERROR - Failed to execute job 140 for task ingest_data ((psycopg2.errors.ForeignKeyViolation) insert or update on table "task_fail" violates foreign key constraint "task_fail_ti_fkey"
DETAIL:  Key (dag_id, task_id, run_id, map_index)=(abc_phones_etl_pipeline, ingest_data, scheduled__2026-05-11T00:00:00+00:00, -1) is not present in table "task_instance".

[SQL: INSERT INTO task_fail (task_id, dag_id, run_id, map_index, start_date, end_date, duration) VALUES (%(task_id)s, %(dag_id)s, %(run_id)s, %(map_index)s, %(start_date)s, %(end_date)s, %(duration)s) RETURNING task_fail.id]
[parameters: {'task_id': 'ingest_data', 'dag_id': 'abc_phones_etl_pipeline', 'run_id': 'scheduled__2026-05-11T00:00:00+00:00', 'map_index': -1, 'start_date': datetime.datetime(2026, 5, 12, 15, 15, 24, 457637, tzinfo=Timezone('UTC')), 'end_date': datetime.datetime(2026, 5, 12, 15, 16, 35, 796754, tzinfo=Timezone('UTC')), 'duration': 71}]
(Background on this error at: https://sqlalche.me/e/14/gkpj); 1502)
[2026-05-12T15:16:35.981+0000] {process_utils.py:80} INFO - Process psutil.Process(pid=1502, status='terminated', exitcode=1, started='15:15:23') (1502) terminated with exit code 1
[2026-05-12T15:17:03.386+0000] {local_task_job_runner.py:120} INFO - ::group::Pre task execution logs
[2026-05-12T15:17:03.426+0000] {taskinstance.py:2076} INFO - Dependencies all met for dep_context=non-requeueable deps ti=<TaskInstance: abc_phones_etl_pipeline.ingest_data scheduled__2026-05-11T00:00:00+00:00 [queued]>
[2026-05-12T15:17:03.441+0000] {taskinstance.py:2076} INFO - Dependencies all met for dep_context=requeueable deps ti=<TaskInstance: abc_phones_etl_pipeline.ingest_data scheduled__2026-05-11T00:00:00+00:00 [queued]>
[2026-05-12T15:17:03.443+0000] {taskinstance.py:2306} INFO - Starting attempt 1 of 2
[2026-05-12T15:17:03.467+0000] {taskinstance.py:2330} INFO - Executing <Task(PythonOperator): ingest_data> on 2026-05-11 00:00:00+00:00
[2026-05-12T15:17:03.483+0000] {standard_task_runner.py:90} INFO - Running: ['airflow', 'tasks', 'run', 'abc_phones_etl_pipeline', 'ingest_data', 'scheduled__2026-05-11T00:00:00+00:00', '--job-id', '142', '--raw', '--subdir', 'DAGS_FOLDER/abc_phones_etl_dag.py', '--cfg-path', '/tmp/tmpcdrpqgyu']
[2026-05-12T15:17:03.488+0000] {standard_task_runner.py:91} INFO - Job 142: Subtask ingest_data
[2026-05-12T15:17:03.489+0000] {logging_mixin.py:188} WARNING - /home/airflow/.local/lib/python3.12/site-packages/airflow/task/task_runner/standard_task_runner.py:62 DeprecationWarning: This process (pid=1515) is multi-threaded, use of fork() may lead to deadlocks in the child.
[2026-05-12T15:17:03.491+0000] {standard_task_runner.py:64} INFO - Started process 1520 to run task
[2026-05-12T15:17:03.623+0000] {task_command.py:426} INFO - Running <TaskInstance: abc_phones_etl_pipeline.ingest_data scheduled__2026-05-11T00:00:00+00:00 [running]> on host 87c449af332c
[2026-05-12T15:17:03.745+0000] {taskinstance.py:2648} INFO - Exporting env vars: AIRFLOW_CTX_DAG_OWNER='data_engineer' AIRFLOW_CTX_DAG_ID='abc_phones_etl_pipeline' AIRFLOW_CTX_TASK_ID='ingest_data' AIRFLOW_CTX_EXECUTION_DATE='2026-05-11T00:00:00+00:00' AIRFLOW_CTX_TRY_NUMBER='1' AIRFLOW_CTX_DAG_RUN_ID='scheduled__2026-05-11T00:00:00+00:00'
[2026-05-12T15:17:03.746+0000] {taskinstance.py:430} INFO - ::endgroup::
[2026-05-12T15:19:08.559+0000] {python.py:237} INFO - Done. Returned value was: None
[2026-05-12T15:19:08.560+0000] {taskinstance.py:441} INFO - ::group::Post task execution logs
[2026-05-12T15:19:08.576+0000] {taskinstance.py:1206} INFO - Marking task as SUCCESS. dag_id=abc_phones_etl_pipeline, task_id=ingest_data, run_id=scheduled__2026-05-11T00:00:00+00:00, execution_date=20260511T000000, start_date=20260512T151703, end_date=20260512T151908
[2026-05-12T15:19:08.671+0000] {local_task_job_runner.py:243} INFO - Task exited with return code 0
[2026-05-12T15:19:08.710+0000] {taskinstance.py:3503} INFO - 1 downstream tasks scheduled from follow-on schedule check
[2026-05-12T15:19:08.715+0000] {local_task_job_runner.py:222} INFO - ::endgroup::
[2026-05-12T15:26:39.568+0000] {local_task_job_runner.py:120} INFO - ::group::Pre task execution logs
[2026-05-12T15:26:39.703+0000] {taskinstance.py:2076} INFO - Dependencies all met for dep_context=non-requeueable deps ti=<TaskInstance: abc_phones_etl_pipeline.ingest_data scheduled__2026-05-11T00:00:00+00:00 [queued]>
[2026-05-12T15:26:39.735+0000] {taskinstance.py:2076} INFO - Dependencies all met for dep_context=requeueable deps ti=<TaskInstance: abc_phones_etl_pipeline.ingest_data scheduled__2026-05-11T00:00:00+00:00 [queued]>
[2026-05-12T15:26:39.736+0000] {taskinstance.py:2306} INFO - Starting attempt 1 of 2
[2026-05-12T15:26:39.778+0000] {taskinstance.py:2330} INFO - Executing <Task(PythonOperator): ingest_data> on 2026-05-11 00:00:00+00:00
[2026-05-12T15:26:39.797+0000] {standard_task_runner.py:90} INFO - Running: ['airflow', 'tasks', 'run', 'abc_phones_etl_pipeline', 'ingest_data', 'scheduled__2026-05-11T00:00:00+00:00', '--job-id', '147', '--raw', '--subdir', 'DAGS_FOLDER/abc_phones_etl_dag.py', '--cfg-path', '/tmp/tmp6wb3641w']
[2026-05-12T15:26:39.801+0000] {standard_task_runner.py:91} INFO - Job 147: Subtask ingest_data
[2026-05-12T15:26:39.801+0000] {logging_mixin.py:188} WARNING - /home/airflow/.local/lib/python3.12/site-packages/airflow/task/task_runner/standard_task_runner.py:62 DeprecationWarning: This process (pid=1581) is multi-threaded, use of fork() may lead to deadlocks in the child.
[2026-05-12T15:26:39.804+0000] {standard_task_runner.py:64} INFO - Started process 1586 to run task
[2026-05-12T15:26:39.928+0000] {task_command.py:426} INFO - Running <TaskInstance: abc_phones_etl_pipeline.ingest_data scheduled__2026-05-11T00:00:00+00:00 [running]> on host 87c449af332c
[2026-05-12T15:26:40.106+0000] {taskinstance.py:2648} INFO - Exporting env vars: AIRFLOW_CTX_DAG_OWNER='data_engineer' AIRFLOW_CTX_DAG_ID='abc_phones_etl_pipeline' AIRFLOW_CTX_TASK_ID='ingest_data' AIRFLOW_CTX_EXECUTION_DATE='2026-05-11T00:00:00+00:00' AIRFLOW_CTX_TRY_NUMBER='1' AIRFLOW_CTX_DAG_RUN_ID='scheduled__2026-05-11T00:00:00+00:00'
[2026-05-12T15:26:40.108+0000] {taskinstance.py:430} INFO - ::endgroup::
[2026-05-12T15:28:26.528+0000] {local_task_job_runner.py:313} WARNING - State of this instance has been externally set to None. Terminating instance.
[2026-05-12T15:28:26.539+0000] {local_task_job_runner.py:222} INFO - ::endgroup::
[2026-05-12T15:28:26.548+0000] {process_utils.py:132} INFO - Sending 15 to group 1586. PIDs of all processes in the group: [1586]
[2026-05-12T15:28:26.553+0000] {process_utils.py:87} INFO - Sending the signal 15 to group 1586
[2026-05-12T15:28:26.554+0000] {taskinstance.py:2611} ERROR - Received SIGTERM. Terminating subprocesses.
[2026-05-12T15:28:26.556+0000] {taskinstance.py:441} INFO - ::group::Post task execution logs
[2026-05-12T15:28:26.586+0000] {taskinstance.py:2905} ERROR - Task failed with exception
Traceback (most recent call last):
  File "/home/airflow/.local/lib/python3.12/site-packages/airflow/models/taskinstance.py", line 465, in _execute_task
    result = _execute_callable(context=context, **execute_callable_kwargs)
             ^^^^^^^^^^^^^^^^^^^^^^^^^^^^^^^^^^^^^^^^^^^^^^^^^^^^^^^^^^^^^
  File "/home/airflow/.local/lib/python3.12/site-packages/airflow/models/taskinstance.py", line 432, in _execute_callable
    return execute_callable(context=context, **execute_callable_kwargs)
           ^^^^^^^^^^^^^^^^^^^^^^^^^^^^^^^^^^^^^^^^^^^^^^^^^^^^^^^^^^^^
  File "/home/airflow/.local/lib/python3.12/site-packages/airflow/models/baseoperator.py", line 401, in wrapper
    return func(self, *args, **kwargs)
           ^^^^^^^^^^^^^^^^^^^^^^^^^^^
  File "/home/airflow/.local/lib/python3.12/site-packages/airflow/operators/python.py", line 235, in execute
    return_value = self.execute_callable()
                   ^^^^^^^^^^^^^^^^^^^^^^^
  File "/home/airflow/.local/lib/python3.12/site-packages/airflow/operators/python.py", line 252, in execute_callable
    return self.python_callable(*self.op_args, **self.op_kwargs)
           ^^^^^^^^^^^^^^^^^^^^^^^^^^^^^^^^^^^^^^^^^^^^^^^^^^^^^
  File "/opt/airflow/scripts/ingest.py", line 23, in run_ingestion
    sales_sheets = pd.read_excel("/opt/airflow/data/bronze/SalesandCustomerData.xlsx", sheet_name=None, engine="openpyxl")
                   ^^^^^^^^^^^^^^^^^^^^^^^^^^^^^^^^^^^^^^^^^^^^^^^^^^^^^^^^^^^^^^^^^^^^^^^^^^^^^^^^^^^^^^^^^^^^^^^^^^^^^^^
  File "/home/airflow/.local/lib/python3.12/site-packages/pandas/io/excel/_base.py", line 517, in read_excel
    data = io.parse(
           ^^^^^^^^^
  File "/home/airflow/.local/lib/python3.12/site-packages/pandas/io/excel/_base.py", line 1629, in parse
    return self._reader.parse(
           ^^^^^^^^^^^^^^^^^^^
  File "/home/airflow/.local/lib/python3.12/site-packages/pandas/io/excel/_base.py", line 793, in parse
    data = self.get_sheet_data(sheet, file_rows_needed)
           ^^^^^^^^^^^^^^^^^^^^^^^^^^^^^^^^^^^^^^^^^^^^
  File "/home/airflow/.local/lib/python3.12/site-packages/pandas/io/excel/_openpyxl.py", line 616, in get_sheet_data
    for row_number, row in enumerate(sheet.rows):
  File "/home/airflow/.local/lib/python3.12/site-packages/openpyxl/worksheet/_read_only.py", line 85, in _cells_by_row
    for idx, row in parser.parse():
  File "/home/airflow/.local/lib/python3.12/site-packages/openpyxl/worksheet/_reader.py", line 156, in parse
    for _, element in it:
  File "/usr/local/lib/python3.12/xml/etree/ElementTree.py", line 1236, in iterator
    yield from pullparser.read_events()
  File "/usr/local/lib/python3.12/xml/etree/ElementTree.py", line 1314, in read_events
    yield event
  File "/home/airflow/.local/lib/python3.12/site-packages/airflow/models/taskinstance.py", line 2613, in signal_handler
    raise AirflowTaskTerminated("Task received SIGTERM signal")
airflow.exceptions.AirflowTaskTerminated: Task received SIGTERM signal
[2026-05-12T15:28:26.604+0000] {taskinstance.py:1206} INFO - Marking task as FAILED. dag_id=abc_phones_etl_pipeline, task_id=ingest_data, run_id=scheduled__2026-05-11T00:00:00+00:00, execution_date=20260511T000000, start_date=20260512T152639, end_date=20260512T152826
[2026-05-12T15:28:26.691+0000] {standard_task_runner.py:110} ERROR - Failed to execute job 147 for task ingest_data ((psycopg2.errors.ForeignKeyViolation) insert or update on table "task_fail" violates foreign key constraint "task_fail_ti_fkey"
DETAIL:  Key (dag_id, task_id, run_id, map_index)=(abc_phones_etl_pipeline, ingest_data, scheduled__2026-05-11T00:00:00+00:00, -1) is not present in table "task_instance".

[SQL: INSERT INTO task_fail (task_id, dag_id, run_id, map_index, start_date, end_date, duration) VALUES (%(task_id)s, %(dag_id)s, %(run_id)s, %(map_index)s, %(start_date)s, %(end_date)s, %(duration)s) RETURNING task_fail.id]
[parameters: {'task_id': 'ingest_data', 'dag_id': 'abc_phones_etl_pipeline', 'run_id': 'scheduled__2026-05-11T00:00:00+00:00', 'map_index': -1, 'start_date': datetime.datetime(2026, 5, 12, 15, 26, 39, 705625, tzinfo=Timezone('UTC')), 'end_date': datetime.datetime(2026, 5, 12, 15, 28, 26, 603925, tzinfo=Timezone('UTC')), 'duration': 106}]
(Background on this error at: https://sqlalche.me/e/14/gkpj); 1586)
[2026-05-12T15:28:26.891+0000] {process_utils.py:80} INFO - Process psutil.Process(pid=1586, status='terminated', exitcode=1, started='15:26:39') (1586) terminated with exit code 1
[2026-05-12T15:28:53.587+0000] {local_task_job_runner.py:120} INFO - ::group::Pre task execution logs
[2026-05-12T15:28:53.628+0000] {taskinstance.py:2076} INFO - Dependencies all met for dep_context=non-requeueable deps ti=<TaskInstance: abc_phones_etl_pipeline.ingest_data scheduled__2026-05-11T00:00:00+00:00 [queued]>
[2026-05-12T15:28:53.638+0000] {taskinstance.py:2076} INFO - Dependencies all met for dep_context=requeueable deps ti=<TaskInstance: abc_phones_etl_pipeline.ingest_data scheduled__2026-05-11T00:00:00+00:00 [queued]>
[2026-05-12T15:28:53.638+0000] {taskinstance.py:2306} INFO - Starting attempt 1 of 2
[2026-05-12T15:28:53.656+0000] {taskinstance.py:2330} INFO - Executing <Task(PythonOperator): ingest_data> on 2026-05-11 00:00:00+00:00
[2026-05-12T15:28:53.667+0000] {standard_task_runner.py:90} INFO - Running: ['airflow', 'tasks', 'run', 'abc_phones_etl_pipeline', 'ingest_data', 'scheduled__2026-05-11T00:00:00+00:00', '--job-id', '149', '--raw', '--subdir', 'DAGS_FOLDER/abc_phones_etl_dag.py', '--cfg-path', '/tmp/tmpn5k6h64f']
[2026-05-12T15:28:53.671+0000] {standard_task_runner.py:91} INFO - Job 149: Subtask ingest_data
[2026-05-12T15:28:53.671+0000] {logging_mixin.py:188} WARNING - /home/airflow/.local/lib/python3.12/site-packages/airflow/task/task_runner/standard_task_runner.py:62 DeprecationWarning: This process (pid=1601) is multi-threaded, use of fork() may lead to deadlocks in the child.
[2026-05-12T15:28:53.674+0000] {standard_task_runner.py:64} INFO - Started process 1606 to run task
[2026-05-12T15:28:53.747+0000] {task_command.py:426} INFO - Running <TaskInstance: abc_phones_etl_pipeline.ingest_data scheduled__2026-05-11T00:00:00+00:00 [running]> on host 87c449af332c
[2026-05-12T15:28:53.886+0000] {taskinstance.py:2648} INFO - Exporting env vars: AIRFLOW_CTX_DAG_OWNER='data_engineer' AIRFLOW_CTX_DAG_ID='abc_phones_etl_pipeline' AIRFLOW_CTX_TASK_ID='ingest_data' AIRFLOW_CTX_EXECUTION_DATE='2026-05-11T00:00:00+00:00' AIRFLOW_CTX_TRY_NUMBER='1' AIRFLOW_CTX_DAG_RUN_ID='scheduled__2026-05-11T00:00:00+00:00'
[2026-05-12T15:28:53.888+0000] {taskinstance.py:430} INFO - ::endgroup::
[2026-05-12T15:30:56.041+0000] {local_task_job_runner.py:313} WARNING - State of this instance has been externally set to None. Terminating instance.
[2026-05-12T15:30:56.046+0000] {local_task_job_runner.py:222} INFO - ::endgroup::
[2026-05-12T15:30:56.049+0000] {process_utils.py:132} INFO - Sending 15 to group 1606. PIDs of all processes in the group: [1606]
[2026-05-12T15:30:56.051+0000] {process_utils.py:87} INFO - Sending the signal 15 to group 1606
[2026-05-12T15:30:56.052+0000] {taskinstance.py:2611} ERROR - Received SIGTERM. Terminating subprocesses.
[2026-05-12T15:30:56.056+0000] {taskinstance.py:441} INFO - ::group::Post task execution logs
[2026-05-12T15:30:56.090+0000] {taskinstance.py:2905} ERROR - Task failed with exception
Traceback (most recent call last):
  File "/home/airflow/.local/lib/python3.12/site-packages/airflow/models/taskinstance.py", line 465, in _execute_task
    result = _execute_callable(context=context, **execute_callable_kwargs)
             ^^^^^^^^^^^^^^^^^^^^^^^^^^^^^^^^^^^^^^^^^^^^^^^^^^^^^^^^^^^^^
  File "/home/airflow/.local/lib/python3.12/site-packages/airflow/models/taskinstance.py", line 432, in _execute_callable
    return execute_callable(context=context, **execute_callable_kwargs)
           ^^^^^^^^^^^^^^^^^^^^^^^^^^^^^^^^^^^^^^^^^^^^^^^^^^^^^^^^^^^^
  File "/home/airflow/.local/lib/python3.12/site-packages/airflow/models/baseoperator.py", line 401, in wrapper
    return func(self, *args, **kwargs)
           ^^^^^^^^^^^^^^^^^^^^^^^^^^^
  File "/home/airflow/.local/lib/python3.12/site-packages/airflow/operators/python.py", line 235, in execute
    return_value = self.execute_callable()
                   ^^^^^^^^^^^^^^^^^^^^^^^
  File "/home/airflow/.local/lib/python3.12/site-packages/airflow/operators/python.py", line 252, in execute_callable
    return self.python_callable(*self.op_args, **self.op_kwargs)
           ^^^^^^^^^^^^^^^^^^^^^^^^^^^^^^^^^^^^^^^^^^^^^^^^^^^^^
  File "/opt/airflow/scripts/ingest.py", line 36, in run_ingestion
    sales_details.to_csv("/opt/airflow/data/silver/sales_details.csv", index=False)
  File "/home/airflow/.local/lib/python3.12/site-packages/pandas/core/generic.py", line 3902, in to_csv
    return DataFrameRenderer(formatter).to_csv(
           ^^^^^^^^^^^^^^^^^^^^^^^^^^^^^^^^^^^^
  File "/home/airflow/.local/lib/python3.12/site-packages/pandas/io/formats/format.py", line 1152, in to_csv
    csv_formatter.save()
  File "/home/airflow/.local/lib/python3.12/site-packages/pandas/io/formats/csvs.py", line 266, in save
    self._save()
  File "/home/airflow/.local/lib/python3.12/site-packages/pandas/io/formats/csvs.py", line 271, in _save
    self._save_body()
  File "/home/airflow/.local/lib/python3.12/site-packages/pandas/io/formats/csvs.py", line 309, in _save_body
    self._save_chunk(start_i, end_i)
  File "/home/airflow/.local/lib/python3.12/site-packages/pandas/io/formats/csvs.py", line 314, in _save_chunk
    df = self.obj.iloc[slicer]
         ~~~~~~~~~~~~~^^^^^^^^
  File "/home/airflow/.local/lib/python3.12/site-packages/pandas/core/indexing.py", line 1153, in __getitem__
    return self._getitem_axis(maybe_callable, axis=axis)
           ^^^^^^^^^^^^^^^^^^^^^^^^^^^^^^^^^^^^^^^^^^^^^
  File "/home/airflow/.local/lib/python3.12/site-packages/pandas/core/indexing.py", line 1691, in _getitem_axis
    return self._get_slice_axis(key, axis=axis)
           ^^^^^^^^^^^^^^^^^^^^^^^^^^^^^^^^^^^^
  File "/home/airflow/.local/lib/python3.12/site-packages/pandas/core/indexing.py", line 1727, in _get_slice_axis
    return self.obj._slice(slice_obj, axis=axis)
           ^^^^^^^^^^^^^^^^^^^^^^^^^^^^^^^^^^^^^
  File "/home/airflow/.local/lib/python3.12/site-packages/pandas/core/generic.py", line 4304, in _slice
    new_mgr = self._mgr.get_slice(slobj, axis=axis)
              ^^^^^^^^^^^^^^^^^^^^^^^^^^^^^^^^^^^^^
  File "internals.pyx", line 929, in pandas._libs.internals.BlockManager.get_slice
  File "internals.pyx", line 910, in pandas._libs.internals.BlockManager._slice_mgr_rows
  File "internals.pyx", line 746, in pandas._libs.internals.NDArrayBackedBlock.slice_block_rows
  File "internals.pyx", line 752, in pandas._libs.internals.NDArrayBackedBlock.slice_block_rows
  File "/home/airflow/.local/lib/python3.12/site-packages/pandas/core/arrays/datetimelike.py", line 368, in __getitem__
    def __getitem__(self, key: PositionalIndexer2D) -> Self | DTScalarOrNaT:
    
  File "/home/airflow/.local/lib/python3.12/site-packages/airflow/models/taskinstance.py", line 2613, in signal_handler
    raise AirflowTaskTerminated("Task received SIGTERM signal")
airflow.exceptions.AirflowTaskTerminated: Task received SIGTERM signal
[2026-05-12T15:30:56.117+0000] {taskinstance.py:1206} INFO - Marking task as FAILED. dag_id=abc_phones_etl_pipeline, task_id=ingest_data, run_id=scheduled__2026-05-11T00:00:00+00:00, execution_date=20260511T000000, start_date=20260512T152853, end_date=20260512T153056
[2026-05-12T15:30:56.156+0000] {standard_task_runner.py:110} ERROR - Failed to execute job 149 for task ingest_data ((psycopg2.errors.ForeignKeyViolation) insert or update on table "task_fail" violates foreign key constraint "task_fail_ti_fkey"
DETAIL:  Key (dag_id, task_id, run_id, map_index)=(abc_phones_etl_pipeline, ingest_data, scheduled__2026-05-11T00:00:00+00:00, -1) is not present in table "task_instance".

[SQL: INSERT INTO task_fail (task_id, dag_id, run_id, map_index, start_date, end_date, duration) VALUES (%(task_id)s, %(dag_id)s, %(run_id)s, %(map_index)s, %(start_date)s, %(end_date)s, %(duration)s) RETURNING task_fail.id]
[parameters: {'task_id': 'ingest_data', 'dag_id': 'abc_phones_etl_pipeline', 'run_id': 'scheduled__2026-05-11T00:00:00+00:00', 'map_index': -1, 'start_date': datetime.datetime(2026, 5, 12, 15, 28, 53, 629748, tzinfo=Timezone('UTC')), 'end_date': datetime.datetime(2026, 5, 12, 15, 30, 56, 116661, tzinfo=Timezone('UTC')), 'duration': 122}]
(Background on this error at: https://sqlalche.me/e/14/gkpj); 1606)
[2026-05-12T15:30:56.268+0000] {process_utils.py:80} INFO - Process psutil.Process(pid=1606, status='terminated', exitcode=1, started='15:28:52') (1606) terminated with exit code 1
[2026-05-12T15:31:12.560+0000] {local_task_job_runner.py:120} INFO - ::group::Pre task execution logs
[2026-05-12T15:31:12.608+0000] {taskinstance.py:2076} INFO - Dependencies all met for dep_context=non-requeueable deps ti=<TaskInstance: abc_phones_etl_pipeline.ingest_data scheduled__2026-05-11T00:00:00+00:00 [queued]>
[2026-05-12T15:31:12.619+0000] {taskinstance.py:2076} INFO - Dependencies all met for dep_context=requeueable deps ti=<TaskInstance: abc_phones_etl_pipeline.ingest_data scheduled__2026-05-11T00:00:00+00:00 [queued]>
[2026-05-12T15:31:12.620+0000] {taskinstance.py:2306} INFO - Starting attempt 1 of 2
[2026-05-12T15:31:12.640+0000] {taskinstance.py:2330} INFO - Executing <Task(PythonOperator): ingest_data> on 2026-05-11 00:00:00+00:00
[2026-05-12T15:31:12.652+0000] {standard_task_runner.py:90} INFO - Running: ['airflow', 'tasks', 'run', 'abc_phones_etl_pipeline', 'ingest_data', 'scheduled__2026-05-11T00:00:00+00:00', '--job-id', '151', '--raw', '--subdir', 'DAGS_FOLDER/abc_phones_etl_dag.py', '--cfg-path', '/tmp/tmpje89p3gz']
[2026-05-12T15:31:12.656+0000] {standard_task_runner.py:91} INFO - Job 151: Subtask ingest_data
[2026-05-12T15:31:12.659+0000] {logging_mixin.py:188} WARNING - /home/airflow/.local/lib/python3.12/site-packages/airflow/task/task_runner/standard_task_runner.py:62 DeprecationWarning: This process (pid=1623) is multi-threaded, use of fork() may lead to deadlocks in the child.
[2026-05-12T15:31:12.661+0000] {standard_task_runner.py:64} INFO - Started process 1628 to run task
[2026-05-12T15:31:12.746+0000] {task_command.py:426} INFO - Running <TaskInstance: abc_phones_etl_pipeline.ingest_data scheduled__2026-05-11T00:00:00+00:00 [running]> on host 87c449af332c
[2026-05-12T15:31:12.898+0000] {taskinstance.py:2648} INFO - Exporting env vars: AIRFLOW_CTX_DAG_OWNER='data_engineer' AIRFLOW_CTX_DAG_ID='abc_phones_etl_pipeline' AIRFLOW_CTX_TASK_ID='ingest_data' AIRFLOW_CTX_EXECUTION_DATE='2026-05-11T00:00:00+00:00' AIRFLOW_CTX_TRY_NUMBER='1' AIRFLOW_CTX_DAG_RUN_ID='scheduled__2026-05-11T00:00:00+00:00'
[2026-05-12T15:31:12.902+0000] {taskinstance.py:430} INFO - ::endgroup::
[2026-05-12T15:33:57.508+0000] {python.py:237} INFO - Done. Returned value was: None
[2026-05-12T15:33:57.509+0000] {taskinstance.py:441} INFO - ::group::Post task execution logs
[2026-05-12T15:33:57.532+0000] {taskinstance.py:1206} INFO - Marking task as SUCCESS. dag_id=abc_phones_etl_pipeline, task_id=ingest_data, run_id=scheduled__2026-05-11T00:00:00+00:00, execution_date=20260511T000000, start_date=20260512T153112, end_date=20260512T153357
[2026-05-12T15:33:57.627+0000] {local_task_job_runner.py:243} INFO - Task exited with return code 0
[2026-05-12T15:33:57.681+0000] {taskinstance.py:3503} INFO - 1 downstream tasks scheduled from follow-on schedule check
[2026-05-12T15:33:57.687+0000] {local_task_job_runner.py:222} INFO - ::endgroup::
