[2026-05-13T11:37:51.343+0000] {processor.py:161} INFO - Started process (PID=22) to work on /opt/airflow/dags/abc_phones_etl_dag.py
[2026-05-13T11:37:51.358+0000] {processor.py:830} INFO - Processing file /opt/airflow/dags/abc_phones_etl_dag.py for tasks to queue
[2026-05-13T11:37:51.395+0000] {logging_mixin.py:188} INFO - [2026-05-13T11:37:51.393+0000] {dagbag.py:545} INFO - Filling up the DagBag from /opt/airflow/dags/abc_phones_etl_dag.py
[2026-05-13T11:37:53.191+0000] {processor.py:840} INFO - DAG(s) 'abc_phones_etl_pipeline' retrieved from /opt/airflow/dags/abc_phones_etl_dag.py
[2026-05-13T11:37:53.283+0000] {logging_mixin.py:188} INFO - [2026-05-13T11:37:53.283+0000] {dag.py:3089} INFO - Sync 1 DAGs
[2026-05-13T11:37:53.544+0000] {logging_mixin.py:188} INFO - [2026-05-13T11:37:53.543+0000] {dag.py:3947} INFO - Setting next_dagrun for abc_phones_etl_pipeline to 2026-05-12 00:00:00+00:00, run_after=2026-05-13 00:00:00+00:00
[2026-05-13T11:37:53.608+0000] {processor.py:183} INFO - Processing /opt/airflow/dags/abc_phones_etl_dag.py took 2.344 seconds
[2026-05-13T11:38:24.418+0000] {processor.py:161} INFO - Started process (PID=24) to work on /opt/airflow/dags/abc_phones_etl_dag.py
[2026-05-13T11:38:24.426+0000] {processor.py:830} INFO - Processing file /opt/airflow/dags/abc_phones_etl_dag.py for tasks to queue
[2026-05-13T11:38:24.436+0000] {logging_mixin.py:188} INFO - [2026-05-13T11:38:24.435+0000] {dagbag.py:545} INFO - Filling up the DagBag from /opt/airflow/dags/abc_phones_etl_dag.py
[2026-05-13T11:38:26.561+0000] {processor.py:840} INFO - DAG(s) 'abc_phones_etl_pipeline' retrieved from /opt/airflow/dags/abc_phones_etl_dag.py
[2026-05-13T11:38:26.641+0000] {logging_mixin.py:188} INFO - [2026-05-13T11:38:26.640+0000] {dag.py:3089} INFO - Sync 1 DAGs
[2026-05-13T11:38:26.685+0000] {logging_mixin.py:188} INFO - [2026-05-13T11:38:26.685+0000] {dag.py:3947} INFO - Setting next_dagrun for abc_phones_etl_pipeline to 2026-05-12 00:00:00+00:00, run_after=2026-05-13 00:00:00+00:00
[2026-05-13T11:38:26.736+0000] {processor.py:183} INFO - Processing /opt/airflow/dags/abc_phones_etl_dag.py took 2.367 seconds
[2026-05-13T11:38:57.227+0000] {processor.py:161} INFO - Started process (PID=26) to work on /opt/airflow/dags/abc_phones_etl_dag.py
[2026-05-13T11:38:57.233+0000] {processor.py:830} INFO - Processing file /opt/airflow/dags/abc_phones_etl_dag.py for tasks to queue
[2026-05-13T11:38:57.238+0000] {logging_mixin.py:188} INFO - [2026-05-13T11:38:57.237+0000] {dagbag.py:545} INFO - Filling up the DagBag from /opt/airflow/dags/abc_phones_etl_dag.py
[2026-05-13T11:38:58.597+0000] {processor.py:840} INFO - DAG(s) 'abc_phones_etl_pipeline' retrieved from /opt/airflow/dags/abc_phones_etl_dag.py
[2026-05-13T11:38:58.648+0000] {logging_mixin.py:188} INFO - [2026-05-13T11:38:58.647+0000] {dag.py:3089} INFO - Sync 1 DAGs
[2026-05-13T11:38:58.688+0000] {logging_mixin.py:188} INFO - [2026-05-13T11:38:58.688+0000] {dag.py:3947} INFO - Setting next_dagrun for abc_phones_etl_pipeline to 2026-05-12 00:00:00+00:00, run_after=2026-05-13 00:00:00+00:00
[2026-05-13T11:38:58.719+0000] {processor.py:183} INFO - Processing /opt/airflow/dags/abc_phones_etl_dag.py took 1.506 seconds
[2026-05-13T11:39:28.937+0000] {processor.py:161} INFO - Started process (PID=28) to work on /opt/airflow/dags/abc_phones_etl_dag.py
[2026-05-13T11:39:28.948+0000] {processor.py:830} INFO - Processing file /opt/airflow/dags/abc_phones_etl_dag.py for tasks to queue
[2026-05-13T11:39:28.953+0000] {logging_mixin.py:188} INFO - [2026-05-13T11:39:28.952+0000] {dagbag.py:545} INFO - Filling up the DagBag from /opt/airflow/dags/abc_phones_etl_dag.py
[2026-05-13T11:39:30.638+0000] {processor.py:840} INFO - DAG(s) 'abc_phones_etl_pipeline' retrieved from /opt/airflow/dags/abc_phones_etl_dag.py
[2026-05-13T11:39:30.683+0000] {logging_mixin.py:188} INFO - [2026-05-13T11:39:30.683+0000] {dag.py:3089} INFO - Sync 1 DAGs
[2026-05-13T11:39:30.716+0000] {logging_mixin.py:188} INFO - [2026-05-13T11:39:30.716+0000] {dag.py:3947} INFO - Setting next_dagrun for abc_phones_etl_pipeline to 2026-05-12 00:00:00+00:00, run_after=2026-05-13 00:00:00+00:00
[2026-05-13T11:39:30.749+0000] {processor.py:183} INFO - Processing /opt/airflow/dags/abc_phones_etl_dag.py took 1.831 seconds
[2026-05-13T11:40:01.073+0000] {processor.py:161} INFO - Started process (PID=30) to work on /opt/airflow/dags/abc_phones_etl_dag.py
[2026-05-13T11:40:01.074+0000] {processor.py:830} INFO - Processing file /opt/airflow/dags/abc_phones_etl_dag.py for tasks to queue
[2026-05-13T11:40:01.076+0000] {logging_mixin.py:188} INFO - [2026-05-13T11:40:01.076+0000] {dagbag.py:545} INFO - Filling up the DagBag from /opt/airflow/dags/abc_phones_etl_dag.py
[2026-05-13T11:40:02.095+0000] {processor.py:840} INFO - DAG(s) 'abc_phones_etl_pipeline' retrieved from /opt/airflow/dags/abc_phones_etl_dag.py
[2026-05-13T11:40:02.150+0000] {logging_mixin.py:188} INFO - [2026-05-13T11:40:02.149+0000] {dag.py:3089} INFO - Sync 1 DAGs
[2026-05-13T11:40:02.193+0000] {logging_mixin.py:188} INFO - [2026-05-13T11:40:02.192+0000] {dag.py:3947} INFO - Setting next_dagrun for abc_phones_etl_pipeline to 2026-05-12 00:00:00+00:00, run_after=2026-05-13 00:00:00+00:00
[2026-05-13T11:40:02.229+0000] {processor.py:183} INFO - Processing /opt/airflow/dags/abc_phones_etl_dag.py took 1.168 seconds
[2026-05-13T11:40:32.432+0000] {processor.py:161} INFO - Started process (PID=32) to work on /opt/airflow/dags/abc_phones_etl_dag.py
[2026-05-13T11:40:32.434+0000] {processor.py:830} INFO - Processing file /opt/airflow/dags/abc_phones_etl_dag.py for tasks to queue
[2026-05-13T11:40:32.436+0000] {logging_mixin.py:188} INFO - [2026-05-13T11:40:32.436+0000] {dagbag.py:545} INFO - Filling up the DagBag from /opt/airflow/dags/abc_phones_etl_dag.py
[2026-05-13T11:40:32.916+0000] {processor.py:840} INFO - DAG(s) 'abc_phones_etl_pipeline' retrieved from /opt/airflow/dags/abc_phones_etl_dag.py
[2026-05-13T11:40:32.969+0000] {logging_mixin.py:188} INFO - [2026-05-13T11:40:32.967+0000] {dag.py:3089} INFO - Sync 1 DAGs
[2026-05-13T11:40:33.221+0000] {logging_mixin.py:188} INFO - [2026-05-13T11:40:33.220+0000] {dag.py:3947} INFO - Setting next_dagrun for abc_phones_etl_pipeline to 2026-05-12 00:00:00+00:00, run_after=2026-05-13 00:00:00+00:00
[2026-05-13T11:40:33.254+0000] {processor.py:183} INFO - Processing /opt/airflow/dags/abc_phones_etl_dag.py took 0.829 seconds
[2026-05-13T11:41:03.618+0000] {processor.py:161} INFO - Started process (PID=39) to work on /opt/airflow/dags/abc_phones_etl_dag.py
[2026-05-13T11:41:03.627+0000] {processor.py:830} INFO - Processing file /opt/airflow/dags/abc_phones_etl_dag.py for tasks to queue
[2026-05-13T11:41:03.636+0000] {logging_mixin.py:188} INFO - [2026-05-13T11:41:03.635+0000] {dagbag.py:545} INFO - Filling up the DagBag from /opt/airflow/dags/abc_phones_etl_dag.py
[2026-05-13T11:41:04.734+0000] {processor.py:840} INFO - DAG(s) 'abc_phones_etl_pipeline' retrieved from /opt/airflow/dags/abc_phones_etl_dag.py
[2026-05-13T11:41:05.129+0000] {logging_mixin.py:188} INFO - [2026-05-13T11:41:05.129+0000] {dag.py:3089} INFO - Sync 1 DAGs
[2026-05-13T11:41:05.173+0000] {logging_mixin.py:188} INFO - [2026-05-13T11:41:05.173+0000] {dag.py:3947} INFO - Setting next_dagrun for abc_phones_etl_pipeline to 2026-05-13 00:00:00+00:00, run_after=2026-05-14 00:00:00+00:00
[2026-05-13T11:41:05.208+0000] {processor.py:183} INFO - Processing /opt/airflow/dags/abc_phones_etl_dag.py took 1.622 seconds
[2026-05-13T11:41:35.847+0000] {processor.py:161} INFO - Started process (PID=48) to work on /opt/airflow/dags/abc_phones_etl_dag.py
[2026-05-13T11:41:35.852+0000] {processor.py:830} INFO - Processing file /opt/airflow/dags/abc_phones_etl_dag.py for tasks to queue
[2026-05-13T11:41:35.859+0000] {logging_mixin.py:188} INFO - [2026-05-13T11:41:35.858+0000] {dagbag.py:545} INFO - Filling up the DagBag from /opt/airflow/dags/abc_phones_etl_dag.py
[2026-05-13T11:41:38.171+0000] {processor.py:840} INFO - DAG(s) 'abc_phones_etl_pipeline' retrieved from /opt/airflow/dags/abc_phones_etl_dag.py
[2026-05-13T11:41:38.287+0000] {logging_mixin.py:188} INFO - [2026-05-13T11:41:38.286+0000] {dag.py:3089} INFO - Sync 1 DAGs
[2026-05-13T11:41:38.329+0000] {logging_mixin.py:188} INFO - [2026-05-13T11:41:38.328+0000] {dag.py:3947} INFO - Setting next_dagrun for abc_phones_etl_pipeline to 2026-05-12 00:00:00+00:00, run_after=2026-05-13 00:00:00+00:00
[2026-05-13T11:41:38.377+0000] {processor.py:183} INFO - Processing /opt/airflow/dags/abc_phones_etl_dag.py took 2.558 seconds
[2026-05-13T11:42:08.642+0000] {processor.py:161} INFO - Started process (PID=50) to work on /opt/airflow/dags/abc_phones_etl_dag.py
[2026-05-13T11:42:08.644+0000] {processor.py:830} INFO - Processing file /opt/airflow/dags/abc_phones_etl_dag.py for tasks to queue
[2026-05-13T11:42:08.647+0000] {logging_mixin.py:188} INFO - [2026-05-13T11:42:08.647+0000] {dagbag.py:545} INFO - Filling up the DagBag from /opt/airflow/dags/abc_phones_etl_dag.py
[2026-05-13T11:42:10.478+0000] {processor.py:840} INFO - DAG(s) 'abc_phones_etl_pipeline' retrieved from /opt/airflow/dags/abc_phones_etl_dag.py
[2026-05-13T11:42:10.534+0000] {logging_mixin.py:188} INFO - [2026-05-13T11:42:10.533+0000] {dag.py:3089} INFO - Sync 1 DAGs
[2026-05-13T11:42:10.581+0000] {logging_mixin.py:188} INFO - [2026-05-13T11:42:10.581+0000] {dag.py:3947} INFO - Setting next_dagrun for abc_phones_etl_pipeline to 2026-05-12 00:00:00+00:00, run_after=2026-05-13 00:00:00+00:00
[2026-05-13T11:42:10.635+0000] {processor.py:183} INFO - Processing /opt/airflow/dags/abc_phones_etl_dag.py took 2.007 seconds
[2026-05-13T11:42:41.336+0000] {processor.py:161} INFO - Started process (PID=52) to work on /opt/airflow/dags/abc_phones_etl_dag.py
[2026-05-13T11:42:41.339+0000] {processor.py:830} INFO - Processing file /opt/airflow/dags/abc_phones_etl_dag.py for tasks to queue
[2026-05-13T11:42:41.350+0000] {logging_mixin.py:188} INFO - [2026-05-13T11:42:41.349+0000] {dagbag.py:545} INFO - Filling up the DagBag from /opt/airflow/dags/abc_phones_etl_dag.py
[2026-05-13T11:42:46.712+0000] {processor.py:840} INFO - DAG(s) 'abc_phones_etl_pipeline' retrieved from /opt/airflow/dags/abc_phones_etl_dag.py
[2026-05-13T11:42:46.880+0000] {logging_mixin.py:188} INFO - [2026-05-13T11:42:46.880+0000] {dag.py:3089} INFO - Sync 1 DAGs
[2026-05-13T11:42:47.091+0000] {logging_mixin.py:188} INFO - [2026-05-13T11:42:47.091+0000] {dag.py:3947} INFO - Setting next_dagrun for abc_phones_etl_pipeline to 2026-05-12 00:00:00+00:00, run_after=2026-05-13 00:00:00+00:00
[2026-05-13T11:42:47.223+0000] {processor.py:183} INFO - Processing /opt/airflow/dags/abc_phones_etl_dag.py took 5.968 seconds
[2026-05-13T11:43:17.904+0000] {processor.py:161} INFO - Started process (PID=54) to work on /opt/airflow/dags/abc_phones_etl_dag.py
[2026-05-13T11:43:17.906+0000] {processor.py:830} INFO - Processing file /opt/airflow/dags/abc_phones_etl_dag.py for tasks to queue
[2026-05-13T11:43:17.911+0000] {logging_mixin.py:188} INFO - [2026-05-13T11:43:17.910+0000] {dagbag.py:545} INFO - Filling up the DagBag from /opt/airflow/dags/abc_phones_etl_dag.py
[2026-05-13T11:43:19.894+0000] {processor.py:840} INFO - DAG(s) 'abc_phones_etl_pipeline' retrieved from /opt/airflow/dags/abc_phones_etl_dag.py
[2026-05-13T11:43:20.004+0000] {logging_mixin.py:188} INFO - [2026-05-13T11:43:20.002+0000] {dag.py:3089} INFO - Sync 1 DAGs
[2026-05-13T11:43:20.102+0000] {logging_mixin.py:188} INFO - [2026-05-13T11:43:20.101+0000] {dag.py:3947} INFO - Setting next_dagrun for abc_phones_etl_pipeline to 2026-05-12 00:00:00+00:00, run_after=2026-05-13 00:00:00+00:00
[2026-05-13T11:43:20.194+0000] {processor.py:183} INFO - Processing /opt/airflow/dags/abc_phones_etl_dag.py took 2.313 seconds
[2026-05-13T11:43:51.871+0000] {processor.py:161} INFO - Started process (PID=56) to work on /opt/airflow/dags/abc_phones_etl_dag.py
[2026-05-13T11:43:51.942+0000] {processor.py:830} INFO - Processing file /opt/airflow/dags/abc_phones_etl_dag.py for tasks to queue
[2026-05-13T11:43:51.963+0000] {logging_mixin.py:188} INFO - [2026-05-13T11:43:51.960+0000] {dagbag.py:545} INFO - Filling up the DagBag from /opt/airflow/dags/abc_phones_etl_dag.py
[2026-05-13T11:44:02.492+0000] {processor.py:840} INFO - DAG(s) 'abc_phones_etl_pipeline' retrieved from /opt/airflow/dags/abc_phones_etl_dag.py
[2026-05-13T11:44:02.699+0000] {logging_mixin.py:188} INFO - [2026-05-13T11:44:02.694+0000] {dag.py:3089} INFO - Sync 1 DAGs
[2026-05-13T11:44:02.859+0000] {logging_mixin.py:188} INFO - [2026-05-13T11:44:02.859+0000] {dag.py:3947} INFO - Setting next_dagrun for abc_phones_etl_pipeline to 2026-05-12 00:00:00+00:00, run_after=2026-05-13 00:00:00+00:00
[2026-05-13T11:44:02.984+0000] {processor.py:183} INFO - Processing /opt/airflow/dags/abc_phones_etl_dag.py took 11.782 seconds
[2026-05-13T11:44:33.660+0000] {processor.py:161} INFO - Started process (PID=58) to work on /opt/airflow/dags/abc_phones_etl_dag.py
[2026-05-13T11:44:33.661+0000] {processor.py:830} INFO - Processing file /opt/airflow/dags/abc_phones_etl_dag.py for tasks to queue
[2026-05-13T11:44:33.668+0000] {logging_mixin.py:188} INFO - [2026-05-13T11:44:33.668+0000] {dagbag.py:545} INFO - Filling up the DagBag from /opt/airflow/dags/abc_phones_etl_dag.py
[2026-05-13T11:44:35.198+0000] {processor.py:840} INFO - DAG(s) 'abc_phones_etl_pipeline' retrieved from /opt/airflow/dags/abc_phones_etl_dag.py
[2026-05-13T11:44:35.530+0000] {logging_mixin.py:188} INFO - [2026-05-13T11:44:35.528+0000] {dag.py:3089} INFO - Sync 1 DAGs
[2026-05-13T11:44:35.582+0000] {logging_mixin.py:188} INFO - [2026-05-13T11:44:35.581+0000] {dag.py:3947} INFO - Setting next_dagrun for abc_phones_etl_pipeline to 2026-05-12 00:00:00+00:00, run_after=2026-05-13 00:00:00+00:00
[2026-05-13T11:44:35.625+0000] {processor.py:183} INFO - Processing /opt/airflow/dags/abc_phones_etl_dag.py took 1.987 seconds
[2026-05-13T11:45:05.911+0000] {processor.py:161} INFO - Started process (PID=60) to work on /opt/airflow/dags/abc_phones_etl_dag.py
[2026-05-13T11:45:05.913+0000] {processor.py:830} INFO - Processing file /opt/airflow/dags/abc_phones_etl_dag.py for tasks to queue
[2026-05-13T11:45:05.916+0000] {logging_mixin.py:188} INFO - [2026-05-13T11:45:05.915+0000] {dagbag.py:545} INFO - Filling up the DagBag from /opt/airflow/dags/abc_phones_etl_dag.py
[2026-05-13T11:45:06.872+0000] {processor.py:840} INFO - DAG(s) 'abc_phones_etl_pipeline' retrieved from /opt/airflow/dags/abc_phones_etl_dag.py
[2026-05-13T11:45:06.976+0000] {logging_mixin.py:188} INFO - [2026-05-13T11:45:06.975+0000] {dag.py:3089} INFO - Sync 1 DAGs
[2026-05-13T11:45:07.040+0000] {logging_mixin.py:188} INFO - [2026-05-13T11:45:07.040+0000] {dag.py:3947} INFO - Setting next_dagrun for abc_phones_etl_pipeline to 2026-05-12 00:00:00+00:00, run_after=2026-05-13 00:00:00+00:00
[2026-05-13T11:45:07.103+0000] {processor.py:183} INFO - Processing /opt/airflow/dags/abc_phones_etl_dag.py took 1.201 seconds
[2026-05-13T11:45:37.384+0000] {processor.py:161} INFO - Started process (PID=62) to work on /opt/airflow/dags/abc_phones_etl_dag.py
[2026-05-13T11:45:37.386+0000] {processor.py:830} INFO - Processing file /opt/airflow/dags/abc_phones_etl_dag.py for tasks to queue
[2026-05-13T11:45:37.391+0000] {logging_mixin.py:188} INFO - [2026-05-13T11:45:37.390+0000] {dagbag.py:545} INFO - Filling up the DagBag from /opt/airflow/dags/abc_phones_etl_dag.py
[2026-05-13T11:45:38.558+0000] {processor.py:840} INFO - DAG(s) 'abc_phones_etl_pipeline' retrieved from /opt/airflow/dags/abc_phones_etl_dag.py
[2026-05-13T11:45:38.626+0000] {logging_mixin.py:188} INFO - [2026-05-13T11:45:38.625+0000] {dag.py:3089} INFO - Sync 1 DAGs
[2026-05-13T11:45:38.678+0000] {logging_mixin.py:188} INFO - [2026-05-13T11:45:38.676+0000] {dag.py:3947} INFO - Setting next_dagrun for abc_phones_etl_pipeline to 2026-05-12 00:00:00+00:00, run_after=2026-05-13 00:00:00+00:00
[2026-05-13T11:45:38.714+0000] {processor.py:183} INFO - Processing /opt/airflow/dags/abc_phones_etl_dag.py took 1.344 seconds
[2026-05-13T11:46:08.986+0000] {processor.py:161} INFO - Started process (PID=70) to work on /opt/airflow/dags/abc_phones_etl_dag.py
[2026-05-13T11:46:08.989+0000] {processor.py:830} INFO - Processing file /opt/airflow/dags/abc_phones_etl_dag.py for tasks to queue
[2026-05-13T11:46:09.001+0000] {logging_mixin.py:188} INFO - [2026-05-13T11:46:09.001+0000] {dagbag.py:545} INFO - Filling up the DagBag from /opt/airflow/dags/abc_phones_etl_dag.py
[2026-05-13T11:46:10.078+0000] {processor.py:840} INFO - DAG(s) 'abc_phones_etl_pipeline' retrieved from /opt/airflow/dags/abc_phones_etl_dag.py
[2026-05-13T11:46:10.120+0000] {logging_mixin.py:188} INFO - [2026-05-13T11:46:10.119+0000] {dag.py:3089} INFO - Sync 1 DAGs
[2026-05-13T11:46:10.147+0000] {logging_mixin.py:188} INFO - [2026-05-13T11:46:10.147+0000] {dag.py:3947} INFO - Setting next_dagrun for abc_phones_etl_pipeline to 2026-05-13 00:00:00+00:00, run_after=2026-05-14 00:00:00+00:00
[2026-05-13T11:46:10.190+0000] {processor.py:183} INFO - Processing /opt/airflow/dags/abc_phones_etl_dag.py took 1.222 seconds
[2026-05-13T11:46:40.423+0000] {processor.py:161} INFO - Started process (PID=72) to work on /opt/airflow/dags/abc_phones_etl_dag.py
[2026-05-13T11:46:40.424+0000] {processor.py:830} INFO - Processing file /opt/airflow/dags/abc_phones_etl_dag.py for tasks to queue
[2026-05-13T11:46:40.426+0000] {logging_mixin.py:188} INFO - [2026-05-13T11:46:40.426+0000] {dagbag.py:545} INFO - Filling up the DagBag from /opt/airflow/dags/abc_phones_etl_dag.py
[2026-05-13T11:46:41.483+0000] {processor.py:840} INFO - DAG(s) 'abc_phones_etl_pipeline' retrieved from /opt/airflow/dags/abc_phones_etl_dag.py
[2026-05-13T11:46:41.529+0000] {logging_mixin.py:188} INFO - [2026-05-13T11:46:41.528+0000] {dag.py:3089} INFO - Sync 1 DAGs
[2026-05-13T11:46:41.558+0000] {logging_mixin.py:188} INFO - [2026-05-13T11:46:41.557+0000] {dag.py:3947} INFO - Setting next_dagrun for abc_phones_etl_pipeline to 2026-05-13 00:00:00+00:00, run_after=2026-05-14 00:00:00+00:00
[2026-05-13T11:46:41.589+0000] {processor.py:183} INFO - Processing /opt/airflow/dags/abc_phones_etl_dag.py took 1.175 seconds
[2026-05-13T11:47:11.801+0000] {processor.py:161} INFO - Started process (PID=74) to work on /opt/airflow/dags/abc_phones_etl_dag.py
[2026-05-13T11:47:11.802+0000] {processor.py:830} INFO - Processing file /opt/airflow/dags/abc_phones_etl_dag.py for tasks to queue
[2026-05-13T11:47:11.804+0000] {logging_mixin.py:188} INFO - [2026-05-13T11:47:11.804+0000] {dagbag.py:545} INFO - Filling up the DagBag from /opt/airflow/dags/abc_phones_etl_dag.py
[2026-05-13T11:47:12.534+0000] {processor.py:840} INFO - DAG(s) 'abc_phones_etl_pipeline' retrieved from /opt/airflow/dags/abc_phones_etl_dag.py
[2026-05-13T11:47:12.978+0000] {logging_mixin.py:188} INFO - [2026-05-13T11:47:12.978+0000] {dag.py:3089} INFO - Sync 1 DAGs
[2026-05-13T11:47:13.024+0000] {logging_mixin.py:188} INFO - [2026-05-13T11:47:13.023+0000] {dag.py:3947} INFO - Setting next_dagrun for abc_phones_etl_pipeline to 2026-05-13 00:00:00+00:00, run_after=2026-05-14 00:00:00+00:00
[2026-05-13T11:47:13.065+0000] {processor.py:183} INFO - Processing /opt/airflow/dags/abc_phones_etl_dag.py took 1.273 seconds
[2026-05-13T11:47:43.196+0000] {processor.py:161} INFO - Started process (PID=76) to work on /opt/airflow/dags/abc_phones_etl_dag.py
[2026-05-13T11:47:43.198+0000] {processor.py:830} INFO - Processing file /opt/airflow/dags/abc_phones_etl_dag.py for tasks to queue
[2026-05-13T11:47:43.202+0000] {logging_mixin.py:188} INFO - [2026-05-13T11:47:43.201+0000] {dagbag.py:545} INFO - Filling up the DagBag from /opt/airflow/dags/abc_phones_etl_dag.py
[2026-05-13T11:47:43.960+0000] {processor.py:840} INFO - DAG(s) 'abc_phones_etl_pipeline' retrieved from /opt/airflow/dags/abc_phones_etl_dag.py
[2026-05-13T11:47:44.201+0000] {logging_mixin.py:188} INFO - [2026-05-13T11:47:44.200+0000] {dag.py:3089} INFO - Sync 1 DAGs
[2026-05-13T11:47:44.231+0000] {logging_mixin.py:188} INFO - [2026-05-13T11:47:44.230+0000] {dag.py:3947} INFO - Setting next_dagrun for abc_phones_etl_pipeline to 2026-05-13 00:00:00+00:00, run_after=2026-05-14 00:00:00+00:00
[2026-05-13T11:47:44.257+0000] {processor.py:183} INFO - Processing /opt/airflow/dags/abc_phones_etl_dag.py took 1.078 seconds
[2026-05-13T11:48:14.597+0000] {processor.py:161} INFO - Started process (PID=78) to work on /opt/airflow/dags/abc_phones_etl_dag.py
[2026-05-13T11:48:14.599+0000] {processor.py:830} INFO - Processing file /opt/airflow/dags/abc_phones_etl_dag.py for tasks to queue
[2026-05-13T11:48:14.602+0000] {logging_mixin.py:188} INFO - [2026-05-13T11:48:14.602+0000] {dagbag.py:545} INFO - Filling up the DagBag from /opt/airflow/dags/abc_phones_etl_dag.py
[2026-05-13T11:48:15.774+0000] {processor.py:840} INFO - DAG(s) 'abc_phones_etl_pipeline' retrieved from /opt/airflow/dags/abc_phones_etl_dag.py
[2026-05-13T11:48:15.857+0000] {logging_mixin.py:188} INFO - [2026-05-13T11:48:15.855+0000] {dag.py:3089} INFO - Sync 1 DAGs
[2026-05-13T11:48:15.900+0000] {logging_mixin.py:188} INFO - [2026-05-13T11:48:15.900+0000] {dag.py:3947} INFO - Setting next_dagrun for abc_phones_etl_pipeline to 2026-05-13 00:00:00+00:00, run_after=2026-05-14 00:00:00+00:00
[2026-05-13T11:48:15.946+0000] {processor.py:183} INFO - Processing /opt/airflow/dags/abc_phones_etl_dag.py took 1.368 seconds
[2026-05-13T11:48:46.209+0000] {processor.py:161} INFO - Started process (PID=86) to work on /opt/airflow/dags/abc_phones_etl_dag.py
[2026-05-13T11:48:46.211+0000] {processor.py:830} INFO - Processing file /opt/airflow/dags/abc_phones_etl_dag.py for tasks to queue
[2026-05-13T11:48:46.214+0000] {logging_mixin.py:188} INFO - [2026-05-13T11:48:46.214+0000] {dagbag.py:545} INFO - Filling up the DagBag from /opt/airflow/dags/abc_phones_etl_dag.py
[2026-05-13T11:48:47.252+0000] {processor.py:840} INFO - DAG(s) 'abc_phones_etl_pipeline' retrieved from /opt/airflow/dags/abc_phones_etl_dag.py
[2026-05-13T11:48:47.299+0000] {logging_mixin.py:188} INFO - [2026-05-13T11:48:47.298+0000] {dag.py:3089} INFO - Sync 1 DAGs
[2026-05-13T11:48:47.331+0000] {logging_mixin.py:188} INFO - [2026-05-13T11:48:47.330+0000] {dag.py:3947} INFO - Setting next_dagrun for abc_phones_etl_pipeline to 2026-05-13 00:00:00+00:00, run_after=2026-05-14 00:00:00+00:00
[2026-05-13T11:48:47.361+0000] {processor.py:183} INFO - Processing /opt/airflow/dags/abc_phones_etl_dag.py took 1.164 seconds
[2026-05-13T11:49:22.298+0000] {processor.py:161} INFO - Started process (PID=95) to work on /opt/airflow/dags/abc_phones_etl_dag.py
[2026-05-13T11:49:22.326+0000] {processor.py:830} INFO - Processing file /opt/airflow/dags/abc_phones_etl_dag.py for tasks to queue
[2026-05-13T11:49:22.330+0000] {logging_mixin.py:188} INFO - [2026-05-13T11:49:22.329+0000] {dagbag.py:545} INFO - Filling up the DagBag from /opt/airflow/dags/abc_phones_etl_dag.py
[2026-05-13T11:49:24.211+0000] {processor.py:840} INFO - DAG(s) 'abc_phones_etl_pipeline' retrieved from /opt/airflow/dags/abc_phones_etl_dag.py
[2026-05-13T11:49:24.276+0000] {logging_mixin.py:188} INFO - [2026-05-13T11:49:24.275+0000] {dag.py:3089} INFO - Sync 1 DAGs
[2026-05-13T11:49:24.312+0000] {logging_mixin.py:188} INFO - [2026-05-13T11:49:24.312+0000] {dag.py:3947} INFO - Setting next_dagrun for abc_phones_etl_pipeline to 2026-05-13 00:00:00+00:00, run_after=2026-05-14 00:00:00+00:00
[2026-05-13T11:49:24.346+0000] {processor.py:183} INFO - Processing /opt/airflow/dags/abc_phones_etl_dag.py took 2.113 seconds
[2026-05-13T11:49:54.478+0000] {processor.py:161} INFO - Started process (PID=120) to work on /opt/airflow/dags/abc_phones_etl_dag.py
[2026-05-13T11:49:54.479+0000] {processor.py:830} INFO - Processing file /opt/airflow/dags/abc_phones_etl_dag.py for tasks to queue
[2026-05-13T11:49:54.482+0000] {logging_mixin.py:188} INFO - [2026-05-13T11:49:54.482+0000] {dagbag.py:545} INFO - Filling up the DagBag from /opt/airflow/dags/abc_phones_etl_dag.py
[2026-05-13T11:49:55.100+0000] {processor.py:840} INFO - DAG(s) 'abc_phones_etl_pipeline' retrieved from /opt/airflow/dags/abc_phones_etl_dag.py
[2026-05-13T11:49:55.134+0000] {logging_mixin.py:188} INFO - [2026-05-13T11:49:55.133+0000] {dag.py:3089} INFO - Sync 1 DAGs
[2026-05-13T11:49:55.164+0000] {logging_mixin.py:188} INFO - [2026-05-13T11:49:55.164+0000] {dag.py:3947} INFO - Setting next_dagrun for abc_phones_etl_pipeline to 2026-05-13 00:00:00+00:00, run_after=2026-05-14 00:00:00+00:00
[2026-05-13T11:49:55.192+0000] {processor.py:183} INFO - Processing /opt/airflow/dags/abc_phones_etl_dag.py took 0.725 seconds
[2026-05-13T11:50:25.437+0000] {processor.py:161} INFO - Started process (PID=122) to work on /opt/airflow/dags/abc_phones_etl_dag.py
[2026-05-13T11:50:25.439+0000] {processor.py:830} INFO - Processing file /opt/airflow/dags/abc_phones_etl_dag.py for tasks to queue
[2026-05-13T11:50:25.443+0000] {logging_mixin.py:188} INFO - [2026-05-13T11:50:25.442+0000] {dagbag.py:545} INFO - Filling up the DagBag from /opt/airflow/dags/abc_phones_etl_dag.py
[2026-05-13T11:50:26.050+0000] {processor.py:840} INFO - DAG(s) 'abc_phones_etl_pipeline' retrieved from /opt/airflow/dags/abc_phones_etl_dag.py
[2026-05-13T11:50:26.262+0000] {logging_mixin.py:188} INFO - [2026-05-13T11:50:26.262+0000] {dag.py:3089} INFO - Sync 1 DAGs
[2026-05-13T11:50:26.286+0000] {logging_mixin.py:188} INFO - [2026-05-13T11:50:26.286+0000] {dag.py:3947} INFO - Setting next_dagrun for abc_phones_etl_pipeline to 2026-05-13 00:00:00+00:00, run_after=2026-05-14 00:00:00+00:00
[2026-05-13T11:50:26.310+0000] {processor.py:183} INFO - Processing /opt/airflow/dags/abc_phones_etl_dag.py took 0.891 seconds
[2026-05-13T11:50:56.608+0000] {processor.py:161} INFO - Started process (PID=124) to work on /opt/airflow/dags/abc_phones_etl_dag.py
[2026-05-13T11:50:56.610+0000] {processor.py:830} INFO - Processing file /opt/airflow/dags/abc_phones_etl_dag.py for tasks to queue
[2026-05-13T11:50:56.614+0000] {logging_mixin.py:188} INFO - [2026-05-13T11:50:56.613+0000] {dagbag.py:545} INFO - Filling up the DagBag from /opt/airflow/dags/abc_phones_etl_dag.py
[2026-05-13T11:50:57.548+0000] {processor.py:840} INFO - DAG(s) 'abc_phones_etl_pipeline' retrieved from /opt/airflow/dags/abc_phones_etl_dag.py
[2026-05-13T11:50:57.606+0000] {logging_mixin.py:188} INFO - [2026-05-13T11:50:57.605+0000] {dag.py:3089} INFO - Sync 1 DAGs
[2026-05-13T11:50:57.644+0000] {logging_mixin.py:188} INFO - [2026-05-13T11:50:57.643+0000] {dag.py:3947} INFO - Setting next_dagrun for abc_phones_etl_pipeline to 2026-05-13 00:00:00+00:00, run_after=2026-05-14 00:00:00+00:00
[2026-05-13T11:50:57.690+0000] {processor.py:183} INFO - Processing /opt/airflow/dags/abc_phones_etl_dag.py took 1.092 seconds
[2026-05-13T11:51:27.865+0000] {processor.py:161} INFO - Started process (PID=126) to work on /opt/airflow/dags/abc_phones_etl_dag.py
[2026-05-13T11:51:27.866+0000] {processor.py:830} INFO - Processing file /opt/airflow/dags/abc_phones_etl_dag.py for tasks to queue
[2026-05-13T11:51:27.869+0000] {logging_mixin.py:188} INFO - [2026-05-13T11:51:27.868+0000] {dagbag.py:545} INFO - Filling up the DagBag from /opt/airflow/dags/abc_phones_etl_dag.py
[2026-05-13T11:51:28.711+0000] {processor.py:840} INFO - DAG(s) 'abc_phones_etl_pipeline' retrieved from /opt/airflow/dags/abc_phones_etl_dag.py
[2026-05-13T11:51:28.753+0000] {logging_mixin.py:188} INFO - [2026-05-13T11:51:28.753+0000] {dag.py:3089} INFO - Sync 1 DAGs
[2026-05-13T11:51:28.780+0000] {logging_mixin.py:188} INFO - [2026-05-13T11:51:28.780+0000] {dag.py:3947} INFO - Setting next_dagrun for abc_phones_etl_pipeline to 2026-05-13 00:00:00+00:00, run_after=2026-05-14 00:00:00+00:00
[2026-05-13T11:51:28.809+0000] {processor.py:183} INFO - Processing /opt/airflow/dags/abc_phones_etl_dag.py took 0.952 seconds
[2026-05-13T11:51:59.054+0000] {processor.py:161} INFO - Started process (PID=128) to work on /opt/airflow/dags/abc_phones_etl_dag.py
[2026-05-13T11:51:59.055+0000] {processor.py:830} INFO - Processing file /opt/airflow/dags/abc_phones_etl_dag.py for tasks to queue
[2026-05-13T11:51:59.058+0000] {logging_mixin.py:188} INFO - [2026-05-13T11:51:59.057+0000] {dagbag.py:545} INFO - Filling up the DagBag from /opt/airflow/dags/abc_phones_etl_dag.py
[2026-05-13T11:51:59.647+0000] {processor.py:840} INFO - DAG(s) 'abc_phones_etl_pipeline' retrieved from /opt/airflow/dags/abc_phones_etl_dag.py
[2026-05-13T11:51:59.693+0000] {logging_mixin.py:188} INFO - [2026-05-13T11:51:59.693+0000] {dag.py:3089} INFO - Sync 1 DAGs
[2026-05-13T11:51:59.722+0000] {logging_mixin.py:188} INFO - [2026-05-13T11:51:59.722+0000] {dag.py:3947} INFO - Setting next_dagrun for abc_phones_etl_pipeline to 2026-05-13 00:00:00+00:00, run_after=2026-05-14 00:00:00+00:00
[2026-05-13T11:51:59.752+0000] {processor.py:183} INFO - Processing /opt/airflow/dags/abc_phones_etl_dag.py took 0.705 seconds
[2026-05-13T11:52:30.064+0000] {processor.py:161} INFO - Started process (PID=130) to work on /opt/airflow/dags/abc_phones_etl_dag.py
[2026-05-13T11:52:30.065+0000] {processor.py:830} INFO - Processing file /opt/airflow/dags/abc_phones_etl_dag.py for tasks to queue
[2026-05-13T11:52:30.068+0000] {logging_mixin.py:188} INFO - [2026-05-13T11:52:30.067+0000] {dagbag.py:545} INFO - Filling up the DagBag from /opt/airflow/dags/abc_phones_etl_dag.py
[2026-05-13T11:52:30.706+0000] {processor.py:840} INFO - DAG(s) 'abc_phones_etl_pipeline' retrieved from /opt/airflow/dags/abc_phones_etl_dag.py
[2026-05-13T11:52:30.740+0000] {logging_mixin.py:188} INFO - [2026-05-13T11:52:30.740+0000] {dag.py:3089} INFO - Sync 1 DAGs
[2026-05-13T11:52:30.764+0000] {logging_mixin.py:188} INFO - [2026-05-13T11:52:30.764+0000] {dag.py:3947} INFO - Setting next_dagrun for abc_phones_etl_pipeline to 2026-05-13 00:00:00+00:00, run_after=2026-05-14 00:00:00+00:00
[2026-05-13T11:52:30.790+0000] {processor.py:183} INFO - Processing /opt/airflow/dags/abc_phones_etl_dag.py took 0.734 seconds
[2026-05-13T11:53:01.211+0000] {processor.py:161} INFO - Started process (PID=132) to work on /opt/airflow/dags/abc_phones_etl_dag.py
[2026-05-13T11:53:01.215+0000] {processor.py:830} INFO - Processing file /opt/airflow/dags/abc_phones_etl_dag.py for tasks to queue
[2026-05-13T11:53:01.223+0000] {logging_mixin.py:188} INFO - [2026-05-13T11:53:01.222+0000] {dagbag.py:545} INFO - Filling up the DagBag from /opt/airflow/dags/abc_phones_etl_dag.py
[2026-05-13T11:53:01.942+0000] {processor.py:840} INFO - DAG(s) 'abc_phones_etl_pipeline' retrieved from /opt/airflow/dags/abc_phones_etl_dag.py
[2026-05-13T11:53:01.984+0000] {logging_mixin.py:188} INFO - [2026-05-13T11:53:01.983+0000] {dag.py:3089} INFO - Sync 1 DAGs
[2026-05-13T11:53:02.014+0000] {logging_mixin.py:188} INFO - [2026-05-13T11:53:02.014+0000] {dag.py:3947} INFO - Setting next_dagrun for abc_phones_etl_pipeline to 2026-05-13 00:00:00+00:00, run_after=2026-05-14 00:00:00+00:00
[2026-05-13T11:53:02.037+0000] {processor.py:183} INFO - Processing /opt/airflow/dags/abc_phones_etl_dag.py took 0.843 seconds
[2026-05-13T11:53:32.704+0000] {processor.py:161} INFO - Started process (PID=134) to work on /opt/airflow/dags/abc_phones_etl_dag.py
[2026-05-13T11:53:32.708+0000] {processor.py:830} INFO - Processing file /opt/airflow/dags/abc_phones_etl_dag.py for tasks to queue
[2026-05-13T11:53:32.724+0000] {logging_mixin.py:188} INFO - [2026-05-13T11:53:32.723+0000] {dagbag.py:545} INFO - Filling up the DagBag from /opt/airflow/dags/abc_phones_etl_dag.py
[2026-05-13T11:53:34.695+0000] {processor.py:840} INFO - DAG(s) 'abc_phones_etl_pipeline' retrieved from /opt/airflow/dags/abc_phones_etl_dag.py
[2026-05-13T11:53:34.742+0000] {logging_mixin.py:188} INFO - [2026-05-13T11:53:34.741+0000] {dag.py:3089} INFO - Sync 1 DAGs
[2026-05-13T11:53:34.772+0000] {logging_mixin.py:188} INFO - [2026-05-13T11:53:34.772+0000] {dag.py:3947} INFO - Setting next_dagrun for abc_phones_etl_pipeline to 2026-05-13 00:00:00+00:00, run_after=2026-05-14 00:00:00+00:00
[2026-05-13T11:53:34.799+0000] {processor.py:183} INFO - Processing /opt/airflow/dags/abc_phones_etl_dag.py took 2.130 seconds
[2026-05-13T11:54:04.884+0000] {processor.py:161} INFO - Started process (PID=136) to work on /opt/airflow/dags/abc_phones_etl_dag.py
[2026-05-13T11:54:04.885+0000] {processor.py:830} INFO - Processing file /opt/airflow/dags/abc_phones_etl_dag.py for tasks to queue
[2026-05-13T11:54:04.888+0000] {logging_mixin.py:188} INFO - [2026-05-13T11:54:04.887+0000] {dagbag.py:545} INFO - Filling up the DagBag from /opt/airflow/dags/abc_phones_etl_dag.py
[2026-05-13T11:54:05.410+0000] {processor.py:840} INFO - DAG(s) 'abc_phones_etl_pipeline' retrieved from /opt/airflow/dags/abc_phones_etl_dag.py
[2026-05-13T11:54:05.603+0000] {logging_mixin.py:188} INFO - [2026-05-13T11:54:05.602+0000] {dag.py:3089} INFO - Sync 1 DAGs
[2026-05-13T11:54:05.632+0000] {logging_mixin.py:188} INFO - [2026-05-13T11:54:05.631+0000] {dag.py:3947} INFO - Setting next_dagrun for abc_phones_etl_pipeline to 2026-05-13 00:00:00+00:00, run_after=2026-05-14 00:00:00+00:00
[2026-05-13T11:54:05.658+0000] {processor.py:183} INFO - Processing /opt/airflow/dags/abc_phones_etl_dag.py took 0.783 seconds
[2026-05-13T14:10:17.398+0000] {processor.py:161} INFO - Started process (PID=826) to work on /opt/airflow/dags/abc_phones_etl_dag.py
[2026-05-13T14:10:17.400+0000] {processor.py:830} INFO - Processing file /opt/airflow/dags/abc_phones_etl_dag.py for tasks to queue
[2026-05-13T14:10:17.406+0000] {logging_mixin.py:188} INFO - [2026-05-13T14:10:17.405+0000] {dagbag.py:545} INFO - Filling up the DagBag from /opt/airflow/dags/abc_phones_etl_dag.py
[2026-05-13T14:10:20.365+0000] {processor.py:840} INFO - DAG(s) 'abc_phones_etl_pipeline' retrieved from /opt/airflow/dags/abc_phones_etl_dag.py
[2026-05-13T14:10:21.063+0000] {logging_mixin.py:188} INFO - [2026-05-13T14:10:21.052+0000] {dag.py:3089} INFO - Sync 1 DAGs
[2026-05-13T14:10:21.161+0000] {logging_mixin.py:188} INFO - [2026-05-13T14:10:21.161+0000] {dag.py:3947} INFO - Setting next_dagrun for abc_phones_etl_pipeline to 2026-05-13 00:00:00+00:00, run_after=2026-05-14 00:00:00+00:00
[2026-05-13T14:10:21.380+0000] {processor.py:183} INFO - Processing /opt/airflow/dags/abc_phones_etl_dag.py took 4.000 seconds
[2026-05-13T14:10:51.722+0000] {processor.py:161} INFO - Started process (PID=828) to work on /opt/airflow/dags/abc_phones_etl_dag.py
[2026-05-13T14:10:51.724+0000] {processor.py:830} INFO - Processing file /opt/airflow/dags/abc_phones_etl_dag.py for tasks to queue
[2026-05-13T14:10:51.726+0000] {logging_mixin.py:188} INFO - [2026-05-13T14:10:51.726+0000] {dagbag.py:545} INFO - Filling up the DagBag from /opt/airflow/dags/abc_phones_etl_dag.py
[2026-05-13T14:10:52.325+0000] {processor.py:840} INFO - DAG(s) 'abc_phones_etl_pipeline' retrieved from /opt/airflow/dags/abc_phones_etl_dag.py
[2026-05-13T14:10:52.358+0000] {logging_mixin.py:188} INFO - [2026-05-13T14:10:52.357+0000] {dag.py:3089} INFO - Sync 1 DAGs
[2026-05-13T14:10:52.382+0000] {logging_mixin.py:188} INFO - [2026-05-13T14:10:52.382+0000] {dag.py:3947} INFO - Setting next_dagrun for abc_phones_etl_pipeline to 2026-05-13 00:00:00+00:00, run_after=2026-05-14 00:00:00+00:00
[2026-05-13T14:10:52.411+0000] {processor.py:183} INFO - Processing /opt/airflow/dags/abc_phones_etl_dag.py took 0.699 seconds
[2026-05-13T14:11:22.628+0000] {processor.py:161} INFO - Started process (PID=830) to work on /opt/airflow/dags/abc_phones_etl_dag.py
[2026-05-13T14:11:22.630+0000] {processor.py:830} INFO - Processing file /opt/airflow/dags/abc_phones_etl_dag.py for tasks to queue
[2026-05-13T14:11:22.632+0000] {logging_mixin.py:188} INFO - [2026-05-13T14:11:22.632+0000] {dagbag.py:545} INFO - Filling up the DagBag from /opt/airflow/dags/abc_phones_etl_dag.py
[2026-05-13T14:11:23.392+0000] {processor.py:840} INFO - DAG(s) 'abc_phones_etl_pipeline' retrieved from /opt/airflow/dags/abc_phones_etl_dag.py
[2026-05-13T14:11:23.425+0000] {logging_mixin.py:188} INFO - [2026-05-13T14:11:23.425+0000] {dag.py:3089} INFO - Sync 1 DAGs
[2026-05-13T14:11:23.449+0000] {logging_mixin.py:188} INFO - [2026-05-13T14:11:23.449+0000] {dag.py:3947} INFO - Setting next_dagrun for abc_phones_etl_pipeline to 2026-05-13 00:00:00+00:00, run_after=2026-05-14 00:00:00+00:00
[2026-05-13T14:11:23.474+0000] {processor.py:183} INFO - Processing /opt/airflow/dags/abc_phones_etl_dag.py took 0.855 seconds
[2026-05-13T14:11:53.861+0000] {processor.py:161} INFO - Started process (PID=832) to work on /opt/airflow/dags/abc_phones_etl_dag.py
[2026-05-13T14:11:53.862+0000] {processor.py:830} INFO - Processing file /opt/airflow/dags/abc_phones_etl_dag.py for tasks to queue
[2026-05-13T14:11:53.865+0000] {logging_mixin.py:188} INFO - [2026-05-13T14:11:53.864+0000] {dagbag.py:545} INFO - Filling up the DagBag from /opt/airflow/dags/abc_phones_etl_dag.py
[2026-05-13T14:11:54.658+0000] {processor.py:840} INFO - DAG(s) 'abc_phones_etl_pipeline' retrieved from /opt/airflow/dags/abc_phones_etl_dag.py
[2026-05-13T14:11:54.702+0000] {logging_mixin.py:188} INFO - [2026-05-13T14:11:54.702+0000] {dag.py:3089} INFO - Sync 1 DAGs
[2026-05-13T14:11:54.728+0000] {logging_mixin.py:188} INFO - [2026-05-13T14:11:54.728+0000] {dag.py:3947} INFO - Setting next_dagrun for abc_phones_etl_pipeline to 2026-05-13 00:00:00+00:00, run_after=2026-05-14 00:00:00+00:00
[2026-05-13T14:11:54.757+0000] {processor.py:183} INFO - Processing /opt/airflow/dags/abc_phones_etl_dag.py took 0.907 seconds
[2026-05-13T14:12:20.999+0000] {processor.py:161} INFO - Started process (PID=834) to work on /opt/airflow/dags/abc_phones_etl_dag.py
[2026-05-13T14:12:21.001+0000] {processor.py:830} INFO - Processing file /opt/airflow/dags/abc_phones_etl_dag.py for tasks to queue
[2026-05-13T14:12:21.003+0000] {logging_mixin.py:188} INFO - [2026-05-13T14:12:21.003+0000] {dagbag.py:545} INFO - Filling up the DagBag from /opt/airflow/dags/abc_phones_etl_dag.py
[2026-05-13T14:12:21.836+0000] {processor.py:840} INFO - DAG(s) 'abc_phones_etl_pipeline' retrieved from /opt/airflow/dags/abc_phones_etl_dag.py
[2026-05-13T14:12:21.889+0000] {logging_mixin.py:188} INFO - [2026-05-13T14:12:21.888+0000] {dag.py:3089} INFO - Sync 1 DAGs
[2026-05-13T14:12:21.940+0000] {logging_mixin.py:188} INFO - [2026-05-13T14:12:21.939+0000] {dag.py:3947} INFO - Setting next_dagrun for abc_phones_etl_pipeline to 2026-05-13 00:00:00+00:00, run_after=2026-05-14 00:00:00+00:00
[2026-05-13T14:12:21.997+0000] {processor.py:183} INFO - Processing /opt/airflow/dags/abc_phones_etl_dag.py took 1.007 seconds
[2026-05-13T14:12:52.341+0000] {processor.py:161} INFO - Started process (PID=836) to work on /opt/airflow/dags/abc_phones_etl_dag.py
[2026-05-13T14:12:52.343+0000] {processor.py:830} INFO - Processing file /opt/airflow/dags/abc_phones_etl_dag.py for tasks to queue
[2026-05-13T14:12:52.345+0000] {logging_mixin.py:188} INFO - [2026-05-13T14:12:52.345+0000] {dagbag.py:545} INFO - Filling up the DagBag from /opt/airflow/dags/abc_phones_etl_dag.py
[2026-05-13T14:12:53.078+0000] {processor.py:840} INFO - DAG(s) 'abc_phones_etl_pipeline' retrieved from /opt/airflow/dags/abc_phones_etl_dag.py
[2026-05-13T14:12:53.132+0000] {logging_mixin.py:188} INFO - [2026-05-13T14:12:53.132+0000] {dag.py:3089} INFO - Sync 1 DAGs
[2026-05-13T14:12:53.172+0000] {logging_mixin.py:188} INFO - [2026-05-13T14:12:53.171+0000] {dag.py:3947} INFO - Setting next_dagrun for abc_phones_etl_pipeline to 2026-05-13 00:00:00+00:00, run_after=2026-05-14 00:00:00+00:00
[2026-05-13T14:12:53.197+0000] {processor.py:183} INFO - Processing /opt/airflow/dags/abc_phones_etl_dag.py took 0.865 seconds
[2026-05-13T14:13:23.455+0000] {processor.py:161} INFO - Started process (PID=838) to work on /opt/airflow/dags/abc_phones_etl_dag.py
[2026-05-13T14:13:23.456+0000] {processor.py:830} INFO - Processing file /opt/airflow/dags/abc_phones_etl_dag.py for tasks to queue
[2026-05-13T14:13:23.460+0000] {logging_mixin.py:188} INFO - [2026-05-13T14:13:23.459+0000] {dagbag.py:545} INFO - Filling up the DagBag from /opt/airflow/dags/abc_phones_etl_dag.py
[2026-05-13T14:13:24.108+0000] {processor.py:840} INFO - DAG(s) 'abc_phones_etl_pipeline' retrieved from /opt/airflow/dags/abc_phones_etl_dag.py
[2026-05-13T14:13:24.139+0000] {logging_mixin.py:188} INFO - [2026-05-13T14:13:24.139+0000] {dag.py:3089} INFO - Sync 1 DAGs
[2026-05-13T14:13:24.160+0000] {logging_mixin.py:188} INFO - [2026-05-13T14:13:24.160+0000] {dag.py:3947} INFO - Setting next_dagrun for abc_phones_etl_pipeline to 2026-05-13 00:00:00+00:00, run_after=2026-05-14 00:00:00+00:00
[2026-05-13T14:13:24.184+0000] {processor.py:183} INFO - Processing /opt/airflow/dags/abc_phones_etl_dag.py took 0.740 seconds
[2026-05-13T14:13:54.425+0000] {processor.py:161} INFO - Started process (PID=840) to work on /opt/airflow/dags/abc_phones_etl_dag.py
[2026-05-13T14:13:54.426+0000] {processor.py:830} INFO - Processing file /opt/airflow/dags/abc_phones_etl_dag.py for tasks to queue
[2026-05-13T14:13:54.428+0000] {logging_mixin.py:188} INFO - [2026-05-13T14:13:54.428+0000] {dagbag.py:545} INFO - Filling up the DagBag from /opt/airflow/dags/abc_phones_etl_dag.py
[2026-05-13T14:13:55.302+0000] {processor.py:840} INFO - DAG(s) 'abc_phones_etl_pipeline' retrieved from /opt/airflow/dags/abc_phones_etl_dag.py
[2026-05-13T14:13:55.336+0000] {logging_mixin.py:188} INFO - [2026-05-13T14:13:55.335+0000] {dag.py:3089} INFO - Sync 1 DAGs
[2026-05-13T14:13:55.359+0000] {logging_mixin.py:188} INFO - [2026-05-13T14:13:55.359+0000] {dag.py:3947} INFO - Setting next_dagrun for abc_phones_etl_pipeline to 2026-05-13 00:00:00+00:00, run_after=2026-05-14 00:00:00+00:00
[2026-05-13T14:13:55.383+0000] {processor.py:183} INFO - Processing /opt/airflow/dags/abc_phones_etl_dag.py took 0.969 seconds
[2026-05-13T14:14:25.603+0000] {processor.py:161} INFO - Started process (PID=842) to work on /opt/airflow/dags/abc_phones_etl_dag.py
[2026-05-13T14:14:25.604+0000] {processor.py:830} INFO - Processing file /opt/airflow/dags/abc_phones_etl_dag.py for tasks to queue
[2026-05-13T14:14:25.607+0000] {logging_mixin.py:188} INFO - [2026-05-13T14:14:25.606+0000] {dagbag.py:545} INFO - Filling up the DagBag from /opt/airflow/dags/abc_phones_etl_dag.py
[2026-05-13T14:14:26.226+0000] {processor.py:840} INFO - DAG(s) 'abc_phones_etl_pipeline' retrieved from /opt/airflow/dags/abc_phones_etl_dag.py
[2026-05-13T14:14:26.259+0000] {logging_mixin.py:188} INFO - [2026-05-13T14:14:26.258+0000] {dag.py:3089} INFO - Sync 1 DAGs
[2026-05-13T14:14:26.281+0000] {logging_mixin.py:188} INFO - [2026-05-13T14:14:26.281+0000] {dag.py:3947} INFO - Setting next_dagrun for abc_phones_etl_pipeline to 2026-05-13 00:00:00+00:00, run_after=2026-05-14 00:00:00+00:00
[2026-05-13T14:14:26.305+0000] {processor.py:183} INFO - Processing /opt/airflow/dags/abc_phones_etl_dag.py took 0.711 seconds
[2026-05-13T14:14:56.533+0000] {processor.py:161} INFO - Started process (PID=844) to work on /opt/airflow/dags/abc_phones_etl_dag.py
[2026-05-13T14:14:56.534+0000] {processor.py:830} INFO - Processing file /opt/airflow/dags/abc_phones_etl_dag.py for tasks to queue
[2026-05-13T14:14:56.537+0000] {logging_mixin.py:188} INFO - [2026-05-13T14:14:56.536+0000] {dagbag.py:545} INFO - Filling up the DagBag from /opt/airflow/dags/abc_phones_etl_dag.py
[2026-05-13T14:14:57.188+0000] {processor.py:840} INFO - DAG(s) 'abc_phones_etl_pipeline' retrieved from /opt/airflow/dags/abc_phones_etl_dag.py
[2026-05-13T14:14:57.222+0000] {logging_mixin.py:188} INFO - [2026-05-13T14:14:57.221+0000] {dag.py:3089} INFO - Sync 1 DAGs
[2026-05-13T14:14:57.273+0000] {logging_mixin.py:188} INFO - [2026-05-13T14:14:57.272+0000] {dag.py:3947} INFO - Setting next_dagrun for abc_phones_etl_pipeline to 2026-05-13 00:00:00+00:00, run_after=2026-05-14 00:00:00+00:00
[2026-05-13T14:14:57.320+0000] {processor.py:183} INFO - Processing /opt/airflow/dags/abc_phones_etl_dag.py took 0.797 seconds
[2026-05-13T14:15:27.768+0000] {processor.py:161} INFO - Started process (PID=846) to work on /opt/airflow/dags/abc_phones_etl_dag.py
[2026-05-13T14:15:27.769+0000] {processor.py:830} INFO - Processing file /opt/airflow/dags/abc_phones_etl_dag.py for tasks to queue
[2026-05-13T14:15:27.771+0000] {logging_mixin.py:188} INFO - [2026-05-13T14:15:27.771+0000] {dagbag.py:545} INFO - Filling up the DagBag from /opt/airflow/dags/abc_phones_etl_dag.py
[2026-05-13T14:15:28.363+0000] {processor.py:840} INFO - DAG(s) 'abc_phones_etl_pipeline' retrieved from /opt/airflow/dags/abc_phones_etl_dag.py
[2026-05-13T14:15:28.396+0000] {logging_mixin.py:188} INFO - [2026-05-13T14:15:28.395+0000] {dag.py:3089} INFO - Sync 1 DAGs
[2026-05-13T14:15:28.417+0000] {logging_mixin.py:188} INFO - [2026-05-13T14:15:28.417+0000] {dag.py:3947} INFO - Setting next_dagrun for abc_phones_etl_pipeline to 2026-05-13 00:00:00+00:00, run_after=2026-05-14 00:00:00+00:00
[2026-05-13T14:15:28.450+0000] {processor.py:183} INFO - Processing /opt/airflow/dags/abc_phones_etl_dag.py took 0.692 seconds
[2026-05-13T14:15:58.703+0000] {processor.py:161} INFO - Started process (PID=848) to work on /opt/airflow/dags/abc_phones_etl_dag.py
[2026-05-13T14:15:58.705+0000] {processor.py:830} INFO - Processing file /opt/airflow/dags/abc_phones_etl_dag.py for tasks to queue
[2026-05-13T14:15:58.707+0000] {logging_mixin.py:188} INFO - [2026-05-13T14:15:58.707+0000] {dagbag.py:545} INFO - Filling up the DagBag from /opt/airflow/dags/abc_phones_etl_dag.py
[2026-05-13T14:15:59.431+0000] {processor.py:840} INFO - DAG(s) 'abc_phones_etl_pipeline' retrieved from /opt/airflow/dags/abc_phones_etl_dag.py
[2026-05-13T14:15:59.462+0000] {logging_mixin.py:188} INFO - [2026-05-13T14:15:59.462+0000] {dag.py:3089} INFO - Sync 1 DAGs
[2026-05-13T14:15:59.514+0000] {logging_mixin.py:188} INFO - [2026-05-13T14:15:59.514+0000] {dag.py:3947} INFO - Setting next_dagrun for abc_phones_etl_pipeline to 2026-05-13 00:00:00+00:00, run_after=2026-05-14 00:00:00+00:00
[2026-05-13T14:15:59.557+0000] {processor.py:183} INFO - Processing /opt/airflow/dags/abc_phones_etl_dag.py took 0.864 seconds
[2026-05-13T14:16:29.798+0000] {processor.py:161} INFO - Started process (PID=850) to work on /opt/airflow/dags/abc_phones_etl_dag.py
[2026-05-13T14:16:29.799+0000] {processor.py:830} INFO - Processing file /opt/airflow/dags/abc_phones_etl_dag.py for tasks to queue
[2026-05-13T14:16:29.802+0000] {logging_mixin.py:188} INFO - [2026-05-13T14:16:29.801+0000] {dagbag.py:545} INFO - Filling up the DagBag from /opt/airflow/dags/abc_phones_etl_dag.py
[2026-05-13T14:16:30.630+0000] {processor.py:840} INFO - DAG(s) 'abc_phones_etl_pipeline' retrieved from /opt/airflow/dags/abc_phones_etl_dag.py
[2026-05-13T14:16:30.668+0000] {logging_mixin.py:188} INFO - [2026-05-13T14:16:30.667+0000] {dag.py:3089} INFO - Sync 1 DAGs
[2026-05-13T14:16:30.694+0000] {logging_mixin.py:188} INFO - [2026-05-13T14:16:30.694+0000] {dag.py:3947} INFO - Setting next_dagrun for abc_phones_etl_pipeline to 2026-05-13 00:00:00+00:00, run_after=2026-05-14 00:00:00+00:00
[2026-05-13T14:16:30.720+0000] {processor.py:183} INFO - Processing /opt/airflow/dags/abc_phones_etl_dag.py took 0.933 seconds
[2026-05-13T14:17:00.956+0000] {processor.py:161} INFO - Started process (PID=852) to work on /opt/airflow/dags/abc_phones_etl_dag.py
[2026-05-13T14:17:00.958+0000] {processor.py:830} INFO - Processing file /opt/airflow/dags/abc_phones_etl_dag.py for tasks to queue
[2026-05-13T14:17:00.961+0000] {logging_mixin.py:188} INFO - [2026-05-13T14:17:00.961+0000] {dagbag.py:545} INFO - Filling up the DagBag from /opt/airflow/dags/abc_phones_etl_dag.py
[2026-05-13T14:17:01.717+0000] {processor.py:840} INFO - DAG(s) 'abc_phones_etl_pipeline' retrieved from /opt/airflow/dags/abc_phones_etl_dag.py
[2026-05-13T14:17:01.753+0000] {logging_mixin.py:188} INFO - [2026-05-13T14:17:01.752+0000] {dag.py:3089} INFO - Sync 1 DAGs
[2026-05-13T14:17:01.780+0000] {logging_mixin.py:188} INFO - [2026-05-13T14:17:01.780+0000] {dag.py:3947} INFO - Setting next_dagrun for abc_phones_etl_pipeline to 2026-05-13 00:00:00+00:00, run_after=2026-05-14 00:00:00+00:00
[2026-05-13T14:17:01.824+0000] {processor.py:183} INFO - Processing /opt/airflow/dags/abc_phones_etl_dag.py took 0.878 seconds
[2026-05-13T14:17:32.035+0000] {processor.py:161} INFO - Started process (PID=854) to work on /opt/airflow/dags/abc_phones_etl_dag.py
[2026-05-13T14:17:32.038+0000] {processor.py:830} INFO - Processing file /opt/airflow/dags/abc_phones_etl_dag.py for tasks to queue
[2026-05-13T14:17:32.048+0000] {logging_mixin.py:188} INFO - [2026-05-13T14:17:32.048+0000] {dagbag.py:545} INFO - Filling up the DagBag from /opt/airflow/dags/abc_phones_etl_dag.py
[2026-05-13T14:17:35.079+0000] {processor.py:840} INFO - DAG(s) 'abc_phones_etl_pipeline' retrieved from /opt/airflow/dags/abc_phones_etl_dag.py
[2026-05-13T14:17:35.121+0000] {logging_mixin.py:188} INFO - [2026-05-13T14:17:35.120+0000] {dag.py:3089} INFO - Sync 1 DAGs
[2026-05-13T14:17:35.184+0000] {logging_mixin.py:188} INFO - [2026-05-13T14:17:35.184+0000] {dag.py:3947} INFO - Setting next_dagrun for abc_phones_etl_pipeline to 2026-05-13 00:00:00+00:00, run_after=2026-05-14 00:00:00+00:00
[2026-05-13T14:17:35.240+0000] {processor.py:183} INFO - Processing /opt/airflow/dags/abc_phones_etl_dag.py took 3.240 seconds
[2026-05-13T14:18:05.531+0000] {processor.py:161} INFO - Started process (PID=856) to work on /opt/airflow/dags/abc_phones_etl_dag.py
[2026-05-13T14:18:05.533+0000] {processor.py:830} INFO - Processing file /opt/airflow/dags/abc_phones_etl_dag.py for tasks to queue
[2026-05-13T14:18:05.537+0000] {logging_mixin.py:188} INFO - [2026-05-13T14:18:05.536+0000] {dagbag.py:545} INFO - Filling up the DagBag from /opt/airflow/dags/abc_phones_etl_dag.py
[2026-05-13T14:18:06.214+0000] {processor.py:840} INFO - DAG(s) 'abc_phones_etl_pipeline' retrieved from /opt/airflow/dags/abc_phones_etl_dag.py
[2026-05-13T14:18:06.249+0000] {logging_mixin.py:188} INFO - [2026-05-13T14:18:06.248+0000] {dag.py:3089} INFO - Sync 1 DAGs
[2026-05-13T14:18:06.271+0000] {logging_mixin.py:188} INFO - [2026-05-13T14:18:06.271+0000] {dag.py:3947} INFO - Setting next_dagrun for abc_phones_etl_pipeline to 2026-05-13 00:00:00+00:00, run_after=2026-05-14 00:00:00+00:00
[2026-05-13T14:18:06.295+0000] {processor.py:183} INFO - Processing /opt/airflow/dags/abc_phones_etl_dag.py took 0.779 seconds
[2026-05-13T14:18:36.627+0000] {processor.py:161} INFO - Started process (PID=858) to work on /opt/airflow/dags/abc_phones_etl_dag.py
[2026-05-13T14:18:36.630+0000] {processor.py:830} INFO - Processing file /opt/airflow/dags/abc_phones_etl_dag.py for tasks to queue
[2026-05-13T14:18:36.634+0000] {logging_mixin.py:188} INFO - [2026-05-13T14:18:36.634+0000] {dagbag.py:545} INFO - Filling up the DagBag from /opt/airflow/dags/abc_phones_etl_dag.py
[2026-05-13T14:18:38.262+0000] {processor.py:840} INFO - DAG(s) 'abc_phones_etl_pipeline' retrieved from /opt/airflow/dags/abc_phones_etl_dag.py
[2026-05-13T14:18:38.322+0000] {logging_mixin.py:188} INFO - [2026-05-13T14:18:38.322+0000] {dag.py:3089} INFO - Sync 1 DAGs
[2026-05-13T14:18:38.366+0000] {logging_mixin.py:188} INFO - [2026-05-13T14:18:38.366+0000] {dag.py:3947} INFO - Setting next_dagrun for abc_phones_etl_pipeline to 2026-05-13 00:00:00+00:00, run_after=2026-05-14 00:00:00+00:00
[2026-05-13T14:18:38.408+0000] {processor.py:183} INFO - Processing /opt/airflow/dags/abc_phones_etl_dag.py took 1.808 seconds
[2026-05-13T14:19:08.700+0000] {processor.py:161} INFO - Started process (PID=860) to work on /opt/airflow/dags/abc_phones_etl_dag.py
[2026-05-13T14:19:08.702+0000] {processor.py:830} INFO - Processing file /opt/airflow/dags/abc_phones_etl_dag.py for tasks to queue
[2026-05-13T14:19:08.706+0000] {logging_mixin.py:188} INFO - [2026-05-13T14:19:08.704+0000] {dagbag.py:545} INFO - Filling up the DagBag from /opt/airflow/dags/abc_phones_etl_dag.py
[2026-05-13T14:19:09.748+0000] {processor.py:840} INFO - DAG(s) 'abc_phones_etl_pipeline' retrieved from /opt/airflow/dags/abc_phones_etl_dag.py
[2026-05-13T14:19:09.846+0000] {logging_mixin.py:188} INFO - [2026-05-13T14:19:09.845+0000] {dag.py:3089} INFO - Sync 1 DAGs
[2026-05-13T14:19:09.918+0000] {logging_mixin.py:188} INFO - [2026-05-13T14:19:09.918+0000] {dag.py:3947} INFO - Setting next_dagrun for abc_phones_etl_pipeline to 2026-05-13 00:00:00+00:00, run_after=2026-05-14 00:00:00+00:00
[2026-05-13T14:19:09.980+0000] {processor.py:183} INFO - Processing /opt/airflow/dags/abc_phones_etl_dag.py took 1.296 seconds
[2026-05-13T14:19:40.216+0000] {processor.py:161} INFO - Started process (PID=862) to work on /opt/airflow/dags/abc_phones_etl_dag.py
[2026-05-13T14:19:40.218+0000] {processor.py:830} INFO - Processing file /opt/airflow/dags/abc_phones_etl_dag.py for tasks to queue
[2026-05-13T14:19:40.220+0000] {logging_mixin.py:188} INFO - [2026-05-13T14:19:40.220+0000] {dagbag.py:545} INFO - Filling up the DagBag from /opt/airflow/dags/abc_phones_etl_dag.py
[2026-05-13T14:19:40.982+0000] {processor.py:840} INFO - DAG(s) 'abc_phones_etl_pipeline' retrieved from /opt/airflow/dags/abc_phones_etl_dag.py
[2026-05-13T14:19:41.019+0000] {logging_mixin.py:188} INFO - [2026-05-13T14:19:41.019+0000] {dag.py:3089} INFO - Sync 1 DAGs
[2026-05-13T14:19:41.052+0000] {logging_mixin.py:188} INFO - [2026-05-13T14:19:41.052+0000] {dag.py:3947} INFO - Setting next_dagrun for abc_phones_etl_pipeline to 2026-05-13 00:00:00+00:00, run_after=2026-05-14 00:00:00+00:00
[2026-05-13T14:19:41.080+0000] {processor.py:183} INFO - Processing /opt/airflow/dags/abc_phones_etl_dag.py took 0.873 seconds
[2026-05-13T14:20:11.328+0000] {processor.py:161} INFO - Started process (PID=864) to work on /opt/airflow/dags/abc_phones_etl_dag.py
[2026-05-13T14:20:11.329+0000] {processor.py:830} INFO - Processing file /opt/airflow/dags/abc_phones_etl_dag.py for tasks to queue
[2026-05-13T14:20:11.332+0000] {logging_mixin.py:188} INFO - [2026-05-13T14:20:11.331+0000] {dagbag.py:545} INFO - Filling up the DagBag from /opt/airflow/dags/abc_phones_etl_dag.py
[2026-05-13T14:20:11.992+0000] {processor.py:840} INFO - DAG(s) 'abc_phones_etl_pipeline' retrieved from /opt/airflow/dags/abc_phones_etl_dag.py
[2026-05-13T14:20:12.044+0000] {logging_mixin.py:188} INFO - [2026-05-13T14:20:12.043+0000] {dag.py:3089} INFO - Sync 1 DAGs
[2026-05-13T14:20:12.070+0000] {logging_mixin.py:188} INFO - [2026-05-13T14:20:12.070+0000] {dag.py:3947} INFO - Setting next_dagrun for abc_phones_etl_pipeline to 2026-05-13 00:00:00+00:00, run_after=2026-05-14 00:00:00+00:00
[2026-05-13T14:20:12.091+0000] {processor.py:183} INFO - Processing /opt/airflow/dags/abc_phones_etl_dag.py took 0.772 seconds
[2026-05-13T14:20:42.312+0000] {processor.py:161} INFO - Started process (PID=866) to work on /opt/airflow/dags/abc_phones_etl_dag.py
[2026-05-13T14:20:42.313+0000] {processor.py:830} INFO - Processing file /opt/airflow/dags/abc_phones_etl_dag.py for tasks to queue
[2026-05-13T14:20:42.316+0000] {logging_mixin.py:188} INFO - [2026-05-13T14:20:42.315+0000] {dagbag.py:545} INFO - Filling up the DagBag from /opt/airflow/dags/abc_phones_etl_dag.py
[2026-05-13T14:20:42.912+0000] {processor.py:840} INFO - DAG(s) 'abc_phones_etl_pipeline' retrieved from /opt/airflow/dags/abc_phones_etl_dag.py
[2026-05-13T14:20:42.943+0000] {logging_mixin.py:188} INFO - [2026-05-13T14:20:42.942+0000] {dag.py:3089} INFO - Sync 1 DAGs
[2026-05-13T14:20:42.966+0000] {logging_mixin.py:188} INFO - [2026-05-13T14:20:42.966+0000] {dag.py:3947} INFO - Setting next_dagrun for abc_phones_etl_pipeline to 2026-05-13 00:00:00+00:00, run_after=2026-05-14 00:00:00+00:00
[2026-05-13T14:20:42.990+0000] {processor.py:183} INFO - Processing /opt/airflow/dags/abc_phones_etl_dag.py took 0.686 seconds
[2026-05-13T14:21:13.220+0000] {processor.py:161} INFO - Started process (PID=868) to work on /opt/airflow/dags/abc_phones_etl_dag.py
[2026-05-13T14:21:13.222+0000] {processor.py:830} INFO - Processing file /opt/airflow/dags/abc_phones_etl_dag.py for tasks to queue
[2026-05-13T14:21:13.224+0000] {logging_mixin.py:188} INFO - [2026-05-13T14:21:13.224+0000] {dagbag.py:545} INFO - Filling up the DagBag from /opt/airflow/dags/abc_phones_etl_dag.py
[2026-05-13T14:21:13.846+0000] {processor.py:840} INFO - DAG(s) 'abc_phones_etl_pipeline' retrieved from /opt/airflow/dags/abc_phones_etl_dag.py
[2026-05-13T14:21:13.878+0000] {logging_mixin.py:188} INFO - [2026-05-13T14:21:13.878+0000] {dag.py:3089} INFO - Sync 1 DAGs
[2026-05-13T14:21:13.899+0000] {logging_mixin.py:188} INFO - [2026-05-13T14:21:13.899+0000] {dag.py:3947} INFO - Setting next_dagrun for abc_phones_etl_pipeline to 2026-05-13 00:00:00+00:00, run_after=2026-05-14 00:00:00+00:00
[2026-05-13T14:21:13.923+0000] {processor.py:183} INFO - Processing /opt/airflow/dags/abc_phones_etl_dag.py took 0.712 seconds
[2026-05-13T14:21:44.029+0000] {processor.py:161} INFO - Started process (PID=870) to work on /opt/airflow/dags/abc_phones_etl_dag.py
[2026-05-13T14:21:44.030+0000] {processor.py:830} INFO - Processing file /opt/airflow/dags/abc_phones_etl_dag.py for tasks to queue
[2026-05-13T14:21:44.034+0000] {logging_mixin.py:188} INFO - [2026-05-13T14:21:44.033+0000] {dagbag.py:545} INFO - Filling up the DagBag from /opt/airflow/dags/abc_phones_etl_dag.py
[2026-05-13T14:21:44.722+0000] {processor.py:840} INFO - DAG(s) 'abc_phones_etl_pipeline' retrieved from /opt/airflow/dags/abc_phones_etl_dag.py
[2026-05-13T14:21:44.758+0000] {logging_mixin.py:188} INFO - [2026-05-13T14:21:44.758+0000] {dag.py:3089} INFO - Sync 1 DAGs
[2026-05-13T14:21:44.787+0000] {logging_mixin.py:188} INFO - [2026-05-13T14:21:44.787+0000] {dag.py:3947} INFO - Setting next_dagrun for abc_phones_etl_pipeline to 2026-05-13 00:00:00+00:00, run_after=2026-05-14 00:00:00+00:00
[2026-05-13T14:21:44.811+0000] {processor.py:183} INFO - Processing /opt/airflow/dags/abc_phones_etl_dag.py took 0.799 seconds
[2026-05-13T14:22:15.067+0000] {processor.py:161} INFO - Started process (PID=872) to work on /opt/airflow/dags/abc_phones_etl_dag.py
[2026-05-13T14:22:15.069+0000] {processor.py:830} INFO - Processing file /opt/airflow/dags/abc_phones_etl_dag.py for tasks to queue
[2026-05-13T14:22:15.071+0000] {logging_mixin.py:188} INFO - [2026-05-13T14:22:15.071+0000] {dagbag.py:545} INFO - Filling up the DagBag from /opt/airflow/dags/abc_phones_etl_dag.py
[2026-05-13T14:22:15.855+0000] {processor.py:840} INFO - DAG(s) 'abc_phones_etl_pipeline' retrieved from /opt/airflow/dags/abc_phones_etl_dag.py
[2026-05-13T14:22:15.896+0000] {logging_mixin.py:188} INFO - [2026-05-13T14:22:15.895+0000] {dag.py:3089} INFO - Sync 1 DAGs
[2026-05-13T14:22:15.920+0000] {logging_mixin.py:188} INFO - [2026-05-13T14:22:15.919+0000] {dag.py:3947} INFO - Setting next_dagrun for abc_phones_etl_pipeline to 2026-05-13 00:00:00+00:00, run_after=2026-05-14 00:00:00+00:00
[2026-05-13T14:22:15.949+0000] {processor.py:183} INFO - Processing /opt/airflow/dags/abc_phones_etl_dag.py took 0.891 seconds
[2026-05-13T14:22:46.184+0000] {processor.py:161} INFO - Started process (PID=874) to work on /opt/airflow/dags/abc_phones_etl_dag.py
[2026-05-13T14:22:46.186+0000] {processor.py:830} INFO - Processing file /opt/airflow/dags/abc_phones_etl_dag.py for tasks to queue
[2026-05-13T14:22:46.188+0000] {logging_mixin.py:188} INFO - [2026-05-13T14:22:46.188+0000] {dagbag.py:545} INFO - Filling up the DagBag from /opt/airflow/dags/abc_phones_etl_dag.py
[2026-05-13T14:22:47.388+0000] {processor.py:840} INFO - DAG(s) 'abc_phones_etl_pipeline' retrieved from /opt/airflow/dags/abc_phones_etl_dag.py
[2026-05-13T14:22:47.463+0000] {logging_mixin.py:188} INFO - [2026-05-13T14:22:47.462+0000] {dag.py:3089} INFO - Sync 1 DAGs
[2026-05-13T14:22:47.501+0000] {logging_mixin.py:188} INFO - [2026-05-13T14:22:47.500+0000] {dag.py:3947} INFO - Setting next_dagrun for abc_phones_etl_pipeline to 2026-05-12 00:00:00+00:00, run_after=2026-05-13 00:00:00+00:00
[2026-05-13T14:22:47.534+0000] {processor.py:183} INFO - Processing /opt/airflow/dags/abc_phones_etl_dag.py took 1.358 seconds
[2026-05-13T14:23:17.973+0000] {processor.py:161} INFO - Started process (PID=882) to work on /opt/airflow/dags/abc_phones_etl_dag.py
[2026-05-13T14:23:17.975+0000] {processor.py:830} INFO - Processing file /opt/airflow/dags/abc_phones_etl_dag.py for tasks to queue
[2026-05-13T14:23:17.982+0000] {logging_mixin.py:188} INFO - [2026-05-13T14:23:17.982+0000] {dagbag.py:545} INFO - Filling up the DagBag from /opt/airflow/dags/abc_phones_etl_dag.py
[2026-05-13T14:23:19.614+0000] {processor.py:840} INFO - DAG(s) 'abc_phones_etl_pipeline' retrieved from /opt/airflow/dags/abc_phones_etl_dag.py
[2026-05-13T14:23:19.693+0000] {logging_mixin.py:188} INFO - [2026-05-13T14:23:19.692+0000] {dag.py:3089} INFO - Sync 1 DAGs
[2026-05-13T14:23:19.745+0000] {logging_mixin.py:188} INFO - [2026-05-13T14:23:19.745+0000] {dag.py:3947} INFO - Setting next_dagrun for abc_phones_etl_pipeline to 2026-05-13 00:00:00+00:00, run_after=2026-05-14 00:00:00+00:00
[2026-05-13T14:23:19.791+0000] {processor.py:183} INFO - Processing /opt/airflow/dags/abc_phones_etl_dag.py took 1.860 seconds
[2026-05-13T14:23:50.125+0000] {processor.py:161} INFO - Started process (PID=884) to work on /opt/airflow/dags/abc_phones_etl_dag.py
[2026-05-13T14:23:50.127+0000] {processor.py:830} INFO - Processing file /opt/airflow/dags/abc_phones_etl_dag.py for tasks to queue
[2026-05-13T14:23:50.132+0000] {logging_mixin.py:188} INFO - [2026-05-13T14:23:50.131+0000] {dagbag.py:545} INFO - Filling up the DagBag from /opt/airflow/dags/abc_phones_etl_dag.py
[2026-05-13T14:23:51.840+0000] {processor.py:840} INFO - DAG(s) 'abc_phones_etl_pipeline' retrieved from /opt/airflow/dags/abc_phones_etl_dag.py
[2026-05-13T14:23:51.904+0000] {logging_mixin.py:188} INFO - [2026-05-13T14:23:51.903+0000] {dag.py:3089} INFO - Sync 1 DAGs
[2026-05-13T14:23:52.054+0000] {logging_mixin.py:188} INFO - [2026-05-13T14:23:52.054+0000] {dag.py:3947} INFO - Setting next_dagrun for abc_phones_etl_pipeline to 2026-05-13 00:00:00+00:00, run_after=2026-05-14 00:00:00+00:00
[2026-05-13T14:23:52.175+0000] {processor.py:183} INFO - Processing /opt/airflow/dags/abc_phones_etl_dag.py took 2.065 seconds
[2026-05-13T14:24:22.826+0000] {processor.py:161} INFO - Started process (PID=886) to work on /opt/airflow/dags/abc_phones_etl_dag.py
[2026-05-13T14:24:22.828+0000] {processor.py:830} INFO - Processing file /opt/airflow/dags/abc_phones_etl_dag.py for tasks to queue
[2026-05-13T14:24:22.833+0000] {logging_mixin.py:188} INFO - [2026-05-13T14:24:22.832+0000] {dagbag.py:545} INFO - Filling up the DagBag from /opt/airflow/dags/abc_phones_etl_dag.py
[2026-05-13T14:24:23.845+0000] {processor.py:840} INFO - DAG(s) 'abc_phones_etl_pipeline' retrieved from /opt/airflow/dags/abc_phones_etl_dag.py
[2026-05-13T14:24:23.903+0000] {logging_mixin.py:188} INFO - [2026-05-13T14:24:23.902+0000] {dag.py:3089} INFO - Sync 1 DAGs
[2026-05-13T14:24:23.938+0000] {logging_mixin.py:188} INFO - [2026-05-13T14:24:23.938+0000] {dag.py:3947} INFO - Setting next_dagrun for abc_phones_etl_pipeline to 2026-05-13 00:00:00+00:00, run_after=2026-05-14 00:00:00+00:00
[2026-05-13T14:24:23.964+0000] {processor.py:183} INFO - Processing /opt/airflow/dags/abc_phones_etl_dag.py took 1.153 seconds
[2026-05-13T14:24:54.348+0000] {processor.py:161} INFO - Started process (PID=888) to work on /opt/airflow/dags/abc_phones_etl_dag.py
[2026-05-13T14:24:54.350+0000] {processor.py:830} INFO - Processing file /opt/airflow/dags/abc_phones_etl_dag.py for tasks to queue
[2026-05-13T14:24:54.352+0000] {logging_mixin.py:188} INFO - [2026-05-13T14:24:54.352+0000] {dagbag.py:545} INFO - Filling up the DagBag from /opt/airflow/dags/abc_phones_etl_dag.py
[2026-05-13T14:24:55.553+0000] {processor.py:840} INFO - DAG(s) 'abc_phones_etl_pipeline' retrieved from /opt/airflow/dags/abc_phones_etl_dag.py
[2026-05-13T14:24:55.607+0000] {logging_mixin.py:188} INFO - [2026-05-13T14:24:55.607+0000] {dag.py:3089} INFO - Sync 1 DAGs
[2026-05-13T14:24:55.643+0000] {logging_mixin.py:188} INFO - [2026-05-13T14:24:55.643+0000] {dag.py:3947} INFO - Setting next_dagrun for abc_phones_etl_pipeline to 2026-05-13 00:00:00+00:00, run_after=2026-05-14 00:00:00+00:00
[2026-05-13T14:24:55.674+0000] {processor.py:183} INFO - Processing /opt/airflow/dags/abc_phones_etl_dag.py took 1.340 seconds
[2026-05-13T14:25:25.947+0000] {processor.py:161} INFO - Started process (PID=890) to work on /opt/airflow/dags/abc_phones_etl_dag.py
[2026-05-13T14:25:25.948+0000] {processor.py:830} INFO - Processing file /opt/airflow/dags/abc_phones_etl_dag.py for tasks to queue
[2026-05-13T14:25:25.951+0000] {logging_mixin.py:188} INFO - [2026-05-13T14:25:25.950+0000] {dagbag.py:545} INFO - Filling up the DagBag from /opt/airflow/dags/abc_phones_etl_dag.py
[2026-05-13T14:25:26.959+0000] {processor.py:840} INFO - DAG(s) 'abc_phones_etl_pipeline' retrieved from /opt/airflow/dags/abc_phones_etl_dag.py
[2026-05-13T14:25:27.014+0000] {logging_mixin.py:188} INFO - [2026-05-13T14:25:27.014+0000] {dag.py:3089} INFO - Sync 1 DAGs
[2026-05-13T14:25:27.078+0000] {logging_mixin.py:188} INFO - [2026-05-13T14:25:27.078+0000] {dag.py:3947} INFO - Setting next_dagrun for abc_phones_etl_pipeline to 2026-05-13 00:00:00+00:00, run_after=2026-05-14 00:00:00+00:00
[2026-05-13T14:25:27.113+0000] {processor.py:183} INFO - Processing /opt/airflow/dags/abc_phones_etl_dag.py took 1.177 seconds
[2026-05-13T14:25:57.279+0000] {processor.py:161} INFO - Started process (PID=892) to work on /opt/airflow/dags/abc_phones_etl_dag.py
[2026-05-13T14:25:57.280+0000] {processor.py:830} INFO - Processing file /opt/airflow/dags/abc_phones_etl_dag.py for tasks to queue
[2026-05-13T14:25:57.283+0000] {logging_mixin.py:188} INFO - [2026-05-13T14:25:57.282+0000] {dagbag.py:545} INFO - Filling up the DagBag from /opt/airflow/dags/abc_phones_etl_dag.py
[2026-05-13T14:25:58.523+0000] {processor.py:840} INFO - DAG(s) 'abc_phones_etl_pipeline' retrieved from /opt/airflow/dags/abc_phones_etl_dag.py
[2026-05-13T14:25:58.570+0000] {logging_mixin.py:188} INFO - [2026-05-13T14:25:58.569+0000] {dag.py:3089} INFO - Sync 1 DAGs
[2026-05-13T14:25:58.601+0000] {logging_mixin.py:188} INFO - [2026-05-13T14:25:58.601+0000] {dag.py:3947} INFO - Setting next_dagrun for abc_phones_etl_pipeline to 2026-05-13 00:00:00+00:00, run_after=2026-05-14 00:00:00+00:00
[2026-05-13T14:25:58.639+0000] {processor.py:183} INFO - Processing /opt/airflow/dags/abc_phones_etl_dag.py took 1.370 seconds
[2026-05-13T14:26:28.851+0000] {processor.py:161} INFO - Started process (PID=894) to work on /opt/airflow/dags/abc_phones_etl_dag.py
[2026-05-13T14:26:28.853+0000] {processor.py:830} INFO - Processing file /opt/airflow/dags/abc_phones_etl_dag.py for tasks to queue
[2026-05-13T14:26:28.855+0000] {logging_mixin.py:188} INFO - [2026-05-13T14:26:28.855+0000] {dagbag.py:545} INFO - Filling up the DagBag from /opt/airflow/dags/abc_phones_etl_dag.py
[2026-05-13T14:26:29.658+0000] {processor.py:840} INFO - DAG(s) 'abc_phones_etl_pipeline' retrieved from /opt/airflow/dags/abc_phones_etl_dag.py
[2026-05-13T14:26:29.692+0000] {logging_mixin.py:188} INFO - [2026-05-13T14:26:29.691+0000] {dag.py:3089} INFO - Sync 1 DAGs
[2026-05-13T14:26:29.717+0000] {logging_mixin.py:188} INFO - [2026-05-13T14:26:29.717+0000] {dag.py:3947} INFO - Setting next_dagrun for abc_phones_etl_pipeline to 2026-05-13 00:00:00+00:00, run_after=2026-05-14 00:00:00+00:00
[2026-05-13T14:26:29.737+0000] {processor.py:183} INFO - Processing /opt/airflow/dags/abc_phones_etl_dag.py took 0.895 seconds
[2026-05-13T14:26:59.949+0000] {processor.py:161} INFO - Started process (PID=896) to work on /opt/airflow/dags/abc_phones_etl_dag.py
[2026-05-13T14:26:59.951+0000] {processor.py:830} INFO - Processing file /opt/airflow/dags/abc_phones_etl_dag.py for tasks to queue
[2026-05-13T14:26:59.953+0000] {logging_mixin.py:188} INFO - [2026-05-13T14:26:59.953+0000] {dagbag.py:545} INFO - Filling up the DagBag from /opt/airflow/dags/abc_phones_etl_dag.py
[2026-05-13T14:27:00.804+0000] {processor.py:840} INFO - DAG(s) 'abc_phones_etl_pipeline' retrieved from /opt/airflow/dags/abc_phones_etl_dag.py
[2026-05-13T14:27:00.860+0000] {logging_mixin.py:188} INFO - [2026-05-13T14:27:00.858+0000] {dag.py:3089} INFO - Sync 1 DAGs
[2026-05-13T14:27:00.897+0000] {logging_mixin.py:188} INFO - [2026-05-13T14:27:00.896+0000] {dag.py:3947} INFO - Setting next_dagrun for abc_phones_etl_pipeline to 2026-05-13 00:00:00+00:00, run_after=2026-05-14 00:00:00+00:00
[2026-05-13T14:27:00.935+0000] {processor.py:183} INFO - Processing /opt/airflow/dags/abc_phones_etl_dag.py took 0.995 seconds
[2026-05-13T14:27:31.148+0000] {processor.py:161} INFO - Started process (PID=898) to work on /opt/airflow/dags/abc_phones_etl_dag.py
[2026-05-13T14:27:31.149+0000] {processor.py:830} INFO - Processing file /opt/airflow/dags/abc_phones_etl_dag.py for tasks to queue
[2026-05-13T14:27:31.152+0000] {logging_mixin.py:188} INFO - [2026-05-13T14:27:31.151+0000] {dagbag.py:545} INFO - Filling up the DagBag from /opt/airflow/dags/abc_phones_etl_dag.py
[2026-05-13T14:27:31.709+0000] {processor.py:840} INFO - DAG(s) 'abc_phones_etl_pipeline' retrieved from /opt/airflow/dags/abc_phones_etl_dag.py
[2026-05-13T14:27:31.739+0000] {logging_mixin.py:188} INFO - [2026-05-13T14:27:31.739+0000] {dag.py:3089} INFO - Sync 1 DAGs
[2026-05-13T14:27:31.759+0000] {logging_mixin.py:188} INFO - [2026-05-13T14:27:31.759+0000] {dag.py:3947} INFO - Setting next_dagrun for abc_phones_etl_pipeline to 2026-05-13 00:00:00+00:00, run_after=2026-05-14 00:00:00+00:00
[2026-05-13T14:27:31.782+0000] {processor.py:183} INFO - Processing /opt/airflow/dags/abc_phones_etl_dag.py took 0.643 seconds
[2026-05-13T14:28:02.055+0000] {processor.py:161} INFO - Started process (PID=900) to work on /opt/airflow/dags/abc_phones_etl_dag.py
[2026-05-13T14:28:02.057+0000] {processor.py:830} INFO - Processing file /opt/airflow/dags/abc_phones_etl_dag.py for tasks to queue
[2026-05-13T14:28:02.062+0000] {logging_mixin.py:188} INFO - [2026-05-13T14:28:02.061+0000] {dagbag.py:545} INFO - Filling up the DagBag from /opt/airflow/dags/abc_phones_etl_dag.py
[2026-05-13T14:28:02.805+0000] {processor.py:840} INFO - DAG(s) 'abc_phones_etl_pipeline' retrieved from /opt/airflow/dags/abc_phones_etl_dag.py
[2026-05-13T14:28:02.848+0000] {logging_mixin.py:188} INFO - [2026-05-13T14:28:02.847+0000] {dag.py:3089} INFO - Sync 1 DAGs
[2026-05-13T14:28:02.879+0000] {logging_mixin.py:188} INFO - [2026-05-13T14:28:02.878+0000] {dag.py:3947} INFO - Setting next_dagrun for abc_phones_etl_pipeline to 2026-05-13 00:00:00+00:00, run_after=2026-05-14 00:00:00+00:00
[2026-05-13T14:28:02.908+0000] {processor.py:183} INFO - Processing /opt/airflow/dags/abc_phones_etl_dag.py took 0.863 seconds
[2026-05-13T14:28:33.231+0000] {processor.py:161} INFO - Started process (PID=902) to work on /opt/airflow/dags/abc_phones_etl_dag.py
[2026-05-13T14:28:33.232+0000] {processor.py:830} INFO - Processing file /opt/airflow/dags/abc_phones_etl_dag.py for tasks to queue
[2026-05-13T14:28:33.236+0000] {logging_mixin.py:188} INFO - [2026-05-13T14:28:33.236+0000] {dagbag.py:545} INFO - Filling up the DagBag from /opt/airflow/dags/abc_phones_etl_dag.py
[2026-05-13T14:28:33.936+0000] {processor.py:840} INFO - DAG(s) 'abc_phones_etl_pipeline' retrieved from /opt/airflow/dags/abc_phones_etl_dag.py
[2026-05-13T14:28:33.973+0000] {logging_mixin.py:188} INFO - [2026-05-13T14:28:33.972+0000] {dag.py:3089} INFO - Sync 1 DAGs
[2026-05-13T14:28:33.998+0000] {logging_mixin.py:188} INFO - [2026-05-13T14:28:33.998+0000] {dag.py:3947} INFO - Setting next_dagrun for abc_phones_etl_pipeline to 2026-05-13 00:00:00+00:00, run_after=2026-05-14 00:00:00+00:00
[2026-05-13T14:28:34.030+0000] {processor.py:183} INFO - Processing /opt/airflow/dags/abc_phones_etl_dag.py took 0.811 seconds
[2026-05-13T14:29:04.291+0000] {processor.py:161} INFO - Started process (PID=904) to work on /opt/airflow/dags/abc_phones_etl_dag.py
[2026-05-13T14:29:04.292+0000] {processor.py:830} INFO - Processing file /opt/airflow/dags/abc_phones_etl_dag.py for tasks to queue
[2026-05-13T14:29:04.295+0000] {logging_mixin.py:188} INFO - [2026-05-13T14:29:04.295+0000] {dagbag.py:545} INFO - Filling up the DagBag from /opt/airflow/dags/abc_phones_etl_dag.py
[2026-05-13T14:29:05.019+0000] {processor.py:840} INFO - DAG(s) 'abc_phones_etl_pipeline' retrieved from /opt/airflow/dags/abc_phones_etl_dag.py
[2026-05-13T14:29:05.058+0000] {logging_mixin.py:188} INFO - [2026-05-13T14:29:05.057+0000] {dag.py:3089} INFO - Sync 1 DAGs
[2026-05-13T14:29:05.085+0000] {logging_mixin.py:188} INFO - [2026-05-13T14:29:05.084+0000] {dag.py:3947} INFO - Setting next_dagrun for abc_phones_etl_pipeline to 2026-05-13 00:00:00+00:00, run_after=2026-05-14 00:00:00+00:00
[2026-05-13T14:29:05.123+0000] {processor.py:183} INFO - Processing /opt/airflow/dags/abc_phones_etl_dag.py took 0.844 seconds
[2026-05-13T14:29:35.408+0000] {processor.py:161} INFO - Started process (PID=906) to work on /opt/airflow/dags/abc_phones_etl_dag.py
[2026-05-13T14:29:35.409+0000] {processor.py:830} INFO - Processing file /opt/airflow/dags/abc_phones_etl_dag.py for tasks to queue
[2026-05-13T14:29:35.412+0000] {logging_mixin.py:188} INFO - [2026-05-13T14:29:35.411+0000] {dagbag.py:545} INFO - Filling up the DagBag from /opt/airflow/dags/abc_phones_etl_dag.py
[2026-05-13T14:29:36.114+0000] {processor.py:840} INFO - DAG(s) 'abc_phones_etl_pipeline' retrieved from /opt/airflow/dags/abc_phones_etl_dag.py
[2026-05-13T14:29:36.154+0000] {logging_mixin.py:188} INFO - [2026-05-13T14:29:36.153+0000] {dag.py:3089} INFO - Sync 1 DAGs
[2026-05-13T14:29:36.185+0000] {logging_mixin.py:188} INFO - [2026-05-13T14:29:36.184+0000] {dag.py:3947} INFO - Setting next_dagrun for abc_phones_etl_pipeline to 2026-05-13 00:00:00+00:00, run_after=2026-05-14 00:00:00+00:00
[2026-05-13T14:29:36.212+0000] {processor.py:183} INFO - Processing /opt/airflow/dags/abc_phones_etl_dag.py took 0.816 seconds
[2026-05-13T14:30:06.443+0000] {processor.py:161} INFO - Started process (PID=908) to work on /opt/airflow/dags/abc_phones_etl_dag.py
[2026-05-13T14:30:06.444+0000] {processor.py:830} INFO - Processing file /opt/airflow/dags/abc_phones_etl_dag.py for tasks to queue
[2026-05-13T14:30:06.448+0000] {logging_mixin.py:188} INFO - [2026-05-13T14:30:06.448+0000] {dagbag.py:545} INFO - Filling up the DagBag from /opt/airflow/dags/abc_phones_etl_dag.py
[2026-05-13T14:30:07.216+0000] {processor.py:840} INFO - DAG(s) 'abc_phones_etl_pipeline' retrieved from /opt/airflow/dags/abc_phones_etl_dag.py
[2026-05-13T14:30:07.254+0000] {logging_mixin.py:188} INFO - [2026-05-13T14:30:07.253+0000] {dag.py:3089} INFO - Sync 1 DAGs
[2026-05-13T14:30:07.280+0000] {logging_mixin.py:188} INFO - [2026-05-13T14:30:07.280+0000] {dag.py:3947} INFO - Setting next_dagrun for abc_phones_etl_pipeline to 2026-05-13 00:00:00+00:00, run_after=2026-05-14 00:00:00+00:00
[2026-05-13T14:30:07.306+0000] {processor.py:183} INFO - Processing /opt/airflow/dags/abc_phones_etl_dag.py took 0.874 seconds
[2026-05-13T14:30:37.456+0000] {processor.py:161} INFO - Started process (PID=910) to work on /opt/airflow/dags/abc_phones_etl_dag.py
[2026-05-13T14:30:37.457+0000] {processor.py:830} INFO - Processing file /opt/airflow/dags/abc_phones_etl_dag.py for tasks to queue
[2026-05-13T14:30:37.460+0000] {logging_mixin.py:188} INFO - [2026-05-13T14:30:37.460+0000] {dagbag.py:545} INFO - Filling up the DagBag from /opt/airflow/dags/abc_phones_etl_dag.py
[2026-05-13T14:30:38.265+0000] {processor.py:840} INFO - DAG(s) 'abc_phones_etl_pipeline' retrieved from /opt/airflow/dags/abc_phones_etl_dag.py
[2026-05-13T14:30:38.334+0000] {logging_mixin.py:188} INFO - [2026-05-13T14:30:38.334+0000] {dag.py:3089} INFO - Sync 1 DAGs
[2026-05-13T14:30:38.360+0000] {logging_mixin.py:188} INFO - [2026-05-13T14:30:38.360+0000] {dag.py:3947} INFO - Setting next_dagrun for abc_phones_etl_pipeline to 2026-05-13 00:00:00+00:00, run_after=2026-05-14 00:00:00+00:00
[2026-05-13T14:30:38.386+0000] {processor.py:183} INFO - Processing /opt/airflow/dags/abc_phones_etl_dag.py took 0.942 seconds
[2026-05-13T14:31:08.641+0000] {processor.py:161} INFO - Started process (PID=912) to work on /opt/airflow/dags/abc_phones_etl_dag.py
[2026-05-13T14:31:08.642+0000] {processor.py:830} INFO - Processing file /opt/airflow/dags/abc_phones_etl_dag.py for tasks to queue
[2026-05-13T14:31:08.645+0000] {logging_mixin.py:188} INFO - [2026-05-13T14:31:08.645+0000] {dagbag.py:545} INFO - Filling up the DagBag from /opt/airflow/dags/abc_phones_etl_dag.py
[2026-05-13T14:31:09.407+0000] {processor.py:840} INFO - DAG(s) 'abc_phones_etl_pipeline' retrieved from /opt/airflow/dags/abc_phones_etl_dag.py
[2026-05-13T14:31:09.476+0000] {logging_mixin.py:188} INFO - [2026-05-13T14:31:09.475+0000] {dag.py:3089} INFO - Sync 1 DAGs
[2026-05-13T14:31:09.501+0000] {logging_mixin.py:188} INFO - [2026-05-13T14:31:09.501+0000] {dag.py:3947} INFO - Setting next_dagrun for abc_phones_etl_pipeline to 2026-05-13 00:00:00+00:00, run_after=2026-05-14 00:00:00+00:00
[2026-05-13T14:31:09.527+0000] {processor.py:183} INFO - Processing /opt/airflow/dags/abc_phones_etl_dag.py took 0.897 seconds
[2026-05-13T14:31:39.777+0000] {processor.py:161} INFO - Started process (PID=914) to work on /opt/airflow/dags/abc_phones_etl_dag.py
[2026-05-13T14:31:39.779+0000] {processor.py:830} INFO - Processing file /opt/airflow/dags/abc_phones_etl_dag.py for tasks to queue
[2026-05-13T14:31:39.781+0000] {logging_mixin.py:188} INFO - [2026-05-13T14:31:39.781+0000] {dagbag.py:545} INFO - Filling up the DagBag from /opt/airflow/dags/abc_phones_etl_dag.py
[2026-05-13T14:31:40.587+0000] {processor.py:840} INFO - DAG(s) 'abc_phones_etl_pipeline' retrieved from /opt/airflow/dags/abc_phones_etl_dag.py
[2026-05-13T14:31:40.643+0000] {logging_mixin.py:188} INFO - [2026-05-13T14:31:40.642+0000] {dag.py:3089} INFO - Sync 1 DAGs
[2026-05-13T14:31:40.690+0000] {logging_mixin.py:188} INFO - [2026-05-13T14:31:40.689+0000] {dag.py:3947} INFO - Setting next_dagrun for abc_phones_etl_pipeline to 2026-05-13 00:00:00+00:00, run_after=2026-05-14 00:00:00+00:00
[2026-05-13T14:31:40.732+0000] {processor.py:183} INFO - Processing /opt/airflow/dags/abc_phones_etl_dag.py took 0.966 seconds
[2026-05-13T14:32:10.972+0000] {processor.py:161} INFO - Started process (PID=916) to work on /opt/airflow/dags/abc_phones_etl_dag.py
[2026-05-13T14:32:10.973+0000] {processor.py:830} INFO - Processing file /opt/airflow/dags/abc_phones_etl_dag.py for tasks to queue
[2026-05-13T14:32:10.975+0000] {logging_mixin.py:188} INFO - [2026-05-13T14:32:10.975+0000] {dagbag.py:545} INFO - Filling up the DagBag from /opt/airflow/dags/abc_phones_etl_dag.py
[2026-05-13T14:32:11.729+0000] {processor.py:840} INFO - DAG(s) 'abc_phones_etl_pipeline' retrieved from /opt/airflow/dags/abc_phones_etl_dag.py
[2026-05-13T14:32:11.761+0000] {logging_mixin.py:188} INFO - [2026-05-13T14:32:11.761+0000] {dag.py:3089} INFO - Sync 1 DAGs
[2026-05-13T14:32:11.784+0000] {logging_mixin.py:188} INFO - [2026-05-13T14:32:11.784+0000] {dag.py:3947} INFO - Setting next_dagrun for abc_phones_etl_pipeline to 2026-05-13 00:00:00+00:00, run_after=2026-05-14 00:00:00+00:00
[2026-05-13T14:32:11.809+0000] {processor.py:183} INFO - Processing /opt/airflow/dags/abc_phones_etl_dag.py took 0.847 seconds
[2026-05-13T14:32:42.047+0000] {processor.py:161} INFO - Started process (PID=918) to work on /opt/airflow/dags/abc_phones_etl_dag.py
[2026-05-13T14:32:42.049+0000] {processor.py:830} INFO - Processing file /opt/airflow/dags/abc_phones_etl_dag.py for tasks to queue
[2026-05-13T14:32:42.052+0000] {logging_mixin.py:188} INFO - [2026-05-13T14:32:42.052+0000] {dagbag.py:545} INFO - Filling up the DagBag from /opt/airflow/dags/abc_phones_etl_dag.py
[2026-05-13T14:32:42.777+0000] {processor.py:840} INFO - DAG(s) 'abc_phones_etl_pipeline' retrieved from /opt/airflow/dags/abc_phones_etl_dag.py
[2026-05-13T14:32:42.809+0000] {logging_mixin.py:188} INFO - [2026-05-13T14:32:42.808+0000] {dag.py:3089} INFO - Sync 1 DAGs
[2026-05-13T14:32:42.834+0000] {logging_mixin.py:188} INFO - [2026-05-13T14:32:42.834+0000] {dag.py:3947} INFO - Setting next_dagrun for abc_phones_etl_pipeline to 2026-05-13 00:00:00+00:00, run_after=2026-05-14 00:00:00+00:00
[2026-05-13T14:32:42.863+0000] {processor.py:183} INFO - Processing /opt/airflow/dags/abc_phones_etl_dag.py took 0.826 seconds
[2026-05-13T14:33:13.124+0000] {processor.py:161} INFO - Started process (PID=920) to work on /opt/airflow/dags/abc_phones_etl_dag.py
[2026-05-13T14:33:13.126+0000] {processor.py:830} INFO - Processing file /opt/airflow/dags/abc_phones_etl_dag.py for tasks to queue
[2026-05-13T14:33:13.130+0000] {logging_mixin.py:188} INFO - [2026-05-13T14:33:13.130+0000] {dagbag.py:545} INFO - Filling up the DagBag from /opt/airflow/dags/abc_phones_etl_dag.py
[2026-05-13T14:33:13.788+0000] {processor.py:840} INFO - DAG(s) 'abc_phones_etl_pipeline' retrieved from /opt/airflow/dags/abc_phones_etl_dag.py
[2026-05-13T14:33:13.825+0000] {logging_mixin.py:188} INFO - [2026-05-13T14:33:13.824+0000] {dag.py:3089} INFO - Sync 1 DAGs
[2026-05-13T14:33:13.845+0000] {logging_mixin.py:188} INFO - [2026-05-13T14:33:13.845+0000] {dag.py:3947} INFO - Setting next_dagrun for abc_phones_etl_pipeline to 2026-05-13 00:00:00+00:00, run_after=2026-05-14 00:00:00+00:00
[2026-05-13T14:33:13.868+0000] {processor.py:183} INFO - Processing /opt/airflow/dags/abc_phones_etl_dag.py took 0.755 seconds
[2026-05-13T14:33:44.097+0000] {processor.py:161} INFO - Started process (PID=922) to work on /opt/airflow/dags/abc_phones_etl_dag.py
[2026-05-13T14:33:44.098+0000] {processor.py:830} INFO - Processing file /opt/airflow/dags/abc_phones_etl_dag.py for tasks to queue
[2026-05-13T14:33:44.100+0000] {logging_mixin.py:188} INFO - [2026-05-13T14:33:44.100+0000] {dagbag.py:545} INFO - Filling up the DagBag from /opt/airflow/dags/abc_phones_etl_dag.py
[2026-05-13T14:33:44.692+0000] {processor.py:840} INFO - DAG(s) 'abc_phones_etl_pipeline' retrieved from /opt/airflow/dags/abc_phones_etl_dag.py
[2026-05-13T14:33:44.723+0000] {logging_mixin.py:188} INFO - [2026-05-13T14:33:44.723+0000] {dag.py:3089} INFO - Sync 1 DAGs
[2026-05-13T14:33:44.744+0000] {logging_mixin.py:188} INFO - [2026-05-13T14:33:44.744+0000] {dag.py:3947} INFO - Setting next_dagrun for abc_phones_etl_pipeline to 2026-05-13 00:00:00+00:00, run_after=2026-05-14 00:00:00+00:00
[2026-05-13T14:33:44.767+0000] {processor.py:183} INFO - Processing /opt/airflow/dags/abc_phones_etl_dag.py took 0.679 seconds
[2026-05-13T14:34:14.971+0000] {processor.py:161} INFO - Started process (PID=924) to work on /opt/airflow/dags/abc_phones_etl_dag.py
[2026-05-13T14:34:14.973+0000] {processor.py:830} INFO - Processing file /opt/airflow/dags/abc_phones_etl_dag.py for tasks to queue
[2026-05-13T14:34:14.975+0000] {logging_mixin.py:188} INFO - [2026-05-13T14:34:14.975+0000] {dagbag.py:545} INFO - Filling up the DagBag from /opt/airflow/dags/abc_phones_etl_dag.py
[2026-05-13T14:34:15.564+0000] {processor.py:840} INFO - DAG(s) 'abc_phones_etl_pipeline' retrieved from /opt/airflow/dags/abc_phones_etl_dag.py
[2026-05-13T14:34:15.598+0000] {logging_mixin.py:188} INFO - [2026-05-13T14:34:15.597+0000] {dag.py:3089} INFO - Sync 1 DAGs
[2026-05-13T14:34:15.621+0000] {logging_mixin.py:188} INFO - [2026-05-13T14:34:15.621+0000] {dag.py:3947} INFO - Setting next_dagrun for abc_phones_etl_pipeline to 2026-05-13 00:00:00+00:00, run_after=2026-05-14 00:00:00+00:00
[2026-05-13T14:34:15.650+0000] {processor.py:183} INFO - Processing /opt/airflow/dags/abc_phones_etl_dag.py took 0.687 seconds
[2026-05-13T14:34:45.863+0000] {processor.py:161} INFO - Started process (PID=926) to work on /opt/airflow/dags/abc_phones_etl_dag.py
[2026-05-13T14:34:45.864+0000] {processor.py:830} INFO - Processing file /opt/airflow/dags/abc_phones_etl_dag.py for tasks to queue
[2026-05-13T14:34:45.867+0000] {logging_mixin.py:188} INFO - [2026-05-13T14:34:45.866+0000] {dagbag.py:545} INFO - Filling up the DagBag from /opt/airflow/dags/abc_phones_etl_dag.py
[2026-05-13T14:34:46.467+0000] {processor.py:840} INFO - DAG(s) 'abc_phones_etl_pipeline' retrieved from /opt/airflow/dags/abc_phones_etl_dag.py
[2026-05-13T14:34:46.498+0000] {logging_mixin.py:188} INFO - [2026-05-13T14:34:46.498+0000] {dag.py:3089} INFO - Sync 1 DAGs
[2026-05-13T14:34:46.520+0000] {logging_mixin.py:188} INFO - [2026-05-13T14:34:46.519+0000] {dag.py:3947} INFO - Setting next_dagrun for abc_phones_etl_pipeline to 2026-05-13 00:00:00+00:00, run_after=2026-05-14 00:00:00+00:00
[2026-05-13T14:34:46.545+0000] {processor.py:183} INFO - Processing /opt/airflow/dags/abc_phones_etl_dag.py took 0.696 seconds
[2026-05-13T14:35:16.768+0000] {processor.py:161} INFO - Started process (PID=928) to work on /opt/airflow/dags/abc_phones_etl_dag.py
[2026-05-13T14:35:16.770+0000] {processor.py:830} INFO - Processing file /opt/airflow/dags/abc_phones_etl_dag.py for tasks to queue
[2026-05-13T14:35:16.772+0000] {logging_mixin.py:188} INFO - [2026-05-13T14:35:16.772+0000] {dagbag.py:545} INFO - Filling up the DagBag from /opt/airflow/dags/abc_phones_etl_dag.py
[2026-05-13T14:35:17.441+0000] {processor.py:840} INFO - DAG(s) 'abc_phones_etl_pipeline' retrieved from /opt/airflow/dags/abc_phones_etl_dag.py
[2026-05-13T14:35:17.474+0000] {logging_mixin.py:188} INFO - [2026-05-13T14:35:17.473+0000] {dag.py:3089} INFO - Sync 1 DAGs
[2026-05-13T14:35:17.497+0000] {logging_mixin.py:188} INFO - [2026-05-13T14:35:17.496+0000] {dag.py:3947} INFO - Setting next_dagrun for abc_phones_etl_pipeline to 2026-05-13 00:00:00+00:00, run_after=2026-05-14 00:00:00+00:00
[2026-05-13T14:35:17.521+0000] {processor.py:183} INFO - Processing /opt/airflow/dags/abc_phones_etl_dag.py took 0.763 seconds
[2026-05-13T14:35:47.745+0000] {processor.py:161} INFO - Started process (PID=930) to work on /opt/airflow/dags/abc_phones_etl_dag.py
[2026-05-13T14:35:47.747+0000] {processor.py:830} INFO - Processing file /opt/airflow/dags/abc_phones_etl_dag.py for tasks to queue
[2026-05-13T14:35:47.749+0000] {logging_mixin.py:188} INFO - [2026-05-13T14:35:47.749+0000] {dagbag.py:545} INFO - Filling up the DagBag from /opt/airflow/dags/abc_phones_etl_dag.py
[2026-05-13T14:35:48.489+0000] {processor.py:840} INFO - DAG(s) 'abc_phones_etl_pipeline' retrieved from /opt/airflow/dags/abc_phones_etl_dag.py
[2026-05-13T14:35:48.573+0000] {logging_mixin.py:188} INFO - [2026-05-13T14:35:48.572+0000] {dag.py:3089} INFO - Sync 1 DAGs
[2026-05-13T14:35:48.616+0000] {logging_mixin.py:188} INFO - [2026-05-13T14:35:48.616+0000] {dag.py:3947} INFO - Setting next_dagrun for abc_phones_etl_pipeline to 2026-05-13 00:00:00+00:00, run_after=2026-05-14 00:00:00+00:00
[2026-05-13T14:35:48.643+0000] {processor.py:183} INFO - Processing /opt/airflow/dags/abc_phones_etl_dag.py took 0.909 seconds
[2026-05-13T14:36:18.869+0000] {processor.py:161} INFO - Started process (PID=932) to work on /opt/airflow/dags/abc_phones_etl_dag.py
[2026-05-13T14:36:18.871+0000] {processor.py:830} INFO - Processing file /opt/airflow/dags/abc_phones_etl_dag.py for tasks to queue
[2026-05-13T14:36:18.873+0000] {logging_mixin.py:188} INFO - [2026-05-13T14:36:18.872+0000] {dagbag.py:545} INFO - Filling up the DagBag from /opt/airflow/dags/abc_phones_etl_dag.py
[2026-05-13T14:36:19.589+0000] {processor.py:840} INFO - DAG(s) 'abc_phones_etl_pipeline' retrieved from /opt/airflow/dags/abc_phones_etl_dag.py
[2026-05-13T14:36:19.623+0000] {logging_mixin.py:188} INFO - [2026-05-13T14:36:19.623+0000] {dag.py:3089} INFO - Sync 1 DAGs
[2026-05-13T14:36:19.646+0000] {logging_mixin.py:188} INFO - [2026-05-13T14:36:19.645+0000] {dag.py:3947} INFO - Setting next_dagrun for abc_phones_etl_pipeline to 2026-05-13 00:00:00+00:00, run_after=2026-05-14 00:00:00+00:00
[2026-05-13T14:36:19.668+0000] {processor.py:183} INFO - Processing /opt/airflow/dags/abc_phones_etl_dag.py took 0.808 seconds
[2026-05-13T14:36:49.924+0000] {processor.py:161} INFO - Started process (PID=934) to work on /opt/airflow/dags/abc_phones_etl_dag.py
[2026-05-13T14:36:49.926+0000] {processor.py:830} INFO - Processing file /opt/airflow/dags/abc_phones_etl_dag.py for tasks to queue
[2026-05-13T14:36:49.929+0000] {logging_mixin.py:188} INFO - [2026-05-13T14:36:49.929+0000] {dagbag.py:545} INFO - Filling up the DagBag from /opt/airflow/dags/abc_phones_etl_dag.py
[2026-05-13T14:36:50.722+0000] {processor.py:840} INFO - DAG(s) 'abc_phones_etl_pipeline' retrieved from /opt/airflow/dags/abc_phones_etl_dag.py
[2026-05-13T14:36:50.778+0000] {logging_mixin.py:188} INFO - [2026-05-13T14:36:50.775+0000] {dag.py:3089} INFO - Sync 1 DAGs
[2026-05-13T14:36:50.821+0000] {logging_mixin.py:188} INFO - [2026-05-13T14:36:50.821+0000] {dag.py:3947} INFO - Setting next_dagrun for abc_phones_etl_pipeline to 2026-05-13 00:00:00+00:00, run_after=2026-05-14 00:00:00+00:00
[2026-05-13T14:36:50.851+0000] {processor.py:183} INFO - Processing /opt/airflow/dags/abc_phones_etl_dag.py took 0.937 seconds
[2026-05-13T14:37:21.095+0000] {processor.py:161} INFO - Started process (PID=936) to work on /opt/airflow/dags/abc_phones_etl_dag.py
[2026-05-13T14:37:21.097+0000] {processor.py:830} INFO - Processing file /opt/airflow/dags/abc_phones_etl_dag.py for tasks to queue
[2026-05-13T14:37:21.099+0000] {logging_mixin.py:188} INFO - [2026-05-13T14:37:21.099+0000] {dagbag.py:545} INFO - Filling up the DagBag from /opt/airflow/dags/abc_phones_etl_dag.py
[2026-05-13T14:37:21.836+0000] {processor.py:840} INFO - DAG(s) 'abc_phones_etl_pipeline' retrieved from /opt/airflow/dags/abc_phones_etl_dag.py
[2026-05-13T14:37:21.866+0000] {logging_mixin.py:188} INFO - [2026-05-13T14:37:21.866+0000] {dag.py:3089} INFO - Sync 1 DAGs
[2026-05-13T14:37:21.888+0000] {logging_mixin.py:188} INFO - [2026-05-13T14:37:21.887+0000] {dag.py:3947} INFO - Setting next_dagrun for abc_phones_etl_pipeline to 2026-05-13 00:00:00+00:00, run_after=2026-05-14 00:00:00+00:00
[2026-05-13T14:37:21.919+0000] {processor.py:183} INFO - Processing /opt/airflow/dags/abc_phones_etl_dag.py took 0.838 seconds
[2026-05-13T14:37:52.132+0000] {processor.py:161} INFO - Started process (PID=938) to work on /opt/airflow/dags/abc_phones_etl_dag.py
[2026-05-13T14:37:52.133+0000] {processor.py:830} INFO - Processing file /opt/airflow/dags/abc_phones_etl_dag.py for tasks to queue
[2026-05-13T14:37:52.136+0000] {logging_mixin.py:188} INFO - [2026-05-13T14:37:52.136+0000] {dagbag.py:545} INFO - Filling up the DagBag from /opt/airflow/dags/abc_phones_etl_dag.py
[2026-05-13T14:37:52.886+0000] {processor.py:840} INFO - DAG(s) 'abc_phones_etl_pipeline' retrieved from /opt/airflow/dags/abc_phones_etl_dag.py
[2026-05-13T14:37:52.928+0000] {logging_mixin.py:188} INFO - [2026-05-13T14:37:52.927+0000] {dag.py:3089} INFO - Sync 1 DAGs
[2026-05-13T14:37:52.967+0000] {logging_mixin.py:188} INFO - [2026-05-13T14:37:52.967+0000] {dag.py:3947} INFO - Setting next_dagrun for abc_phones_etl_pipeline to 2026-05-13 00:00:00+00:00, run_after=2026-05-14 00:00:00+00:00
[2026-05-13T14:37:52.990+0000] {processor.py:183} INFO - Processing /opt/airflow/dags/abc_phones_etl_dag.py took 0.868 seconds
[2026-05-13T14:38:23.201+0000] {processor.py:161} INFO - Started process (PID=940) to work on /opt/airflow/dags/abc_phones_etl_dag.py
[2026-05-13T14:38:23.202+0000] {processor.py:830} INFO - Processing file /opt/airflow/dags/abc_phones_etl_dag.py for tasks to queue
[2026-05-13T14:38:23.208+0000] {logging_mixin.py:188} INFO - [2026-05-13T14:38:23.207+0000] {dagbag.py:545} INFO - Filling up the DagBag from /opt/airflow/dags/abc_phones_etl_dag.py
[2026-05-13T14:38:23.799+0000] {processor.py:840} INFO - DAG(s) 'abc_phones_etl_pipeline' retrieved from /opt/airflow/dags/abc_phones_etl_dag.py
[2026-05-13T14:38:23.841+0000] {logging_mixin.py:188} INFO - [2026-05-13T14:38:23.840+0000] {dag.py:3089} INFO - Sync 1 DAGs
[2026-05-13T14:38:23.864+0000] {logging_mixin.py:188} INFO - [2026-05-13T14:38:23.863+0000] {dag.py:3947} INFO - Setting next_dagrun for abc_phones_etl_pipeline to 2026-05-13 00:00:00+00:00, run_after=2026-05-14 00:00:00+00:00
[2026-05-13T14:38:23.888+0000] {processor.py:183} INFO - Processing /opt/airflow/dags/abc_phones_etl_dag.py took 0.696 seconds
[2026-05-13T14:38:54.115+0000] {processor.py:161} INFO - Started process (PID=942) to work on /opt/airflow/dags/abc_phones_etl_dag.py
[2026-05-13T14:38:54.117+0000] {processor.py:830} INFO - Processing file /opt/airflow/dags/abc_phones_etl_dag.py for tasks to queue
[2026-05-13T14:38:54.120+0000] {logging_mixin.py:188} INFO - [2026-05-13T14:38:54.119+0000] {dagbag.py:545} INFO - Filling up the DagBag from /opt/airflow/dags/abc_phones_etl_dag.py
[2026-05-13T14:38:54.699+0000] {processor.py:840} INFO - DAG(s) 'abc_phones_etl_pipeline' retrieved from /opt/airflow/dags/abc_phones_etl_dag.py
[2026-05-13T14:38:54.729+0000] {logging_mixin.py:188} INFO - [2026-05-13T14:38:54.728+0000] {dag.py:3089} INFO - Sync 1 DAGs
[2026-05-13T14:38:54.750+0000] {logging_mixin.py:188} INFO - [2026-05-13T14:38:54.750+0000] {dag.py:3947} INFO - Setting next_dagrun for abc_phones_etl_pipeline to 2026-05-13 00:00:00+00:00, run_after=2026-05-14 00:00:00+00:00
[2026-05-13T14:38:54.772+0000] {processor.py:183} INFO - Processing /opt/airflow/dags/abc_phones_etl_dag.py took 0.665 seconds
[2026-05-13T14:39:25.037+0000] {processor.py:161} INFO - Started process (PID=944) to work on /opt/airflow/dags/abc_phones_etl_dag.py
[2026-05-13T14:39:25.039+0000] {processor.py:830} INFO - Processing file /opt/airflow/dags/abc_phones_etl_dag.py for tasks to queue
[2026-05-13T14:39:25.041+0000] {logging_mixin.py:188} INFO - [2026-05-13T14:39:25.041+0000] {dagbag.py:545} INFO - Filling up the DagBag from /opt/airflow/dags/abc_phones_etl_dag.py
[2026-05-13T14:39:25.627+0000] {processor.py:840} INFO - DAG(s) 'abc_phones_etl_pipeline' retrieved from /opt/airflow/dags/abc_phones_etl_dag.py
[2026-05-13T14:39:25.660+0000] {logging_mixin.py:188} INFO - [2026-05-13T14:39:25.660+0000] {dag.py:3089} INFO - Sync 1 DAGs
[2026-05-13T14:39:25.682+0000] {logging_mixin.py:188} INFO - [2026-05-13T14:39:25.681+0000] {dag.py:3947} INFO - Setting next_dagrun for abc_phones_etl_pipeline to 2026-05-13 00:00:00+00:00, run_after=2026-05-14 00:00:00+00:00
[2026-05-13T14:39:25.706+0000] {processor.py:183} INFO - Processing /opt/airflow/dags/abc_phones_etl_dag.py took 0.684 seconds
[2026-05-13T14:39:55.897+0000] {processor.py:161} INFO - Started process (PID=946) to work on /opt/airflow/dags/abc_phones_etl_dag.py
[2026-05-13T14:39:55.898+0000] {processor.py:830} INFO - Processing file /opt/airflow/dags/abc_phones_etl_dag.py for tasks to queue
[2026-05-13T14:39:55.900+0000] {logging_mixin.py:188} INFO - [2026-05-13T14:39:55.900+0000] {dagbag.py:545} INFO - Filling up the DagBag from /opt/airflow/dags/abc_phones_etl_dag.py
[2026-05-13T14:39:56.489+0000] {processor.py:840} INFO - DAG(s) 'abc_phones_etl_pipeline' retrieved from /opt/airflow/dags/abc_phones_etl_dag.py
[2026-05-13T14:39:56.525+0000] {logging_mixin.py:188} INFO - [2026-05-13T14:39:56.524+0000] {dag.py:3089} INFO - Sync 1 DAGs
[2026-05-13T14:39:56.547+0000] {logging_mixin.py:188} INFO - [2026-05-13T14:39:56.547+0000] {dag.py:3947} INFO - Setting next_dagrun for abc_phones_etl_pipeline to 2026-05-13 00:00:00+00:00, run_after=2026-05-14 00:00:00+00:00
[2026-05-13T14:39:56.571+0000] {processor.py:183} INFO - Processing /opt/airflow/dags/abc_phones_etl_dag.py took 0.685 seconds
[2026-05-13T14:40:26.792+0000] {processor.py:161} INFO - Started process (PID=948) to work on /opt/airflow/dags/abc_phones_etl_dag.py
[2026-05-13T14:40:26.793+0000] {processor.py:830} INFO - Processing file /opt/airflow/dags/abc_phones_etl_dag.py for tasks to queue
[2026-05-13T14:40:26.795+0000] {logging_mixin.py:188} INFO - [2026-05-13T14:40:26.795+0000] {dagbag.py:545} INFO - Filling up the DagBag from /opt/airflow/dags/abc_phones_etl_dag.py
[2026-05-13T14:40:27.387+0000] {processor.py:840} INFO - DAG(s) 'abc_phones_etl_pipeline' retrieved from /opt/airflow/dags/abc_phones_etl_dag.py
[2026-05-13T14:40:27.423+0000] {logging_mixin.py:188} INFO - [2026-05-13T14:40:27.423+0000] {dag.py:3089} INFO - Sync 1 DAGs
[2026-05-13T14:40:27.444+0000] {logging_mixin.py:188} INFO - [2026-05-13T14:40:27.443+0000] {dag.py:3947} INFO - Setting next_dagrun for abc_phones_etl_pipeline to 2026-05-13 00:00:00+00:00, run_after=2026-05-14 00:00:00+00:00
[2026-05-13T14:40:27.467+0000] {processor.py:183} INFO - Processing /opt/airflow/dags/abc_phones_etl_dag.py took 0.685 seconds
[2026-05-13T14:40:57.702+0000] {processor.py:161} INFO - Started process (PID=950) to work on /opt/airflow/dags/abc_phones_etl_dag.py
[2026-05-13T14:40:57.704+0000] {processor.py:830} INFO - Processing file /opt/airflow/dags/abc_phones_etl_dag.py for tasks to queue
[2026-05-13T14:40:57.707+0000] {logging_mixin.py:188} INFO - [2026-05-13T14:40:57.707+0000] {dagbag.py:545} INFO - Filling up the DagBag from /opt/airflow/dags/abc_phones_etl_dag.py
[2026-05-13T14:40:58.350+0000] {processor.py:840} INFO - DAG(s) 'abc_phones_etl_pipeline' retrieved from /opt/airflow/dags/abc_phones_etl_dag.py
[2026-05-13T14:40:58.418+0000] {logging_mixin.py:188} INFO - [2026-05-13T14:40:58.417+0000] {dag.py:3089} INFO - Sync 1 DAGs
[2026-05-13T14:40:58.465+0000] {logging_mixin.py:188} INFO - [2026-05-13T14:40:58.465+0000] {dag.py:3947} INFO - Setting next_dagrun for abc_phones_etl_pipeline to 2026-05-13 00:00:00+00:00, run_after=2026-05-14 00:00:00+00:00
[2026-05-13T14:40:58.497+0000] {processor.py:183} INFO - Processing /opt/airflow/dags/abc_phones_etl_dag.py took 0.811 seconds
[2026-05-13T14:41:28.765+0000] {processor.py:161} INFO - Started process (PID=952) to work on /opt/airflow/dags/abc_phones_etl_dag.py
[2026-05-13T14:41:28.767+0000] {processor.py:830} INFO - Processing file /opt/airflow/dags/abc_phones_etl_dag.py for tasks to queue
[2026-05-13T14:41:28.770+0000] {logging_mixin.py:188} INFO - [2026-05-13T14:41:28.770+0000] {dagbag.py:545} INFO - Filling up the DagBag from /opt/airflow/dags/abc_phones_etl_dag.py
[2026-05-13T14:41:29.407+0000] {processor.py:840} INFO - DAG(s) 'abc_phones_etl_pipeline' retrieved from /opt/airflow/dags/abc_phones_etl_dag.py
[2026-05-13T14:41:29.438+0000] {logging_mixin.py:188} INFO - [2026-05-13T14:41:29.437+0000] {dag.py:3089} INFO - Sync 1 DAGs
[2026-05-13T14:41:29.460+0000] {logging_mixin.py:188} INFO - [2026-05-13T14:41:29.460+0000] {dag.py:3947} INFO - Setting next_dagrun for abc_phones_etl_pipeline to 2026-05-13 00:00:00+00:00, run_after=2026-05-14 00:00:00+00:00
[2026-05-13T14:41:29.485+0000] {processor.py:183} INFO - Processing /opt/airflow/dags/abc_phones_etl_dag.py took 0.741 seconds
[2026-05-13T14:41:59.580+0000] {processor.py:161} INFO - Started process (PID=954) to work on /opt/airflow/dags/abc_phones_etl_dag.py
[2026-05-13T14:41:59.581+0000] {processor.py:830} INFO - Processing file /opt/airflow/dags/abc_phones_etl_dag.py for tasks to queue
[2026-05-13T14:41:59.583+0000] {logging_mixin.py:188} INFO - [2026-05-13T14:41:59.583+0000] {dagbag.py:545} INFO - Filling up the DagBag from /opt/airflow/dags/abc_phones_etl_dag.py
[2026-05-13T14:42:00.367+0000] {processor.py:840} INFO - DAG(s) 'abc_phones_etl_pipeline' retrieved from /opt/airflow/dags/abc_phones_etl_dag.py
[2026-05-13T14:42:00.418+0000] {logging_mixin.py:188} INFO - [2026-05-13T14:42:00.418+0000] {dag.py:3089} INFO - Sync 1 DAGs
[2026-05-13T14:42:00.461+0000] {logging_mixin.py:188} INFO - [2026-05-13T14:42:00.460+0000] {dag.py:3947} INFO - Setting next_dagrun for abc_phones_etl_pipeline to 2026-05-13 00:00:00+00:00, run_after=2026-05-14 00:00:00+00:00
[2026-05-13T14:42:00.487+0000] {processor.py:183} INFO - Processing /opt/airflow/dags/abc_phones_etl_dag.py took 0.916 seconds
[2026-05-13T14:42:30.721+0000] {processor.py:161} INFO - Started process (PID=956) to work on /opt/airflow/dags/abc_phones_etl_dag.py
[2026-05-13T14:42:30.723+0000] {processor.py:830} INFO - Processing file /opt/airflow/dags/abc_phones_etl_dag.py for tasks to queue
[2026-05-13T14:42:30.725+0000] {logging_mixin.py:188} INFO - [2026-05-13T14:42:30.725+0000] {dagbag.py:545} INFO - Filling up the DagBag from /opt/airflow/dags/abc_phones_etl_dag.py
[2026-05-13T14:42:31.380+0000] {processor.py:840} INFO - DAG(s) 'abc_phones_etl_pipeline' retrieved from /opt/airflow/dags/abc_phones_etl_dag.py
[2026-05-13T14:42:31.412+0000] {logging_mixin.py:188} INFO - [2026-05-13T14:42:31.412+0000] {dag.py:3089} INFO - Sync 1 DAGs
[2026-05-13T14:42:31.434+0000] {logging_mixin.py:188} INFO - [2026-05-13T14:42:31.434+0000] {dag.py:3947} INFO - Setting next_dagrun for abc_phones_etl_pipeline to 2026-05-13 00:00:00+00:00, run_after=2026-05-14 00:00:00+00:00
[2026-05-13T14:42:31.461+0000] {processor.py:183} INFO - Processing /opt/airflow/dags/abc_phones_etl_dag.py took 0.748 seconds
[2026-05-13T14:43:01.697+0000] {processor.py:161} INFO - Started process (PID=958) to work on /opt/airflow/dags/abc_phones_etl_dag.py
[2026-05-13T14:43:01.699+0000] {processor.py:830} INFO - Processing file /opt/airflow/dags/abc_phones_etl_dag.py for tasks to queue
[2026-05-13T14:43:01.703+0000] {logging_mixin.py:188} INFO - [2026-05-13T14:43:01.702+0000] {dagbag.py:545} INFO - Filling up the DagBag from /opt/airflow/dags/abc_phones_etl_dag.py
[2026-05-13T14:43:02.341+0000] {processor.py:840} INFO - DAG(s) 'abc_phones_etl_pipeline' retrieved from /opt/airflow/dags/abc_phones_etl_dag.py
[2026-05-13T14:43:02.373+0000] {logging_mixin.py:188} INFO - [2026-05-13T14:43:02.372+0000] {dag.py:3089} INFO - Sync 1 DAGs
[2026-05-13T14:43:02.394+0000] {logging_mixin.py:188} INFO - [2026-05-13T14:43:02.394+0000] {dag.py:3947} INFO - Setting next_dagrun for abc_phones_etl_pipeline to 2026-05-13 00:00:00+00:00, run_after=2026-05-14 00:00:00+00:00
[2026-05-13T14:43:02.420+0000] {processor.py:183} INFO - Processing /opt/airflow/dags/abc_phones_etl_dag.py took 0.733 seconds
[2026-05-13T14:43:32.666+0000] {processor.py:161} INFO - Started process (PID=960) to work on /opt/airflow/dags/abc_phones_etl_dag.py
[2026-05-13T14:43:32.668+0000] {processor.py:830} INFO - Processing file /opt/airflow/dags/abc_phones_etl_dag.py for tasks to queue
[2026-05-13T14:43:32.670+0000] {logging_mixin.py:188} INFO - [2026-05-13T14:43:32.670+0000] {dagbag.py:545} INFO - Filling up the DagBag from /opt/airflow/dags/abc_phones_etl_dag.py
[2026-05-13T14:43:33.363+0000] {processor.py:840} INFO - DAG(s) 'abc_phones_etl_pipeline' retrieved from /opt/airflow/dags/abc_phones_etl_dag.py
[2026-05-13T14:43:33.396+0000] {logging_mixin.py:188} INFO - [2026-05-13T14:43:33.396+0000] {dag.py:3089} INFO - Sync 1 DAGs
[2026-05-13T14:43:33.422+0000] {logging_mixin.py:188} INFO - [2026-05-13T14:43:33.421+0000] {dag.py:3947} INFO - Setting next_dagrun for abc_phones_etl_pipeline to 2026-05-13 00:00:00+00:00, run_after=2026-05-14 00:00:00+00:00
[2026-05-13T14:43:33.449+0000] {processor.py:183} INFO - Processing /opt/airflow/dags/abc_phones_etl_dag.py took 0.793 seconds
[2026-05-13T14:44:03.662+0000] {processor.py:161} INFO - Started process (PID=962) to work on /opt/airflow/dags/abc_phones_etl_dag.py
[2026-05-13T14:44:03.663+0000] {processor.py:830} INFO - Processing file /opt/airflow/dags/abc_phones_etl_dag.py for tasks to queue
[2026-05-13T14:44:03.666+0000] {logging_mixin.py:188} INFO - [2026-05-13T14:44:03.666+0000] {dagbag.py:545} INFO - Filling up the DagBag from /opt/airflow/dags/abc_phones_etl_dag.py
[2026-05-13T14:44:04.401+0000] {processor.py:840} INFO - DAG(s) 'abc_phones_etl_pipeline' retrieved from /opt/airflow/dags/abc_phones_etl_dag.py
[2026-05-13T14:44:04.433+0000] {logging_mixin.py:188} INFO - [2026-05-13T14:44:04.433+0000] {dag.py:3089} INFO - Sync 1 DAGs
[2026-05-13T14:44:04.458+0000] {logging_mixin.py:188} INFO - [2026-05-13T14:44:04.458+0000] {dag.py:3947} INFO - Setting next_dagrun for abc_phones_etl_pipeline to 2026-05-13 00:00:00+00:00, run_after=2026-05-14 00:00:00+00:00
[2026-05-13T14:44:04.480+0000] {processor.py:183} INFO - Processing /opt/airflow/dags/abc_phones_etl_dag.py took 0.828 seconds
[2026-05-13T14:44:34.559+0000] {processor.py:161} INFO - Started process (PID=964) to work on /opt/airflow/dags/abc_phones_etl_dag.py
[2026-05-13T14:44:34.561+0000] {processor.py:830} INFO - Processing file /opt/airflow/dags/abc_phones_etl_dag.py for tasks to queue
[2026-05-13T14:44:34.563+0000] {logging_mixin.py:188} INFO - [2026-05-13T14:44:34.563+0000] {dagbag.py:545} INFO - Filling up the DagBag from /opt/airflow/dags/abc_phones_etl_dag.py
[2026-05-13T14:44:35.213+0000] {processor.py:840} INFO - DAG(s) 'abc_phones_etl_pipeline' retrieved from /opt/airflow/dags/abc_phones_etl_dag.py
[2026-05-13T14:44:35.243+0000] {logging_mixin.py:188} INFO - [2026-05-13T14:44:35.242+0000] {dag.py:3089} INFO - Sync 1 DAGs
[2026-05-13T14:44:35.266+0000] {logging_mixin.py:188} INFO - [2026-05-13T14:44:35.265+0000] {dag.py:3947} INFO - Setting next_dagrun for abc_phones_etl_pipeline to 2026-05-13 00:00:00+00:00, run_after=2026-05-14 00:00:00+00:00
[2026-05-13T14:44:35.290+0000] {processor.py:183} INFO - Processing /opt/airflow/dags/abc_phones_etl_dag.py took 0.740 seconds
[2026-05-13T14:45:05.520+0000] {processor.py:161} INFO - Started process (PID=966) to work on /opt/airflow/dags/abc_phones_etl_dag.py
[2026-05-13T14:45:05.521+0000] {processor.py:830} INFO - Processing file /opt/airflow/dags/abc_phones_etl_dag.py for tasks to queue
[2026-05-13T14:45:05.524+0000] {logging_mixin.py:188} INFO - [2026-05-13T14:45:05.523+0000] {dagbag.py:545} INFO - Filling up the DagBag from /opt/airflow/dags/abc_phones_etl_dag.py
[2026-05-13T14:45:06.197+0000] {processor.py:840} INFO - DAG(s) 'abc_phones_etl_pipeline' retrieved from /opt/airflow/dags/abc_phones_etl_dag.py
[2026-05-13T14:45:06.234+0000] {logging_mixin.py:188} INFO - [2026-05-13T14:45:06.234+0000] {dag.py:3089} INFO - Sync 1 DAGs
[2026-05-13T14:45:06.260+0000] {logging_mixin.py:188} INFO - [2026-05-13T14:45:06.259+0000] {dag.py:3947} INFO - Setting next_dagrun for abc_phones_etl_pipeline to 2026-05-13 00:00:00+00:00, run_after=2026-05-14 00:00:00+00:00
[2026-05-13T14:45:06.286+0000] {processor.py:183} INFO - Processing /opt/airflow/dags/abc_phones_etl_dag.py took 0.778 seconds
[2026-05-13T14:45:36.507+0000] {processor.py:161} INFO - Started process (PID=968) to work on /opt/airflow/dags/abc_phones_etl_dag.py
[2026-05-13T14:45:36.509+0000] {processor.py:830} INFO - Processing file /opt/airflow/dags/abc_phones_etl_dag.py for tasks to queue
[2026-05-13T14:45:36.512+0000] {logging_mixin.py:188} INFO - [2026-05-13T14:45:36.511+0000] {dagbag.py:545} INFO - Filling up the DagBag from /opt/airflow/dags/abc_phones_etl_dag.py
[2026-05-13T14:45:37.107+0000] {processor.py:840} INFO - DAG(s) 'abc_phones_etl_pipeline' retrieved from /opt/airflow/dags/abc_phones_etl_dag.py
[2026-05-13T14:45:37.151+0000] {logging_mixin.py:188} INFO - [2026-05-13T14:45:37.150+0000] {dag.py:3089} INFO - Sync 1 DAGs
[2026-05-13T14:45:37.178+0000] {logging_mixin.py:188} INFO - [2026-05-13T14:45:37.178+0000] {dag.py:3947} INFO - Setting next_dagrun for abc_phones_etl_pipeline to 2026-05-13 00:00:00+00:00, run_after=2026-05-14 00:00:00+00:00
[2026-05-13T14:45:37.197+0000] {processor.py:183} INFO - Processing /opt/airflow/dags/abc_phones_etl_dag.py took 0.704 seconds
[2026-05-13T14:46:07.616+0000] {processor.py:161} INFO - Started process (PID=970) to work on /opt/airflow/dags/abc_phones_etl_dag.py
[2026-05-13T14:46:07.618+0000] {processor.py:830} INFO - Processing file /opt/airflow/dags/abc_phones_etl_dag.py for tasks to queue
[2026-05-13T14:46:07.631+0000] {logging_mixin.py:188} INFO - [2026-05-13T14:46:07.629+0000] {dagbag.py:545} INFO - Filling up the DagBag from /opt/airflow/dags/abc_phones_etl_dag.py
[2026-05-13T14:46:09.908+0000] {processor.py:840} INFO - DAG(s) 'abc_phones_etl_pipeline' retrieved from /opt/airflow/dags/abc_phones_etl_dag.py
[2026-05-13T14:46:09.946+0000] {logging_mixin.py:188} INFO - [2026-05-13T14:46:09.945+0000] {dag.py:3089} INFO - Sync 1 DAGs
[2026-05-13T14:46:09.972+0000] {logging_mixin.py:188} INFO - [2026-05-13T14:46:09.971+0000] {dag.py:3947} INFO - Setting next_dagrun for abc_phones_etl_pipeline to 2026-05-13 00:00:00+00:00, run_after=2026-05-14 00:00:00+00:00
[2026-05-13T14:46:09.996+0000] {processor.py:183} INFO - Processing /opt/airflow/dags/abc_phones_etl_dag.py took 2.408 seconds
[2026-05-13T14:46:40.225+0000] {processor.py:161} INFO - Started process (PID=972) to work on /opt/airflow/dags/abc_phones_etl_dag.py
[2026-05-13T14:46:40.228+0000] {processor.py:830} INFO - Processing file /opt/airflow/dags/abc_phones_etl_dag.py for tasks to queue
[2026-05-13T14:46:40.232+0000] {logging_mixin.py:188} INFO - [2026-05-13T14:46:40.231+0000] {dagbag.py:545} INFO - Filling up the DagBag from /opt/airflow/dags/abc_phones_etl_dag.py
[2026-05-13T14:46:40.967+0000] {processor.py:840} INFO - DAG(s) 'abc_phones_etl_pipeline' retrieved from /opt/airflow/dags/abc_phones_etl_dag.py
[2026-05-13T14:46:41.022+0000] {logging_mixin.py:188} INFO - [2026-05-13T14:46:41.021+0000] {dag.py:3089} INFO - Sync 1 DAGs
[2026-05-13T14:46:41.088+0000] {logging_mixin.py:188} INFO - [2026-05-13T14:46:41.087+0000] {dag.py:3947} INFO - Setting next_dagrun for abc_phones_etl_pipeline to 2026-05-13 00:00:00+00:00, run_after=2026-05-14 00:00:00+00:00
[2026-05-13T14:46:41.186+0000] {processor.py:183} INFO - Processing /opt/airflow/dags/abc_phones_etl_dag.py took 0.973 seconds
[2026-05-13T14:47:11.418+0000] {processor.py:161} INFO - Started process (PID=974) to work on /opt/airflow/dags/abc_phones_etl_dag.py
[2026-05-13T14:47:11.419+0000] {processor.py:830} INFO - Processing file /opt/airflow/dags/abc_phones_etl_dag.py for tasks to queue
[2026-05-13T14:47:11.421+0000] {logging_mixin.py:188} INFO - [2026-05-13T14:47:11.421+0000] {dagbag.py:545} INFO - Filling up the DagBag from /opt/airflow/dags/abc_phones_etl_dag.py
[2026-05-13T14:47:12.058+0000] {processor.py:840} INFO - DAG(s) 'abc_phones_etl_pipeline' retrieved from /opt/airflow/dags/abc_phones_etl_dag.py
[2026-05-13T14:47:12.092+0000] {logging_mixin.py:188} INFO - [2026-05-13T14:47:12.092+0000] {dag.py:3089} INFO - Sync 1 DAGs
[2026-05-13T14:47:12.115+0000] {logging_mixin.py:188} INFO - [2026-05-13T14:47:12.115+0000] {dag.py:3947} INFO - Setting next_dagrun for abc_phones_etl_pipeline to 2026-05-13 00:00:00+00:00, run_after=2026-05-14 00:00:00+00:00
[2026-05-13T14:47:12.137+0000] {processor.py:183} INFO - Processing /opt/airflow/dags/abc_phones_etl_dag.py took 0.729 seconds
[2026-05-13T14:47:42.360+0000] {processor.py:161} INFO - Started process (PID=976) to work on /opt/airflow/dags/abc_phones_etl_dag.py
[2026-05-13T14:47:42.362+0000] {processor.py:830} INFO - Processing file /opt/airflow/dags/abc_phones_etl_dag.py for tasks to queue
[2026-05-13T14:47:42.364+0000] {logging_mixin.py:188} INFO - [2026-05-13T14:47:42.364+0000] {dagbag.py:545} INFO - Filling up the DagBag from /opt/airflow/dags/abc_phones_etl_dag.py
[2026-05-13T14:47:42.981+0000] {processor.py:840} INFO - DAG(s) 'abc_phones_etl_pipeline' retrieved from /opt/airflow/dags/abc_phones_etl_dag.py
[2026-05-13T14:47:43.014+0000] {logging_mixin.py:188} INFO - [2026-05-13T14:47:43.013+0000] {dag.py:3089} INFO - Sync 1 DAGs
[2026-05-13T14:47:43.037+0000] {logging_mixin.py:188} INFO - [2026-05-13T14:47:43.037+0000] {dag.py:3947} INFO - Setting next_dagrun for abc_phones_etl_pipeline to 2026-05-13 00:00:00+00:00, run_after=2026-05-14 00:00:00+00:00
[2026-05-13T14:47:43.081+0000] {processor.py:183} INFO - Processing /opt/airflow/dags/abc_phones_etl_dag.py took 0.731 seconds
[2026-05-13T14:48:13.324+0000] {processor.py:161} INFO - Started process (PID=978) to work on /opt/airflow/dags/abc_phones_etl_dag.py
[2026-05-13T14:48:13.325+0000] {processor.py:830} INFO - Processing file /opt/airflow/dags/abc_phones_etl_dag.py for tasks to queue
[2026-05-13T14:48:13.328+0000] {logging_mixin.py:188} INFO - [2026-05-13T14:48:13.328+0000] {dagbag.py:545} INFO - Filling up the DagBag from /opt/airflow/dags/abc_phones_etl_dag.py
[2026-05-13T14:48:14.105+0000] {processor.py:840} INFO - DAG(s) 'abc_phones_etl_pipeline' retrieved from /opt/airflow/dags/abc_phones_etl_dag.py
[2026-05-13T14:48:14.152+0000] {logging_mixin.py:188} INFO - [2026-05-13T14:48:14.151+0000] {dag.py:3089} INFO - Sync 1 DAGs
[2026-05-13T14:48:14.183+0000] {logging_mixin.py:188} INFO - [2026-05-13T14:48:14.182+0000] {dag.py:3947} INFO - Setting next_dagrun for abc_phones_etl_pipeline to 2026-05-13 00:00:00+00:00, run_after=2026-05-14 00:00:00+00:00
[2026-05-13T14:48:14.211+0000] {processor.py:183} INFO - Processing /opt/airflow/dags/abc_phones_etl_dag.py took 0.898 seconds
[2026-05-13T14:48:44.429+0000] {processor.py:161} INFO - Started process (PID=980) to work on /opt/airflow/dags/abc_phones_etl_dag.py
[2026-05-13T14:48:44.431+0000] {processor.py:830} INFO - Processing file /opt/airflow/dags/abc_phones_etl_dag.py for tasks to queue
[2026-05-13T14:48:44.434+0000] {logging_mixin.py:188} INFO - [2026-05-13T14:48:44.433+0000] {dagbag.py:545} INFO - Filling up the DagBag from /opt/airflow/dags/abc_phones_etl_dag.py
[2026-05-13T14:48:45.006+0000] {processor.py:840} INFO - DAG(s) 'abc_phones_etl_pipeline' retrieved from /opt/airflow/dags/abc_phones_etl_dag.py
[2026-05-13T14:48:45.038+0000] {logging_mixin.py:188} INFO - [2026-05-13T14:48:45.038+0000] {dag.py:3089} INFO - Sync 1 DAGs
[2026-05-13T14:48:45.060+0000] {logging_mixin.py:188} INFO - [2026-05-13T14:48:45.060+0000] {dag.py:3947} INFO - Setting next_dagrun for abc_phones_etl_pipeline to 2026-05-13 00:00:00+00:00, run_after=2026-05-14 00:00:00+00:00
[2026-05-13T14:48:45.084+0000] {processor.py:183} INFO - Processing /opt/airflow/dags/abc_phones_etl_dag.py took 0.668 seconds
[2026-05-13T14:49:15.146+0000] {processor.py:161} INFO - Started process (PID=982) to work on /opt/airflow/dags/abc_phones_etl_dag.py
[2026-05-13T14:49:15.148+0000] {processor.py:830} INFO - Processing file /opt/airflow/dags/abc_phones_etl_dag.py for tasks to queue
[2026-05-13T14:49:15.150+0000] {logging_mixin.py:188} INFO - [2026-05-13T14:49:15.150+0000] {dagbag.py:545} INFO - Filling up the DagBag from /opt/airflow/dags/abc_phones_etl_dag.py
[2026-05-13T14:49:15.716+0000] {processor.py:840} INFO - DAG(s) 'abc_phones_etl_pipeline' retrieved from /opt/airflow/dags/abc_phones_etl_dag.py
[2026-05-13T14:49:15.748+0000] {logging_mixin.py:188} INFO - [2026-05-13T14:49:15.747+0000] {dag.py:3089} INFO - Sync 1 DAGs
[2026-05-13T14:49:15.769+0000] {logging_mixin.py:188} INFO - [2026-05-13T14:49:15.769+0000] {dag.py:3947} INFO - Setting next_dagrun for abc_phones_etl_pipeline to 2026-05-13 00:00:00+00:00, run_after=2026-05-14 00:00:00+00:00
[2026-05-13T14:49:15.793+0000] {processor.py:183} INFO - Processing /opt/airflow/dags/abc_phones_etl_dag.py took 0.656 seconds
[2026-05-13T14:49:46.226+0000] {processor.py:161} INFO - Started process (PID=984) to work on /opt/airflow/dags/abc_phones_etl_dag.py
[2026-05-13T14:49:46.228+0000] {processor.py:830} INFO - Processing file /opt/airflow/dags/abc_phones_etl_dag.py for tasks to queue
[2026-05-13T14:49:46.230+0000] {logging_mixin.py:188} INFO - [2026-05-13T14:49:46.230+0000] {dagbag.py:545} INFO - Filling up the DagBag from /opt/airflow/dags/abc_phones_etl_dag.py
[2026-05-13T14:49:47.110+0000] {processor.py:840} INFO - DAG(s) 'abc_phones_etl_pipeline' retrieved from /opt/airflow/dags/abc_phones_etl_dag.py
[2026-05-13T14:49:47.149+0000] {logging_mixin.py:188} INFO - [2026-05-13T14:49:47.149+0000] {dag.py:3089} INFO - Sync 1 DAGs
[2026-05-13T14:49:47.176+0000] {logging_mixin.py:188} INFO - [2026-05-13T14:49:47.175+0000] {dag.py:3947} INFO - Setting next_dagrun for abc_phones_etl_pipeline to 2026-05-13 00:00:00+00:00, run_after=2026-05-14 00:00:00+00:00
[2026-05-13T14:49:47.215+0000] {processor.py:183} INFO - Processing /opt/airflow/dags/abc_phones_etl_dag.py took 0.999 seconds
[2026-05-13T14:50:17.407+0000] {processor.py:161} INFO - Started process (PID=986) to work on /opt/airflow/dags/abc_phones_etl_dag.py
[2026-05-13T14:50:17.408+0000] {processor.py:830} INFO - Processing file /opt/airflow/dags/abc_phones_etl_dag.py for tasks to queue
[2026-05-13T14:50:17.411+0000] {logging_mixin.py:188} INFO - [2026-05-13T14:50:17.410+0000] {dagbag.py:545} INFO - Filling up the DagBag from /opt/airflow/dags/abc_phones_etl_dag.py
[2026-05-13T14:50:18.075+0000] {processor.py:840} INFO - DAG(s) 'abc_phones_etl_pipeline' retrieved from /opt/airflow/dags/abc_phones_etl_dag.py
[2026-05-13T14:50:18.109+0000] {logging_mixin.py:188} INFO - [2026-05-13T14:50:18.109+0000] {dag.py:3089} INFO - Sync 1 DAGs
[2026-05-13T14:50:18.135+0000] {logging_mixin.py:188} INFO - [2026-05-13T14:50:18.134+0000] {dag.py:3947} INFO - Setting next_dagrun for abc_phones_etl_pipeline to 2026-05-13 00:00:00+00:00, run_after=2026-05-14 00:00:00+00:00
[2026-05-13T14:50:18.163+0000] {processor.py:183} INFO - Processing /opt/airflow/dags/abc_phones_etl_dag.py took 0.767 seconds
[2026-05-13T14:50:48.400+0000] {processor.py:161} INFO - Started process (PID=988) to work on /opt/airflow/dags/abc_phones_etl_dag.py
[2026-05-13T14:50:48.401+0000] {processor.py:830} INFO - Processing file /opt/airflow/dags/abc_phones_etl_dag.py for tasks to queue
[2026-05-13T14:50:48.404+0000] {logging_mixin.py:188} INFO - [2026-05-13T14:50:48.404+0000] {dagbag.py:545} INFO - Filling up the DagBag from /opt/airflow/dags/abc_phones_etl_dag.py
[2026-05-13T14:50:49.309+0000] {processor.py:840} INFO - DAG(s) 'abc_phones_etl_pipeline' retrieved from /opt/airflow/dags/abc_phones_etl_dag.py
[2026-05-13T14:50:49.351+0000] {logging_mixin.py:188} INFO - [2026-05-13T14:50:49.350+0000] {dag.py:3089} INFO - Sync 1 DAGs
[2026-05-13T14:50:49.378+0000] {logging_mixin.py:188} INFO - [2026-05-13T14:50:49.377+0000] {dag.py:3947} INFO - Setting next_dagrun for abc_phones_etl_pipeline to 2026-05-13 00:00:00+00:00, run_after=2026-05-14 00:00:00+00:00
[2026-05-13T14:50:49.398+0000] {processor.py:183} INFO - Processing /opt/airflow/dags/abc_phones_etl_dag.py took 1.012 seconds
[2026-05-13T14:51:19.592+0000] {processor.py:161} INFO - Started process (PID=990) to work on /opt/airflow/dags/abc_phones_etl_dag.py
[2026-05-13T14:51:19.593+0000] {processor.py:830} INFO - Processing file /opt/airflow/dags/abc_phones_etl_dag.py for tasks to queue
[2026-05-13T14:51:19.596+0000] {logging_mixin.py:188} INFO - [2026-05-13T14:51:19.595+0000] {dagbag.py:545} INFO - Filling up the DagBag from /opt/airflow/dags/abc_phones_etl_dag.py
[2026-05-13T14:51:20.190+0000] {processor.py:840} INFO - DAG(s) 'abc_phones_etl_pipeline' retrieved from /opt/airflow/dags/abc_phones_etl_dag.py
[2026-05-13T14:51:20.222+0000] {logging_mixin.py:188} INFO - [2026-05-13T14:51:20.222+0000] {dag.py:3089} INFO - Sync 1 DAGs
[2026-05-13T14:51:20.250+0000] {logging_mixin.py:188} INFO - [2026-05-13T14:51:20.250+0000] {dag.py:3947} INFO - Setting next_dagrun for abc_phones_etl_pipeline to 2026-05-13 00:00:00+00:00, run_after=2026-05-14 00:00:00+00:00
[2026-05-13T14:51:20.275+0000] {processor.py:183} INFO - Processing /opt/airflow/dags/abc_phones_etl_dag.py took 0.692 seconds
[2026-05-13T14:51:50.506+0000] {processor.py:161} INFO - Started process (PID=992) to work on /opt/airflow/dags/abc_phones_etl_dag.py
[2026-05-13T14:51:50.507+0000] {processor.py:830} INFO - Processing file /opt/airflow/dags/abc_phones_etl_dag.py for tasks to queue
[2026-05-13T14:51:50.509+0000] {logging_mixin.py:188} INFO - [2026-05-13T14:51:50.509+0000] {dagbag.py:545} INFO - Filling up the DagBag from /opt/airflow/dags/abc_phones_etl_dag.py
[2026-05-13T14:51:51.096+0000] {processor.py:840} INFO - DAG(s) 'abc_phones_etl_pipeline' retrieved from /opt/airflow/dags/abc_phones_etl_dag.py
[2026-05-13T14:51:51.129+0000] {logging_mixin.py:188} INFO - [2026-05-13T14:51:51.129+0000] {dag.py:3089} INFO - Sync 1 DAGs
[2026-05-13T14:51:51.151+0000] {logging_mixin.py:188} INFO - [2026-05-13T14:51:51.151+0000] {dag.py:3947} INFO - Setting next_dagrun for abc_phones_etl_pipeline to 2026-05-13 00:00:00+00:00, run_after=2026-05-14 00:00:00+00:00
[2026-05-13T14:51:51.174+0000] {processor.py:183} INFO - Processing /opt/airflow/dags/abc_phones_etl_dag.py took 0.676 seconds
[2026-05-13T14:52:21.394+0000] {processor.py:161} INFO - Started process (PID=994) to work on /opt/airflow/dags/abc_phones_etl_dag.py
[2026-05-13T14:52:21.396+0000] {processor.py:830} INFO - Processing file /opt/airflow/dags/abc_phones_etl_dag.py for tasks to queue
[2026-05-13T14:52:21.399+0000] {logging_mixin.py:188} INFO - [2026-05-13T14:52:21.399+0000] {dagbag.py:545} INFO - Filling up the DagBag from /opt/airflow/dags/abc_phones_etl_dag.py
[2026-05-13T14:52:22.045+0000] {processor.py:840} INFO - DAG(s) 'abc_phones_etl_pipeline' retrieved from /opt/airflow/dags/abc_phones_etl_dag.py
[2026-05-13T14:52:22.076+0000] {logging_mixin.py:188} INFO - [2026-05-13T14:52:22.075+0000] {dag.py:3089} INFO - Sync 1 DAGs
[2026-05-13T14:52:22.096+0000] {logging_mixin.py:188} INFO - [2026-05-13T14:52:22.096+0000] {dag.py:3947} INFO - Setting next_dagrun for abc_phones_etl_pipeline to 2026-05-13 00:00:00+00:00, run_after=2026-05-14 00:00:00+00:00
[2026-05-13T14:52:22.143+0000] {processor.py:183} INFO - Processing /opt/airflow/dags/abc_phones_etl_dag.py took 0.762 seconds
[2026-05-13T14:52:52.358+0000] {processor.py:161} INFO - Started process (PID=996) to work on /opt/airflow/dags/abc_phones_etl_dag.py
[2026-05-13T14:52:52.359+0000] {processor.py:830} INFO - Processing file /opt/airflow/dags/abc_phones_etl_dag.py for tasks to queue
[2026-05-13T14:52:52.362+0000] {logging_mixin.py:188} INFO - [2026-05-13T14:52:52.361+0000] {dagbag.py:545} INFO - Filling up the DagBag from /opt/airflow/dags/abc_phones_etl_dag.py
[2026-05-13T14:52:52.950+0000] {processor.py:840} INFO - DAG(s) 'abc_phones_etl_pipeline' retrieved from /opt/airflow/dags/abc_phones_etl_dag.py
[2026-05-13T14:52:52.981+0000] {logging_mixin.py:188} INFO - [2026-05-13T14:52:52.981+0000] {dag.py:3089} INFO - Sync 1 DAGs
[2026-05-13T14:52:53.003+0000] {logging_mixin.py:188} INFO - [2026-05-13T14:52:53.003+0000] {dag.py:3947} INFO - Setting next_dagrun for abc_phones_etl_pipeline to 2026-05-13 00:00:00+00:00, run_after=2026-05-14 00:00:00+00:00
[2026-05-13T14:52:53.030+0000] {processor.py:183} INFO - Processing /opt/airflow/dags/abc_phones_etl_dag.py took 0.680 seconds
[2026-05-13T14:53:23.325+0000] {processor.py:161} INFO - Started process (PID=998) to work on /opt/airflow/dags/abc_phones_etl_dag.py
[2026-05-13T14:53:23.327+0000] {processor.py:830} INFO - Processing file /opt/airflow/dags/abc_phones_etl_dag.py for tasks to queue
[2026-05-13T14:53:23.331+0000] {logging_mixin.py:188} INFO - [2026-05-13T14:53:23.331+0000] {dagbag.py:545} INFO - Filling up the DagBag from /opt/airflow/dags/abc_phones_etl_dag.py
[2026-05-13T14:53:24.075+0000] {processor.py:840} INFO - DAG(s) 'abc_phones_etl_pipeline' retrieved from /opt/airflow/dags/abc_phones_etl_dag.py
[2026-05-13T14:53:24.107+0000] {logging_mixin.py:188} INFO - [2026-05-13T14:53:24.107+0000] {dag.py:3089} INFO - Sync 1 DAGs
[2026-05-13T14:53:24.130+0000] {logging_mixin.py:188} INFO - [2026-05-13T14:53:24.130+0000] {dag.py:3947} INFO - Setting next_dagrun for abc_phones_etl_pipeline to 2026-05-13 00:00:00+00:00, run_after=2026-05-14 00:00:00+00:00
[2026-05-13T14:53:24.154+0000] {processor.py:183} INFO - Processing /opt/airflow/dags/abc_phones_etl_dag.py took 0.844 seconds
[2026-05-13T14:53:54.386+0000] {processor.py:161} INFO - Started process (PID=1000) to work on /opt/airflow/dags/abc_phones_etl_dag.py
[2026-05-13T14:53:54.388+0000] {processor.py:830} INFO - Processing file /opt/airflow/dags/abc_phones_etl_dag.py for tasks to queue
[2026-05-13T14:53:54.391+0000] {logging_mixin.py:188} INFO - [2026-05-13T14:53:54.390+0000] {dagbag.py:545} INFO - Filling up the DagBag from /opt/airflow/dags/abc_phones_etl_dag.py
[2026-05-13T14:53:54.968+0000] {processor.py:840} INFO - DAG(s) 'abc_phones_etl_pipeline' retrieved from /opt/airflow/dags/abc_phones_etl_dag.py
[2026-05-13T14:53:54.999+0000] {logging_mixin.py:188} INFO - [2026-05-13T14:53:54.999+0000] {dag.py:3089} INFO - Sync 1 DAGs
[2026-05-13T14:53:55.021+0000] {logging_mixin.py:188} INFO - [2026-05-13T14:53:55.021+0000] {dag.py:3947} INFO - Setting next_dagrun for abc_phones_etl_pipeline to 2026-05-13 00:00:00+00:00, run_after=2026-05-14 00:00:00+00:00
[2026-05-13T14:53:55.046+0000] {processor.py:183} INFO - Processing /opt/airflow/dags/abc_phones_etl_dag.py took 0.669 seconds
[2026-05-13T14:54:25.253+0000] {processor.py:161} INFO - Started process (PID=1002) to work on /opt/airflow/dags/abc_phones_etl_dag.py
[2026-05-13T14:54:25.254+0000] {processor.py:830} INFO - Processing file /opt/airflow/dags/abc_phones_etl_dag.py for tasks to queue
[2026-05-13T14:54:25.257+0000] {logging_mixin.py:188} INFO - [2026-05-13T14:54:25.257+0000] {dagbag.py:545} INFO - Filling up the DagBag from /opt/airflow/dags/abc_phones_etl_dag.py
[2026-05-13T14:54:25.910+0000] {processor.py:840} INFO - DAG(s) 'abc_phones_etl_pipeline' retrieved from /opt/airflow/dags/abc_phones_etl_dag.py
[2026-05-13T14:54:25.950+0000] {logging_mixin.py:188} INFO - [2026-05-13T14:54:25.950+0000] {dag.py:3089} INFO - Sync 1 DAGs
[2026-05-13T14:54:25.980+0000] {logging_mixin.py:188} INFO - [2026-05-13T14:54:25.980+0000] {dag.py:3947} INFO - Setting next_dagrun for abc_phones_etl_pipeline to 2026-05-13 00:00:00+00:00, run_after=2026-05-14 00:00:00+00:00
[2026-05-13T14:54:26.009+0000] {processor.py:183} INFO - Processing /opt/airflow/dags/abc_phones_etl_dag.py took 0.765 seconds
[2026-05-13T14:54:56.213+0000] {processor.py:161} INFO - Started process (PID=1004) to work on /opt/airflow/dags/abc_phones_etl_dag.py
[2026-05-13T14:54:56.217+0000] {processor.py:830} INFO - Processing file /opt/airflow/dags/abc_phones_etl_dag.py for tasks to queue
[2026-05-13T14:54:56.221+0000] {logging_mixin.py:188} INFO - [2026-05-13T14:54:56.219+0000] {dagbag.py:545} INFO - Filling up the DagBag from /opt/airflow/dags/abc_phones_etl_dag.py
[2026-05-13T14:54:56.815+0000] {processor.py:840} INFO - DAG(s) 'abc_phones_etl_pipeline' retrieved from /opt/airflow/dags/abc_phones_etl_dag.py
[2026-05-13T14:54:56.847+0000] {logging_mixin.py:188} INFO - [2026-05-13T14:54:56.847+0000] {dag.py:3089} INFO - Sync 1 DAGs
[2026-05-13T14:54:56.868+0000] {logging_mixin.py:188} INFO - [2026-05-13T14:54:56.868+0000] {dag.py:3947} INFO - Setting next_dagrun for abc_phones_etl_pipeline to 2026-05-13 00:00:00+00:00, run_after=2026-05-14 00:00:00+00:00
[2026-05-13T14:54:56.889+0000] {processor.py:183} INFO - Processing /opt/airflow/dags/abc_phones_etl_dag.py took 0.686 seconds
[2026-05-13T14:55:27.120+0000] {processor.py:161} INFO - Started process (PID=1006) to work on /opt/airflow/dags/abc_phones_etl_dag.py
[2026-05-13T14:55:27.122+0000] {processor.py:830} INFO - Processing file /opt/airflow/dags/abc_phones_etl_dag.py for tasks to queue
[2026-05-13T14:55:27.124+0000] {logging_mixin.py:188} INFO - [2026-05-13T14:55:27.124+0000] {dagbag.py:545} INFO - Filling up the DagBag from /opt/airflow/dags/abc_phones_etl_dag.py
[2026-05-13T14:55:27.767+0000] {processor.py:840} INFO - DAG(s) 'abc_phones_etl_pipeline' retrieved from /opt/airflow/dags/abc_phones_etl_dag.py
[2026-05-13T14:55:27.805+0000] {logging_mixin.py:188} INFO - [2026-05-13T14:55:27.804+0000] {dag.py:3089} INFO - Sync 1 DAGs
[2026-05-13T14:55:27.830+0000] {logging_mixin.py:188} INFO - [2026-05-13T14:55:27.830+0000] {dag.py:3947} INFO - Setting next_dagrun for abc_phones_etl_pipeline to 2026-05-13 00:00:00+00:00, run_after=2026-05-14 00:00:00+00:00
[2026-05-13T14:55:27.854+0000] {processor.py:183} INFO - Processing /opt/airflow/dags/abc_phones_etl_dag.py took 0.744 seconds
[2026-05-13T14:55:58.119+0000] {processor.py:161} INFO - Started process (PID=1008) to work on /opt/airflow/dags/abc_phones_etl_dag.py
[2026-05-13T14:55:58.120+0000] {processor.py:830} INFO - Processing file /opt/airflow/dags/abc_phones_etl_dag.py for tasks to queue
[2026-05-13T14:55:58.123+0000] {logging_mixin.py:188} INFO - [2026-05-13T14:55:58.122+0000] {dagbag.py:545} INFO - Filling up the DagBag from /opt/airflow/dags/abc_phones_etl_dag.py
[2026-05-13T14:55:58.737+0000] {processor.py:840} INFO - DAG(s) 'abc_phones_etl_pipeline' retrieved from /opt/airflow/dags/abc_phones_etl_dag.py
[2026-05-13T14:55:58.770+0000] {logging_mixin.py:188} INFO - [2026-05-13T14:55:58.769+0000] {dag.py:3089} INFO - Sync 1 DAGs
[2026-05-13T14:55:58.792+0000] {logging_mixin.py:188} INFO - [2026-05-13T14:55:58.792+0000] {dag.py:3947} INFO - Setting next_dagrun for abc_phones_etl_pipeline to 2026-05-13 00:00:00+00:00, run_after=2026-05-14 00:00:00+00:00
[2026-05-13T14:55:58.816+0000] {processor.py:183} INFO - Processing /opt/airflow/dags/abc_phones_etl_dag.py took 0.710 seconds
[2026-05-13T14:56:29.053+0000] {processor.py:161} INFO - Started process (PID=1010) to work on /opt/airflow/dags/abc_phones_etl_dag.py
[2026-05-13T14:56:29.054+0000] {processor.py:830} INFO - Processing file /opt/airflow/dags/abc_phones_etl_dag.py for tasks to queue
[2026-05-13T14:56:29.057+0000] {logging_mixin.py:188} INFO - [2026-05-13T14:56:29.056+0000] {dagbag.py:545} INFO - Filling up the DagBag from /opt/airflow/dags/abc_phones_etl_dag.py
[2026-05-13T14:56:29.918+0000] {processor.py:840} INFO - DAG(s) 'abc_phones_etl_pipeline' retrieved from /opt/airflow/dags/abc_phones_etl_dag.py
[2026-05-13T14:56:29.960+0000] {logging_mixin.py:188} INFO - [2026-05-13T14:56:29.960+0000] {dag.py:3089} INFO - Sync 1 DAGs
[2026-05-13T14:56:29.987+0000] {logging_mixin.py:188} INFO - [2026-05-13T14:56:29.986+0000] {dag.py:3947} INFO - Setting next_dagrun for abc_phones_etl_pipeline to 2026-05-13 00:00:00+00:00, run_after=2026-05-14 00:00:00+00:00
[2026-05-13T14:56:30.012+0000] {processor.py:183} INFO - Processing /opt/airflow/dags/abc_phones_etl_dag.py took 0.973 seconds
[2026-05-13T14:57:00.393+0000] {processor.py:161} INFO - Started process (PID=1012) to work on /opt/airflow/dags/abc_phones_etl_dag.py
[2026-05-13T14:57:00.394+0000] {processor.py:830} INFO - Processing file /opt/airflow/dags/abc_phones_etl_dag.py for tasks to queue
[2026-05-13T14:57:00.396+0000] {logging_mixin.py:188} INFO - [2026-05-13T14:57:00.396+0000] {dagbag.py:545} INFO - Filling up the DagBag from /opt/airflow/dags/abc_phones_etl_dag.py
[2026-05-13T14:57:01.150+0000] {processor.py:840} INFO - DAG(s) 'abc_phones_etl_pipeline' retrieved from /opt/airflow/dags/abc_phones_etl_dag.py
[2026-05-13T14:57:01.204+0000] {logging_mixin.py:188} INFO - [2026-05-13T14:57:01.203+0000] {dag.py:3089} INFO - Sync 1 DAGs
[2026-05-13T14:57:01.242+0000] {logging_mixin.py:188} INFO - [2026-05-13T14:57:01.242+0000] {dag.py:3947} INFO - Setting next_dagrun for abc_phones_etl_pipeline to 2026-05-13 00:00:00+00:00, run_after=2026-05-14 00:00:00+00:00
[2026-05-13T14:57:01.277+0000] {processor.py:183} INFO - Processing /opt/airflow/dags/abc_phones_etl_dag.py took 0.897 seconds
[2026-05-13T14:57:31.530+0000] {processor.py:161} INFO - Started process (PID=1014) to work on /opt/airflow/dags/abc_phones_etl_dag.py
[2026-05-13T14:57:31.531+0000] {processor.py:830} INFO - Processing file /opt/airflow/dags/abc_phones_etl_dag.py for tasks to queue
[2026-05-13T14:57:31.534+0000] {logging_mixin.py:188} INFO - [2026-05-13T14:57:31.534+0000] {dagbag.py:545} INFO - Filling up the DagBag from /opt/airflow/dags/abc_phones_etl_dag.py
[2026-05-13T14:57:32.220+0000] {processor.py:840} INFO - DAG(s) 'abc_phones_etl_pipeline' retrieved from /opt/airflow/dags/abc_phones_etl_dag.py
[2026-05-13T14:57:32.253+0000] {logging_mixin.py:188} INFO - [2026-05-13T14:57:32.252+0000] {dag.py:3089} INFO - Sync 1 DAGs
[2026-05-13T14:57:32.273+0000] {logging_mixin.py:188} INFO - [2026-05-13T14:57:32.273+0000] {dag.py:3947} INFO - Setting next_dagrun for abc_phones_etl_pipeline to 2026-05-13 00:00:00+00:00, run_after=2026-05-14 00:00:00+00:00
[2026-05-13T14:57:32.297+0000] {processor.py:183} INFO - Processing /opt/airflow/dags/abc_phones_etl_dag.py took 0.777 seconds
[2026-05-13T14:58:02.582+0000] {processor.py:161} INFO - Started process (PID=1016) to work on /opt/airflow/dags/abc_phones_etl_dag.py
[2026-05-13T14:58:02.583+0000] {processor.py:830} INFO - Processing file /opt/airflow/dags/abc_phones_etl_dag.py for tasks to queue
[2026-05-13T14:58:02.585+0000] {logging_mixin.py:188} INFO - [2026-05-13T14:58:02.585+0000] {dagbag.py:545} INFO - Filling up the DagBag from /opt/airflow/dags/abc_phones_etl_dag.py
[2026-05-13T14:58:03.310+0000] {processor.py:840} INFO - DAG(s) 'abc_phones_etl_pipeline' retrieved from /opt/airflow/dags/abc_phones_etl_dag.py
[2026-05-13T14:58:03.349+0000] {logging_mixin.py:188} INFO - [2026-05-13T14:58:03.349+0000] {dag.py:3089} INFO - Sync 1 DAGs
[2026-05-13T14:58:03.398+0000] {logging_mixin.py:188} INFO - [2026-05-13T14:58:03.397+0000] {dag.py:3947} INFO - Setting next_dagrun for abc_phones_etl_pipeline to 2026-05-13 00:00:00+00:00, run_after=2026-05-14 00:00:00+00:00
[2026-05-13T14:58:03.423+0000] {processor.py:183} INFO - Processing /opt/airflow/dags/abc_phones_etl_dag.py took 0.860 seconds
[2026-05-13T14:58:33.711+0000] {processor.py:161} INFO - Started process (PID=1018) to work on /opt/airflow/dags/abc_phones_etl_dag.py
[2026-05-13T14:58:33.714+0000] {processor.py:830} INFO - Processing file /opt/airflow/dags/abc_phones_etl_dag.py for tasks to queue
[2026-05-13T14:58:33.716+0000] {logging_mixin.py:188} INFO - [2026-05-13T14:58:33.716+0000] {dagbag.py:545} INFO - Filling up the DagBag from /opt/airflow/dags/abc_phones_etl_dag.py
[2026-05-13T14:58:34.320+0000] {processor.py:840} INFO - DAG(s) 'abc_phones_etl_pipeline' retrieved from /opt/airflow/dags/abc_phones_etl_dag.py
[2026-05-13T14:58:34.357+0000] {logging_mixin.py:188} INFO - [2026-05-13T14:58:34.356+0000] {dag.py:3089} INFO - Sync 1 DAGs
[2026-05-13T14:58:34.380+0000] {logging_mixin.py:188} INFO - [2026-05-13T14:58:34.379+0000] {dag.py:3947} INFO - Setting next_dagrun for abc_phones_etl_pipeline to 2026-05-13 00:00:00+00:00, run_after=2026-05-14 00:00:00+00:00
[2026-05-13T14:58:34.413+0000] {processor.py:183} INFO - Processing /opt/airflow/dags/abc_phones_etl_dag.py took 0.728 seconds
[2026-05-13T14:59:04.644+0000] {processor.py:161} INFO - Started process (PID=1020) to work on /opt/airflow/dags/abc_phones_etl_dag.py
[2026-05-13T14:59:04.645+0000] {processor.py:830} INFO - Processing file /opt/airflow/dags/abc_phones_etl_dag.py for tasks to queue
[2026-05-13T14:59:04.647+0000] {logging_mixin.py:188} INFO - [2026-05-13T14:59:04.647+0000] {dagbag.py:545} INFO - Filling up the DagBag from /opt/airflow/dags/abc_phones_etl_dag.py
[2026-05-13T14:59:05.255+0000] {processor.py:840} INFO - DAG(s) 'abc_phones_etl_pipeline' retrieved from /opt/airflow/dags/abc_phones_etl_dag.py
[2026-05-13T14:59:05.288+0000] {logging_mixin.py:188} INFO - [2026-05-13T14:59:05.288+0000] {dag.py:3089} INFO - Sync 1 DAGs
[2026-05-13T14:59:05.316+0000] {logging_mixin.py:188} INFO - [2026-05-13T14:59:05.316+0000] {dag.py:3947} INFO - Setting next_dagrun for abc_phones_etl_pipeline to 2026-05-13 00:00:00+00:00, run_after=2026-05-14 00:00:00+00:00
[2026-05-13T14:59:05.341+0000] {processor.py:183} INFO - Processing /opt/airflow/dags/abc_phones_etl_dag.py took 0.706 seconds
[2026-05-13T14:59:35.546+0000] {processor.py:161} INFO - Started process (PID=1022) to work on /opt/airflow/dags/abc_phones_etl_dag.py
[2026-05-13T14:59:35.548+0000] {processor.py:830} INFO - Processing file /opt/airflow/dags/abc_phones_etl_dag.py for tasks to queue
[2026-05-13T14:59:35.551+0000] {logging_mixin.py:188} INFO - [2026-05-13T14:59:35.550+0000] {dagbag.py:545} INFO - Filling up the DagBag from /opt/airflow/dags/abc_phones_etl_dag.py
[2026-05-13T14:59:36.247+0000] {processor.py:840} INFO - DAG(s) 'abc_phones_etl_pipeline' retrieved from /opt/airflow/dags/abc_phones_etl_dag.py
[2026-05-13T14:59:36.278+0000] {logging_mixin.py:188} INFO - [2026-05-13T14:59:36.277+0000] {dag.py:3089} INFO - Sync 1 DAGs
[2026-05-13T14:59:36.300+0000] {logging_mixin.py:188} INFO - [2026-05-13T14:59:36.300+0000] {dag.py:3947} INFO - Setting next_dagrun for abc_phones_etl_pipeline to 2026-05-13 00:00:00+00:00, run_after=2026-05-14 00:00:00+00:00
[2026-05-13T14:59:36.326+0000] {processor.py:183} INFO - Processing /opt/airflow/dags/abc_phones_etl_dag.py took 0.789 seconds
[2026-05-13T15:00:06.450+0000] {processor.py:161} INFO - Started process (PID=1024) to work on /opt/airflow/dags/abc_phones_etl_dag.py
[2026-05-13T15:00:06.451+0000] {processor.py:830} INFO - Processing file /opt/airflow/dags/abc_phones_etl_dag.py for tasks to queue
[2026-05-13T15:00:06.453+0000] {logging_mixin.py:188} INFO - [2026-05-13T15:00:06.453+0000] {dagbag.py:545} INFO - Filling up the DagBag from /opt/airflow/dags/abc_phones_etl_dag.py
[2026-05-13T15:00:07.049+0000] {processor.py:840} INFO - DAG(s) 'abc_phones_etl_pipeline' retrieved from /opt/airflow/dags/abc_phones_etl_dag.py
[2026-05-13T15:00:07.082+0000] {logging_mixin.py:188} INFO - [2026-05-13T15:00:07.082+0000] {dag.py:3089} INFO - Sync 1 DAGs
[2026-05-13T15:00:07.103+0000] {logging_mixin.py:188} INFO - [2026-05-13T15:00:07.103+0000] {dag.py:3947} INFO - Setting next_dagrun for abc_phones_etl_pipeline to 2026-05-13 00:00:00+00:00, run_after=2026-05-14 00:00:00+00:00
[2026-05-13T15:00:07.128+0000] {processor.py:183} INFO - Processing /opt/airflow/dags/abc_phones_etl_dag.py took 0.687 seconds
[2026-05-13T15:00:37.480+0000] {processor.py:161} INFO - Started process (PID=1026) to work on /opt/airflow/dags/abc_phones_etl_dag.py
[2026-05-13T15:00:37.482+0000] {processor.py:830} INFO - Processing file /opt/airflow/dags/abc_phones_etl_dag.py for tasks to queue
[2026-05-13T15:00:37.485+0000] {logging_mixin.py:188} INFO - [2026-05-13T15:00:37.484+0000] {dagbag.py:545} INFO - Filling up the DagBag from /opt/airflow/dags/abc_phones_etl_dag.py
[2026-05-13T15:00:38.126+0000] {processor.py:840} INFO - DAG(s) 'abc_phones_etl_pipeline' retrieved from /opt/airflow/dags/abc_phones_etl_dag.py
[2026-05-13T15:00:38.159+0000] {logging_mixin.py:188} INFO - [2026-05-13T15:00:38.159+0000] {dag.py:3089} INFO - Sync 1 DAGs
[2026-05-13T15:00:38.182+0000] {logging_mixin.py:188} INFO - [2026-05-13T15:00:38.182+0000] {dag.py:3947} INFO - Setting next_dagrun for abc_phones_etl_pipeline to 2026-05-13 00:00:00+00:00, run_after=2026-05-14 00:00:00+00:00
[2026-05-13T15:00:38.207+0000] {processor.py:183} INFO - Processing /opt/airflow/dags/abc_phones_etl_dag.py took 0.736 seconds
[2026-05-13T15:01:08.549+0000] {processor.py:161} INFO - Started process (PID=1028) to work on /opt/airflow/dags/abc_phones_etl_dag.py
[2026-05-13T15:01:08.550+0000] {processor.py:830} INFO - Processing file /opt/airflow/dags/abc_phones_etl_dag.py for tasks to queue
[2026-05-13T15:01:08.553+0000] {logging_mixin.py:188} INFO - [2026-05-13T15:01:08.552+0000] {dagbag.py:545} INFO - Filling up the DagBag from /opt/airflow/dags/abc_phones_etl_dag.py
[2026-05-13T15:01:09.173+0000] {processor.py:840} INFO - DAG(s) 'abc_phones_etl_pipeline' retrieved from /opt/airflow/dags/abc_phones_etl_dag.py
[2026-05-13T15:01:09.206+0000] {logging_mixin.py:188} INFO - [2026-05-13T15:01:09.205+0000] {dag.py:3089} INFO - Sync 1 DAGs
[2026-05-13T15:01:09.230+0000] {logging_mixin.py:188} INFO - [2026-05-13T15:01:09.229+0000] {dag.py:3947} INFO - Setting next_dagrun for abc_phones_etl_pipeline to 2026-05-13 00:00:00+00:00, run_after=2026-05-14 00:00:00+00:00
[2026-05-13T15:01:09.254+0000] {processor.py:183} INFO - Processing /opt/airflow/dags/abc_phones_etl_dag.py took 0.713 seconds
[2026-05-13T15:01:39.559+0000] {processor.py:161} INFO - Started process (PID=1030) to work on /opt/airflow/dags/abc_phones_etl_dag.py
[2026-05-13T15:01:39.562+0000] {processor.py:830} INFO - Processing file /opt/airflow/dags/abc_phones_etl_dag.py for tasks to queue
[2026-05-13T15:01:39.565+0000] {logging_mixin.py:188} INFO - [2026-05-13T15:01:39.564+0000] {dagbag.py:545} INFO - Filling up the DagBag from /opt/airflow/dags/abc_phones_etl_dag.py
[2026-05-13T15:01:40.339+0000] {processor.py:840} INFO - DAG(s) 'abc_phones_etl_pipeline' retrieved from /opt/airflow/dags/abc_phones_etl_dag.py
[2026-05-13T15:01:40.375+0000] {logging_mixin.py:188} INFO - [2026-05-13T15:01:40.374+0000] {dag.py:3089} INFO - Sync 1 DAGs
[2026-05-13T15:01:40.400+0000] {logging_mixin.py:188} INFO - [2026-05-13T15:01:40.400+0000] {dag.py:3947} INFO - Setting next_dagrun for abc_phones_etl_pipeline to 2026-05-13 00:00:00+00:00, run_after=2026-05-14 00:00:00+00:00
[2026-05-13T15:01:40.427+0000] {processor.py:183} INFO - Processing /opt/airflow/dags/abc_phones_etl_dag.py took 0.887 seconds
[2026-05-13T15:02:10.680+0000] {processor.py:161} INFO - Started process (PID=1032) to work on /opt/airflow/dags/abc_phones_etl_dag.py
[2026-05-13T15:02:10.682+0000] {processor.py:830} INFO - Processing file /opt/airflow/dags/abc_phones_etl_dag.py for tasks to queue
[2026-05-13T15:02:10.686+0000] {logging_mixin.py:188} INFO - [2026-05-13T15:02:10.685+0000] {dagbag.py:545} INFO - Filling up the DagBag from /opt/airflow/dags/abc_phones_etl_dag.py
[2026-05-13T15:02:12.000+0000] {processor.py:840} INFO - DAG(s) 'abc_phones_etl_pipeline' retrieved from /opt/airflow/dags/abc_phones_etl_dag.py
[2026-05-13T15:02:12.087+0000] {logging_mixin.py:188} INFO - [2026-05-13T15:02:12.086+0000] {dag.py:3089} INFO - Sync 1 DAGs
[2026-05-13T15:02:12.148+0000] {logging_mixin.py:188} INFO - [2026-05-13T15:02:12.148+0000] {dag.py:3947} INFO - Setting next_dagrun for abc_phones_etl_pipeline to 2026-05-13 00:00:00+00:00, run_after=2026-05-14 00:00:00+00:00
[2026-05-13T15:02:12.225+0000] {processor.py:183} INFO - Processing /opt/airflow/dags/abc_phones_etl_dag.py took 1.557 seconds
[2026-05-13T15:02:42.477+0000] {processor.py:161} INFO - Started process (PID=1034) to work on /opt/airflow/dags/abc_phones_etl_dag.py
[2026-05-13T15:02:42.478+0000] {processor.py:830} INFO - Processing file /opt/airflow/dags/abc_phones_etl_dag.py for tasks to queue
[2026-05-13T15:02:42.481+0000] {logging_mixin.py:188} INFO - [2026-05-13T15:02:42.481+0000] {dagbag.py:545} INFO - Filling up the DagBag from /opt/airflow/dags/abc_phones_etl_dag.py
[2026-05-13T15:02:43.127+0000] {processor.py:840} INFO - DAG(s) 'abc_phones_etl_pipeline' retrieved from /opt/airflow/dags/abc_phones_etl_dag.py
[2026-05-13T15:02:43.159+0000] {logging_mixin.py:188} INFO - [2026-05-13T15:02:43.159+0000] {dag.py:3089} INFO - Sync 1 DAGs
[2026-05-13T15:02:43.181+0000] {logging_mixin.py:188} INFO - [2026-05-13T15:02:43.181+0000] {dag.py:3947} INFO - Setting next_dagrun for abc_phones_etl_pipeline to 2026-05-13 00:00:00+00:00, run_after=2026-05-14 00:00:00+00:00
[2026-05-13T15:02:43.205+0000] {processor.py:183} INFO - Processing /opt/airflow/dags/abc_phones_etl_dag.py took 0.737 seconds
[2026-05-13T15:03:13.415+0000] {processor.py:161} INFO - Started process (PID=1036) to work on /opt/airflow/dags/abc_phones_etl_dag.py
[2026-05-13T15:03:13.416+0000] {processor.py:830} INFO - Processing file /opt/airflow/dags/abc_phones_etl_dag.py for tasks to queue
[2026-05-13T15:03:13.419+0000] {logging_mixin.py:188} INFO - [2026-05-13T15:03:13.418+0000] {dagbag.py:545} INFO - Filling up the DagBag from /opt/airflow/dags/abc_phones_etl_dag.py
[2026-05-13T15:03:14.105+0000] {processor.py:840} INFO - DAG(s) 'abc_phones_etl_pipeline' retrieved from /opt/airflow/dags/abc_phones_etl_dag.py
[2026-05-13T15:03:14.139+0000] {logging_mixin.py:188} INFO - [2026-05-13T15:03:14.139+0000] {dag.py:3089} INFO - Sync 1 DAGs
[2026-05-13T15:03:14.172+0000] {logging_mixin.py:188} INFO - [2026-05-13T15:03:14.172+0000] {dag.py:3947} INFO - Setting next_dagrun for abc_phones_etl_pipeline to 2026-05-13 00:00:00+00:00, run_after=2026-05-14 00:00:00+00:00
[2026-05-13T15:03:14.204+0000] {processor.py:183} INFO - Processing /opt/airflow/dags/abc_phones_etl_dag.py took 0.800 seconds
[2026-05-13T15:03:44.495+0000] {processor.py:161} INFO - Started process (PID=1038) to work on /opt/airflow/dags/abc_phones_etl_dag.py
[2026-05-13T15:03:44.497+0000] {processor.py:830} INFO - Processing file /opt/airflow/dags/abc_phones_etl_dag.py for tasks to queue
[2026-05-13T15:03:44.500+0000] {logging_mixin.py:188} INFO - [2026-05-13T15:03:44.499+0000] {dagbag.py:545} INFO - Filling up the DagBag from /opt/airflow/dags/abc_phones_etl_dag.py
[2026-05-13T15:03:45.236+0000] {processor.py:840} INFO - DAG(s) 'abc_phones_etl_pipeline' retrieved from /opt/airflow/dags/abc_phones_etl_dag.py
[2026-05-13T15:03:45.269+0000] {logging_mixin.py:188} INFO - [2026-05-13T15:03:45.268+0000] {dag.py:3089} INFO - Sync 1 DAGs
[2026-05-13T15:03:45.290+0000] {logging_mixin.py:188} INFO - [2026-05-13T15:03:45.290+0000] {dag.py:3947} INFO - Setting next_dagrun for abc_phones_etl_pipeline to 2026-05-13 00:00:00+00:00, run_after=2026-05-14 00:00:00+00:00
[2026-05-13T15:03:45.315+0000] {processor.py:183} INFO - Processing /opt/airflow/dags/abc_phones_etl_dag.py took 0.832 seconds
[2026-05-13T15:04:15.777+0000] {processor.py:161} INFO - Started process (PID=1040) to work on /opt/airflow/dags/abc_phones_etl_dag.py
[2026-05-13T15:04:15.778+0000] {processor.py:830} INFO - Processing file /opt/airflow/dags/abc_phones_etl_dag.py for tasks to queue
[2026-05-13T15:04:15.780+0000] {logging_mixin.py:188} INFO - [2026-05-13T15:04:15.780+0000] {dagbag.py:545} INFO - Filling up the DagBag from /opt/airflow/dags/abc_phones_etl_dag.py
[2026-05-13T15:04:16.441+0000] {processor.py:840} INFO - DAG(s) 'abc_phones_etl_pipeline' retrieved from /opt/airflow/dags/abc_phones_etl_dag.py
[2026-05-13T15:04:16.478+0000] {logging_mixin.py:188} INFO - [2026-05-13T15:04:16.478+0000] {dag.py:3089} INFO - Sync 1 DAGs
[2026-05-13T15:04:16.513+0000] {logging_mixin.py:188} INFO - [2026-05-13T15:04:16.512+0000] {dag.py:3947} INFO - Setting next_dagrun for abc_phones_etl_pipeline to 2026-05-13 00:00:00+00:00, run_after=2026-05-14 00:00:00+00:00
[2026-05-13T15:04:16.545+0000] {processor.py:183} INFO - Processing /opt/airflow/dags/abc_phones_etl_dag.py took 0.778 seconds
[2026-05-13T15:04:46.898+0000] {processor.py:161} INFO - Started process (PID=1042) to work on /opt/airflow/dags/abc_phones_etl_dag.py
[2026-05-13T15:04:46.900+0000] {processor.py:830} INFO - Processing file /opt/airflow/dags/abc_phones_etl_dag.py for tasks to queue
[2026-05-13T15:04:46.902+0000] {logging_mixin.py:188} INFO - [2026-05-13T15:04:46.902+0000] {dagbag.py:545} INFO - Filling up the DagBag from /opt/airflow/dags/abc_phones_etl_dag.py
[2026-05-13T15:04:48.552+0000] {processor.py:840} INFO - DAG(s) 'abc_phones_etl_pipeline' retrieved from /opt/airflow/dags/abc_phones_etl_dag.py
[2026-05-13T15:04:48.601+0000] {logging_mixin.py:188} INFO - [2026-05-13T15:04:48.600+0000] {dag.py:3089} INFO - Sync 1 DAGs
[2026-05-13T15:04:48.635+0000] {logging_mixin.py:188} INFO - [2026-05-13T15:04:48.635+0000] {dag.py:3947} INFO - Setting next_dagrun for abc_phones_etl_pipeline to 2026-05-13 00:00:00+00:00, run_after=2026-05-14 00:00:00+00:00
[2026-05-13T15:04:48.670+0000] {processor.py:183} INFO - Processing /opt/airflow/dags/abc_phones_etl_dag.py took 1.783 seconds
[2026-05-13T15:05:19.192+0000] {processor.py:161} INFO - Started process (PID=1044) to work on /opt/airflow/dags/abc_phones_etl_dag.py
[2026-05-13T15:05:19.194+0000] {processor.py:830} INFO - Processing file /opt/airflow/dags/abc_phones_etl_dag.py for tasks to queue
[2026-05-13T15:05:19.196+0000] {logging_mixin.py:188} INFO - [2026-05-13T15:05:19.196+0000] {dagbag.py:545} INFO - Filling up the DagBag from /opt/airflow/dags/abc_phones_etl_dag.py
[2026-05-13T15:05:19.884+0000] {processor.py:840} INFO - DAG(s) 'abc_phones_etl_pipeline' retrieved from /opt/airflow/dags/abc_phones_etl_dag.py
[2026-05-13T15:05:20.018+0000] {logging_mixin.py:188} INFO - [2026-05-13T15:05:20.015+0000] {dag.py:3089} INFO - Sync 1 DAGs
[2026-05-13T15:05:20.092+0000] {logging_mixin.py:188} INFO - [2026-05-13T15:05:20.092+0000] {dag.py:3947} INFO - Setting next_dagrun for abc_phones_etl_pipeline to 2026-05-13 00:00:00+00:00, run_after=2026-05-14 00:00:00+00:00
[2026-05-13T15:05:20.146+0000] {processor.py:183} INFO - Processing /opt/airflow/dags/abc_phones_etl_dag.py took 0.962 seconds
[2026-05-13T15:05:50.403+0000] {processor.py:161} INFO - Started process (PID=1046) to work on /opt/airflow/dags/abc_phones_etl_dag.py
[2026-05-13T15:05:50.404+0000] {processor.py:830} INFO - Processing file /opt/airflow/dags/abc_phones_etl_dag.py for tasks to queue
[2026-05-13T15:05:50.408+0000] {logging_mixin.py:188} INFO - [2026-05-13T15:05:50.407+0000] {dagbag.py:545} INFO - Filling up the DagBag from /opt/airflow/dags/abc_phones_etl_dag.py
[2026-05-13T15:05:51.137+0000] {processor.py:840} INFO - DAG(s) 'abc_phones_etl_pipeline' retrieved from /opt/airflow/dags/abc_phones_etl_dag.py
[2026-05-13T15:05:51.182+0000] {logging_mixin.py:188} INFO - [2026-05-13T15:05:51.181+0000] {dag.py:3089} INFO - Sync 1 DAGs
[2026-05-13T15:05:51.211+0000] {logging_mixin.py:188} INFO - [2026-05-13T15:05:51.211+0000] {dag.py:3947} INFO - Setting next_dagrun for abc_phones_etl_pipeline to 2026-05-13 00:00:00+00:00, run_after=2026-05-14 00:00:00+00:00
[2026-05-13T15:05:51.240+0000] {processor.py:183} INFO - Processing /opt/airflow/dags/abc_phones_etl_dag.py took 0.848 seconds
[2026-05-13T15:06:21.554+0000] {processor.py:161} INFO - Started process (PID=1048) to work on /opt/airflow/dags/abc_phones_etl_dag.py
[2026-05-13T15:06:21.556+0000] {processor.py:830} INFO - Processing file /opt/airflow/dags/abc_phones_etl_dag.py for tasks to queue
[2026-05-13T15:06:21.563+0000] {logging_mixin.py:188} INFO - [2026-05-13T15:06:21.561+0000] {dagbag.py:545} INFO - Filling up the DagBag from /opt/airflow/dags/abc_phones_etl_dag.py
[2026-05-13T15:06:22.701+0000] {processor.py:840} INFO - DAG(s) 'abc_phones_etl_pipeline' retrieved from /opt/airflow/dags/abc_phones_etl_dag.py
[2026-05-13T15:06:22.760+0000] {logging_mixin.py:188} INFO - [2026-05-13T15:06:22.759+0000] {dag.py:3089} INFO - Sync 1 DAGs
[2026-05-13T15:06:22.849+0000] {logging_mixin.py:188} INFO - [2026-05-13T15:06:22.848+0000] {dag.py:3947} INFO - Setting next_dagrun for abc_phones_etl_pipeline to 2026-05-13 00:00:00+00:00, run_after=2026-05-14 00:00:00+00:00
[2026-05-13T15:06:22.951+0000] {processor.py:183} INFO - Processing /opt/airflow/dags/abc_phones_etl_dag.py took 1.422 seconds
[2026-05-13T15:06:53.459+0000] {processor.py:161} INFO - Started process (PID=1050) to work on /opt/airflow/dags/abc_phones_etl_dag.py
[2026-05-13T15:06:53.468+0000] {processor.py:830} INFO - Processing file /opt/airflow/dags/abc_phones_etl_dag.py for tasks to queue
[2026-05-13T15:06:53.479+0000] {logging_mixin.py:188} INFO - [2026-05-13T15:06:53.475+0000] {dagbag.py:545} INFO - Filling up the DagBag from /opt/airflow/dags/abc_phones_etl_dag.py
[2026-05-13T15:06:55.293+0000] {processor.py:840} INFO - DAG(s) 'abc_phones_etl_pipeline' retrieved from /opt/airflow/dags/abc_phones_etl_dag.py
[2026-05-13T15:06:55.440+0000] {logging_mixin.py:188} INFO - [2026-05-13T15:06:55.439+0000] {dag.py:3089} INFO - Sync 1 DAGs
[2026-05-13T15:06:55.515+0000] {logging_mixin.py:188} INFO - [2026-05-13T15:06:55.514+0000] {dag.py:3947} INFO - Setting next_dagrun for abc_phones_etl_pipeline to 2026-05-13 00:00:00+00:00, run_after=2026-05-14 00:00:00+00:00
[2026-05-13T15:06:55.610+0000] {processor.py:183} INFO - Processing /opt/airflow/dags/abc_phones_etl_dag.py took 2.177 seconds
[2026-05-13T15:07:25.919+0000] {processor.py:161} INFO - Started process (PID=1052) to work on /opt/airflow/dags/abc_phones_etl_dag.py
[2026-05-13T15:07:25.921+0000] {processor.py:830} INFO - Processing file /opt/airflow/dags/abc_phones_etl_dag.py for tasks to queue
[2026-05-13T15:07:25.924+0000] {logging_mixin.py:188} INFO - [2026-05-13T15:07:25.923+0000] {dagbag.py:545} INFO - Filling up the DagBag from /opt/airflow/dags/abc_phones_etl_dag.py
[2026-05-13T15:07:26.605+0000] {processor.py:840} INFO - DAG(s) 'abc_phones_etl_pipeline' retrieved from /opt/airflow/dags/abc_phones_etl_dag.py
[2026-05-13T15:07:26.639+0000] {logging_mixin.py:188} INFO - [2026-05-13T15:07:26.639+0000] {dag.py:3089} INFO - Sync 1 DAGs
[2026-05-13T15:07:26.663+0000] {logging_mixin.py:188} INFO - [2026-05-13T15:07:26.663+0000] {dag.py:3947} INFO - Setting next_dagrun for abc_phones_etl_pipeline to 2026-05-13 00:00:00+00:00, run_after=2026-05-14 00:00:00+00:00
[2026-05-13T15:07:26.701+0000] {processor.py:183} INFO - Processing /opt/airflow/dags/abc_phones_etl_dag.py took 0.795 seconds
[2026-05-13T15:07:56.869+0000] {processor.py:161} INFO - Started process (PID=1054) to work on /opt/airflow/dags/abc_phones_etl_dag.py
[2026-05-13T15:07:56.872+0000] {processor.py:830} INFO - Processing file /opt/airflow/dags/abc_phones_etl_dag.py for tasks to queue
[2026-05-13T15:07:56.875+0000] {logging_mixin.py:188} INFO - [2026-05-13T15:07:56.874+0000] {dagbag.py:545} INFO - Filling up the DagBag from /opt/airflow/dags/abc_phones_etl_dag.py
[2026-05-13T15:07:59.279+0000] {processor.py:840} INFO - DAG(s) 'abc_phones_etl_pipeline' retrieved from /opt/airflow/dags/abc_phones_etl_dag.py
[2026-05-13T15:07:59.577+0000] {logging_mixin.py:188} INFO - [2026-05-13T15:07:59.575+0000] {dag.py:3089} INFO - Sync 1 DAGs
[2026-05-13T15:07:59.695+0000] {logging_mixin.py:188} INFO - [2026-05-13T15:07:59.691+0000] {dag.py:3947} INFO - Setting next_dagrun for abc_phones_etl_pipeline to 2026-05-13 00:00:00+00:00, run_after=2026-05-14 00:00:00+00:00
[2026-05-13T15:07:59.795+0000] {processor.py:183} INFO - Processing /opt/airflow/dags/abc_phones_etl_dag.py took 2.939 seconds
[2026-05-13T15:08:30.606+0000] {processor.py:161} INFO - Started process (PID=1056) to work on /opt/airflow/dags/abc_phones_etl_dag.py
[2026-05-13T15:08:30.607+0000] {processor.py:830} INFO - Processing file /opt/airflow/dags/abc_phones_etl_dag.py for tasks to queue
[2026-05-13T15:08:30.610+0000] {logging_mixin.py:188} INFO - [2026-05-13T15:08:30.609+0000] {dagbag.py:545} INFO - Filling up the DagBag from /opt/airflow/dags/abc_phones_etl_dag.py
[2026-05-13T15:08:31.255+0000] {processor.py:840} INFO - DAG(s) 'abc_phones_etl_pipeline' retrieved from /opt/airflow/dags/abc_phones_etl_dag.py
[2026-05-13T15:08:31.321+0000] {logging_mixin.py:188} INFO - [2026-05-13T15:08:31.320+0000] {dag.py:3089} INFO - Sync 1 DAGs
[2026-05-13T15:08:31.362+0000] {logging_mixin.py:188} INFO - [2026-05-13T15:08:31.362+0000] {dag.py:3947} INFO - Setting next_dagrun for abc_phones_etl_pipeline to 2026-05-13 00:00:00+00:00, run_after=2026-05-14 00:00:00+00:00
[2026-05-13T15:08:31.398+0000] {processor.py:183} INFO - Processing /opt/airflow/dags/abc_phones_etl_dag.py took 0.802 seconds
[2026-05-13T15:09:02.005+0000] {processor.py:161} INFO - Started process (PID=1058) to work on /opt/airflow/dags/abc_phones_etl_dag.py
[2026-05-13T15:09:02.008+0000] {processor.py:830} INFO - Processing file /opt/airflow/dags/abc_phones_etl_dag.py for tasks to queue
[2026-05-13T15:09:02.014+0000] {logging_mixin.py:188} INFO - [2026-05-13T15:09:02.014+0000] {dagbag.py:545} INFO - Filling up the DagBag from /opt/airflow/dags/abc_phones_etl_dag.py
[2026-05-13T15:09:03.474+0000] {processor.py:840} INFO - DAG(s) 'abc_phones_etl_pipeline' retrieved from /opt/airflow/dags/abc_phones_etl_dag.py
[2026-05-13T15:09:03.650+0000] {logging_mixin.py:188} INFO - [2026-05-13T15:09:03.646+0000] {dag.py:3089} INFO - Sync 1 DAGs
[2026-05-13T15:09:03.756+0000] {logging_mixin.py:188} INFO - [2026-05-13T15:09:03.755+0000] {dag.py:3947} INFO - Setting next_dagrun for abc_phones_etl_pipeline to 2026-05-13 00:00:00+00:00, run_after=2026-05-14 00:00:00+00:00
[2026-05-13T15:09:03.830+0000] {processor.py:183} INFO - Processing /opt/airflow/dags/abc_phones_etl_dag.py took 1.853 seconds
[2026-05-13T15:09:34.124+0000] {processor.py:161} INFO - Started process (PID=1060) to work on /opt/airflow/dags/abc_phones_etl_dag.py
[2026-05-13T15:09:34.126+0000] {processor.py:830} INFO - Processing file /opt/airflow/dags/abc_phones_etl_dag.py for tasks to queue
[2026-05-13T15:09:34.128+0000] {logging_mixin.py:188} INFO - [2026-05-13T15:09:34.128+0000] {dagbag.py:545} INFO - Filling up the DagBag from /opt/airflow/dags/abc_phones_etl_dag.py
[2026-05-13T15:09:34.729+0000] {processor.py:840} INFO - DAG(s) 'abc_phones_etl_pipeline' retrieved from /opt/airflow/dags/abc_phones_etl_dag.py
[2026-05-13T15:09:34.763+0000] {logging_mixin.py:188} INFO - [2026-05-13T15:09:34.762+0000] {dag.py:3089} INFO - Sync 1 DAGs
[2026-05-13T15:09:34.783+0000] {logging_mixin.py:188} INFO - [2026-05-13T15:09:34.783+0000] {dag.py:3947} INFO - Setting next_dagrun for abc_phones_etl_pipeline to 2026-05-13 00:00:00+00:00, run_after=2026-05-14 00:00:00+00:00
[2026-05-13T15:09:34.816+0000] {processor.py:183} INFO - Processing /opt/airflow/dags/abc_phones_etl_dag.py took 0.702 seconds
[2026-05-13T15:10:05.033+0000] {processor.py:161} INFO - Started process (PID=1062) to work on /opt/airflow/dags/abc_phones_etl_dag.py
[2026-05-13T15:10:05.035+0000] {processor.py:830} INFO - Processing file /opt/airflow/dags/abc_phones_etl_dag.py for tasks to queue
[2026-05-13T15:10:05.037+0000] {logging_mixin.py:188} INFO - [2026-05-13T15:10:05.037+0000] {dagbag.py:545} INFO - Filling up the DagBag from /opt/airflow/dags/abc_phones_etl_dag.py
[2026-05-13T15:10:05.649+0000] {processor.py:840} INFO - DAG(s) 'abc_phones_etl_pipeline' retrieved from /opt/airflow/dags/abc_phones_etl_dag.py
[2026-05-13T15:10:05.682+0000] {logging_mixin.py:188} INFO - [2026-05-13T15:10:05.681+0000] {dag.py:3089} INFO - Sync 1 DAGs
[2026-05-13T15:10:05.703+0000] {logging_mixin.py:188} INFO - [2026-05-13T15:10:05.703+0000] {dag.py:3947} INFO - Setting next_dagrun for abc_phones_etl_pipeline to 2026-05-13 00:00:00+00:00, run_after=2026-05-14 00:00:00+00:00
[2026-05-13T15:10:05.728+0000] {processor.py:183} INFO - Processing /opt/airflow/dags/abc_phones_etl_dag.py took 0.704 seconds
[2026-05-13T15:10:35.951+0000] {processor.py:161} INFO - Started process (PID=1064) to work on /opt/airflow/dags/abc_phones_etl_dag.py
[2026-05-13T15:10:35.953+0000] {processor.py:830} INFO - Processing file /opt/airflow/dags/abc_phones_etl_dag.py for tasks to queue
[2026-05-13T15:10:35.956+0000] {logging_mixin.py:188} INFO - [2026-05-13T15:10:35.955+0000] {dagbag.py:545} INFO - Filling up the DagBag from /opt/airflow/dags/abc_phones_etl_dag.py
[2026-05-13T15:10:37.044+0000] {processor.py:840} INFO - DAG(s) 'abc_phones_etl_pipeline' retrieved from /opt/airflow/dags/abc_phones_etl_dag.py
[2026-05-13T15:10:37.097+0000] {logging_mixin.py:188} INFO - [2026-05-13T15:10:37.096+0000] {dag.py:3089} INFO - Sync 1 DAGs
[2026-05-13T15:10:37.128+0000] {logging_mixin.py:188} INFO - [2026-05-13T15:10:37.127+0000] {dag.py:3947} INFO - Setting next_dagrun for abc_phones_etl_pipeline to 2026-05-13 00:00:00+00:00, run_after=2026-05-14 00:00:00+00:00
[2026-05-13T15:10:37.170+0000] {processor.py:183} INFO - Processing /opt/airflow/dags/abc_phones_etl_dag.py took 1.232 seconds
[2026-05-13T15:11:07.407+0000] {processor.py:161} INFO - Started process (PID=1066) to work on /opt/airflow/dags/abc_phones_etl_dag.py
[2026-05-13T15:11:07.409+0000] {processor.py:830} INFO - Processing file /opt/airflow/dags/abc_phones_etl_dag.py for tasks to queue
[2026-05-13T15:11:07.414+0000] {logging_mixin.py:188} INFO - [2026-05-13T15:11:07.413+0000] {dagbag.py:545} INFO - Filling up the DagBag from /opt/airflow/dags/abc_phones_etl_dag.py
[2026-05-13T15:11:08.084+0000] {processor.py:840} INFO - DAG(s) 'abc_phones_etl_pipeline' retrieved from /opt/airflow/dags/abc_phones_etl_dag.py
[2026-05-13T15:11:08.116+0000] {logging_mixin.py:188} INFO - [2026-05-13T15:11:08.116+0000] {dag.py:3089} INFO - Sync 1 DAGs
[2026-05-13T15:11:08.141+0000] {logging_mixin.py:188} INFO - [2026-05-13T15:11:08.141+0000] {dag.py:3947} INFO - Setting next_dagrun for abc_phones_etl_pipeline to 2026-05-13 00:00:00+00:00, run_after=2026-05-14 00:00:00+00:00
[2026-05-13T15:11:08.168+0000] {processor.py:183} INFO - Processing /opt/airflow/dags/abc_phones_etl_dag.py took 0.772 seconds
[2026-05-13T15:11:38.388+0000] {processor.py:161} INFO - Started process (PID=1068) to work on /opt/airflow/dags/abc_phones_etl_dag.py
[2026-05-13T15:11:38.389+0000] {processor.py:830} INFO - Processing file /opt/airflow/dags/abc_phones_etl_dag.py for tasks to queue
[2026-05-13T15:11:38.392+0000] {logging_mixin.py:188} INFO - [2026-05-13T15:11:38.391+0000] {dagbag.py:545} INFO - Filling up the DagBag from /opt/airflow/dags/abc_phones_etl_dag.py
[2026-05-13T15:11:39.166+0000] {processor.py:840} INFO - DAG(s) 'abc_phones_etl_pipeline' retrieved from /opt/airflow/dags/abc_phones_etl_dag.py
[2026-05-13T15:11:39.200+0000] {logging_mixin.py:188} INFO - [2026-05-13T15:11:39.200+0000] {dag.py:3089} INFO - Sync 1 DAGs
[2026-05-13T15:11:39.226+0000] {logging_mixin.py:188} INFO - [2026-05-13T15:11:39.225+0000] {dag.py:3947} INFO - Setting next_dagrun for abc_phones_etl_pipeline to 2026-05-13 00:00:00+00:00, run_after=2026-05-14 00:00:00+00:00
[2026-05-13T15:11:39.250+0000] {processor.py:183} INFO - Processing /opt/airflow/dags/abc_phones_etl_dag.py took 0.873 seconds
[2026-05-13T15:12:09.510+0000] {processor.py:161} INFO - Started process (PID=1070) to work on /opt/airflow/dags/abc_phones_etl_dag.py
[2026-05-13T15:12:09.511+0000] {processor.py:830} INFO - Processing file /opt/airflow/dags/abc_phones_etl_dag.py for tasks to queue
[2026-05-13T15:12:09.513+0000] {logging_mixin.py:188} INFO - [2026-05-13T15:12:09.513+0000] {dagbag.py:545} INFO - Filling up the DagBag from /opt/airflow/dags/abc_phones_etl_dag.py
[2026-05-13T15:12:10.187+0000] {processor.py:840} INFO - DAG(s) 'abc_phones_etl_pipeline' retrieved from /opt/airflow/dags/abc_phones_etl_dag.py
[2026-05-13T15:12:10.219+0000] {logging_mixin.py:188} INFO - [2026-05-13T15:12:10.218+0000] {dag.py:3089} INFO - Sync 1 DAGs
[2026-05-13T15:12:10.270+0000] {logging_mixin.py:188} INFO - [2026-05-13T15:12:10.269+0000] {dag.py:3947} INFO - Setting next_dagrun for abc_phones_etl_pipeline to 2026-05-13 00:00:00+00:00, run_after=2026-05-14 00:00:00+00:00
[2026-05-13T15:12:10.330+0000] {processor.py:183} INFO - Processing /opt/airflow/dags/abc_phones_etl_dag.py took 0.829 seconds
[2026-05-13T15:12:40.588+0000] {processor.py:161} INFO - Started process (PID=1072) to work on /opt/airflow/dags/abc_phones_etl_dag.py
[2026-05-13T15:12:40.590+0000] {processor.py:830} INFO - Processing file /opt/airflow/dags/abc_phones_etl_dag.py for tasks to queue
[2026-05-13T15:12:40.593+0000] {logging_mixin.py:188} INFO - [2026-05-13T15:12:40.593+0000] {dagbag.py:545} INFO - Filling up the DagBag from /opt/airflow/dags/abc_phones_etl_dag.py
[2026-05-13T15:12:41.225+0000] {processor.py:840} INFO - DAG(s) 'abc_phones_etl_pipeline' retrieved from /opt/airflow/dags/abc_phones_etl_dag.py
[2026-05-13T15:12:41.259+0000] {logging_mixin.py:188} INFO - [2026-05-13T15:12:41.258+0000] {dag.py:3089} INFO - Sync 1 DAGs
[2026-05-13T15:12:41.280+0000] {logging_mixin.py:188} INFO - [2026-05-13T15:12:41.280+0000] {dag.py:3947} INFO - Setting next_dagrun for abc_phones_etl_pipeline to 2026-05-13 00:00:00+00:00, run_after=2026-05-14 00:00:00+00:00
[2026-05-13T15:12:41.304+0000] {processor.py:183} INFO - Processing /opt/airflow/dags/abc_phones_etl_dag.py took 0.726 seconds
[2026-05-13T15:13:11.565+0000] {processor.py:161} INFO - Started process (PID=1074) to work on /opt/airflow/dags/abc_phones_etl_dag.py
[2026-05-13T15:13:11.567+0000] {processor.py:830} INFO - Processing file /opt/airflow/dags/abc_phones_etl_dag.py for tasks to queue
[2026-05-13T15:13:11.569+0000] {logging_mixin.py:188} INFO - [2026-05-13T15:13:11.569+0000] {dagbag.py:545} INFO - Filling up the DagBag from /opt/airflow/dags/abc_phones_etl_dag.py
[2026-05-13T15:13:12.182+0000] {processor.py:840} INFO - DAG(s) 'abc_phones_etl_pipeline' retrieved from /opt/airflow/dags/abc_phones_etl_dag.py
[2026-05-13T15:13:12.221+0000] {logging_mixin.py:188} INFO - [2026-05-13T15:13:12.221+0000] {dag.py:3089} INFO - Sync 1 DAGs
[2026-05-13T15:13:12.248+0000] {logging_mixin.py:188} INFO - [2026-05-13T15:13:12.247+0000] {dag.py:3947} INFO - Setting next_dagrun for abc_phones_etl_pipeline to 2026-05-13 00:00:00+00:00, run_after=2026-05-14 00:00:00+00:00
[2026-05-13T15:13:12.269+0000] {processor.py:183} INFO - Processing /opt/airflow/dags/abc_phones_etl_dag.py took 0.712 seconds
[2026-05-13T15:13:42.502+0000] {processor.py:161} INFO - Started process (PID=1076) to work on /opt/airflow/dags/abc_phones_etl_dag.py
[2026-05-13T15:13:42.504+0000] {processor.py:830} INFO - Processing file /opt/airflow/dags/abc_phones_etl_dag.py for tasks to queue
[2026-05-13T15:13:42.507+0000] {logging_mixin.py:188} INFO - [2026-05-13T15:13:42.506+0000] {dagbag.py:545} INFO - Filling up the DagBag from /opt/airflow/dags/abc_phones_etl_dag.py
[2026-05-13T15:13:43.399+0000] {processor.py:840} INFO - DAG(s) 'abc_phones_etl_pipeline' retrieved from /opt/airflow/dags/abc_phones_etl_dag.py
[2026-05-13T15:13:43.439+0000] {logging_mixin.py:188} INFO - [2026-05-13T15:13:43.438+0000] {dag.py:3089} INFO - Sync 1 DAGs
[2026-05-13T15:13:43.464+0000] {logging_mixin.py:188} INFO - [2026-05-13T15:13:43.463+0000] {dag.py:3947} INFO - Setting next_dagrun for abc_phones_etl_pipeline to 2026-05-13 00:00:00+00:00, run_after=2026-05-14 00:00:00+00:00
[2026-05-13T15:13:43.493+0000] {processor.py:183} INFO - Processing /opt/airflow/dags/abc_phones_etl_dag.py took 1.015 seconds
[2026-05-13T15:14:13.722+0000] {processor.py:161} INFO - Started process (PID=1078) to work on /opt/airflow/dags/abc_phones_etl_dag.py
[2026-05-13T15:14:13.723+0000] {processor.py:830} INFO - Processing file /opt/airflow/dags/abc_phones_etl_dag.py for tasks to queue
[2026-05-13T15:14:13.728+0000] {logging_mixin.py:188} INFO - [2026-05-13T15:14:13.727+0000] {dagbag.py:545} INFO - Filling up the DagBag from /opt/airflow/dags/abc_phones_etl_dag.py
[2026-05-13T15:14:14.471+0000] {processor.py:840} INFO - DAG(s) 'abc_phones_etl_pipeline' retrieved from /opt/airflow/dags/abc_phones_etl_dag.py
[2026-05-13T15:14:14.509+0000] {logging_mixin.py:188} INFO - [2026-05-13T15:14:14.508+0000] {dag.py:3089} INFO - Sync 1 DAGs
[2026-05-13T15:14:14.563+0000] {logging_mixin.py:188} INFO - [2026-05-13T15:14:14.562+0000] {dag.py:3947} INFO - Setting next_dagrun for abc_phones_etl_pipeline to 2026-05-13 00:00:00+00:00, run_after=2026-05-14 00:00:00+00:00
[2026-05-13T15:14:14.594+0000] {processor.py:183} INFO - Processing /opt/airflow/dags/abc_phones_etl_dag.py took 0.893 seconds
[2026-05-13T15:14:44.850+0000] {processor.py:161} INFO - Started process (PID=1080) to work on /opt/airflow/dags/abc_phones_etl_dag.py
[2026-05-13T15:14:44.852+0000] {processor.py:830} INFO - Processing file /opt/airflow/dags/abc_phones_etl_dag.py for tasks to queue
[2026-05-13T15:14:44.856+0000] {logging_mixin.py:188} INFO - [2026-05-13T15:14:44.855+0000] {dagbag.py:545} INFO - Filling up the DagBag from /opt/airflow/dags/abc_phones_etl_dag.py
[2026-05-13T15:14:45.533+0000] {processor.py:840} INFO - DAG(s) 'abc_phones_etl_pipeline' retrieved from /opt/airflow/dags/abc_phones_etl_dag.py
[2026-05-13T15:14:45.569+0000] {logging_mixin.py:188} INFO - [2026-05-13T15:14:45.569+0000] {dag.py:3089} INFO - Sync 1 DAGs
[2026-05-13T15:14:45.600+0000] {logging_mixin.py:188} INFO - [2026-05-13T15:14:45.599+0000] {dag.py:3947} INFO - Setting next_dagrun for abc_phones_etl_pipeline to 2026-05-13 00:00:00+00:00, run_after=2026-05-14 00:00:00+00:00
[2026-05-13T15:14:45.640+0000] {processor.py:183} INFO - Processing /opt/airflow/dags/abc_phones_etl_dag.py took 0.804 seconds
[2026-05-13T15:15:16.203+0000] {processor.py:161} INFO - Started process (PID=1082) to work on /opt/airflow/dags/abc_phones_etl_dag.py
[2026-05-13T15:15:16.205+0000] {processor.py:830} INFO - Processing file /opt/airflow/dags/abc_phones_etl_dag.py for tasks to queue
[2026-05-13T15:15:16.209+0000] {logging_mixin.py:188} INFO - [2026-05-13T15:15:16.208+0000] {dagbag.py:545} INFO - Filling up the DagBag from /opt/airflow/dags/abc_phones_etl_dag.py
[2026-05-13T15:15:17.146+0000] {processor.py:840} INFO - DAG(s) 'abc_phones_etl_pipeline' retrieved from /opt/airflow/dags/abc_phones_etl_dag.py
[2026-05-13T15:15:17.191+0000] {logging_mixin.py:188} INFO - [2026-05-13T15:15:17.190+0000] {dag.py:3089} INFO - Sync 1 DAGs
[2026-05-13T15:15:17.220+0000] {logging_mixin.py:188} INFO - [2026-05-13T15:15:17.220+0000] {dag.py:3947} INFO - Setting next_dagrun for abc_phones_etl_pipeline to 2026-05-13 00:00:00+00:00, run_after=2026-05-14 00:00:00+00:00
[2026-05-13T15:15:17.284+0000] {processor.py:183} INFO - Processing /opt/airflow/dags/abc_phones_etl_dag.py took 1.100 seconds
[2026-05-13T15:15:47.686+0000] {processor.py:161} INFO - Started process (PID=1084) to work on /opt/airflow/dags/abc_phones_etl_dag.py
[2026-05-13T15:15:47.688+0000] {processor.py:830} INFO - Processing file /opt/airflow/dags/abc_phones_etl_dag.py for tasks to queue
[2026-05-13T15:15:47.691+0000] {logging_mixin.py:188} INFO - [2026-05-13T15:15:47.690+0000] {dagbag.py:545} INFO - Filling up the DagBag from /opt/airflow/dags/abc_phones_etl_dag.py
[2026-05-13T15:15:48.520+0000] {processor.py:840} INFO - DAG(s) 'abc_phones_etl_pipeline' retrieved from /opt/airflow/dags/abc_phones_etl_dag.py
[2026-05-13T15:15:48.577+0000] {logging_mixin.py:188} INFO - [2026-05-13T15:15:48.576+0000] {dag.py:3089} INFO - Sync 1 DAGs
[2026-05-13T15:15:48.611+0000] {logging_mixin.py:188} INFO - [2026-05-13T15:15:48.611+0000] {dag.py:3947} INFO - Setting next_dagrun for abc_phones_etl_pipeline to 2026-05-13 00:00:00+00:00, run_after=2026-05-14 00:00:00+00:00
[2026-05-13T15:15:48.649+0000] {processor.py:183} INFO - Processing /opt/airflow/dags/abc_phones_etl_dag.py took 0.980 seconds
[2026-05-13T15:16:19.070+0000] {processor.py:161} INFO - Started process (PID=1086) to work on /opt/airflow/dags/abc_phones_etl_dag.py
[2026-05-13T15:16:19.072+0000] {processor.py:830} INFO - Processing file /opt/airflow/dags/abc_phones_etl_dag.py for tasks to queue
[2026-05-13T15:16:19.076+0000] {logging_mixin.py:188} INFO - [2026-05-13T15:16:19.075+0000] {dagbag.py:545} INFO - Filling up the DagBag from /opt/airflow/dags/abc_phones_etl_dag.py
[2026-05-13T15:16:20.382+0000] {processor.py:840} INFO - DAG(s) 'abc_phones_etl_pipeline' retrieved from /opt/airflow/dags/abc_phones_etl_dag.py
[2026-05-13T15:16:20.443+0000] {logging_mixin.py:188} INFO - [2026-05-13T15:16:20.442+0000] {dag.py:3089} INFO - Sync 1 DAGs
[2026-05-13T15:16:20.509+0000] {logging_mixin.py:188} INFO - [2026-05-13T15:16:20.509+0000] {dag.py:3947} INFO - Setting next_dagrun for abc_phones_etl_pipeline to 2026-05-13 00:00:00+00:00, run_after=2026-05-14 00:00:00+00:00
[2026-05-13T15:16:20.570+0000] {processor.py:183} INFO - Processing /opt/airflow/dags/abc_phones_etl_dag.py took 1.516 seconds
[2026-05-13T15:16:51.221+0000] {processor.py:161} INFO - Started process (PID=1088) to work on /opt/airflow/dags/abc_phones_etl_dag.py
[2026-05-13T15:16:51.223+0000] {processor.py:830} INFO - Processing file /opt/airflow/dags/abc_phones_etl_dag.py for tasks to queue
[2026-05-13T15:16:51.226+0000] {logging_mixin.py:188} INFO - [2026-05-13T15:16:51.225+0000] {dagbag.py:545} INFO - Filling up the DagBag from /opt/airflow/dags/abc_phones_etl_dag.py
[2026-05-13T15:16:52.378+0000] {processor.py:840} INFO - DAG(s) 'abc_phones_etl_pipeline' retrieved from /opt/airflow/dags/abc_phones_etl_dag.py
[2026-05-13T15:16:52.488+0000] {logging_mixin.py:188} INFO - [2026-05-13T15:16:52.485+0000] {dag.py:3089} INFO - Sync 1 DAGs
[2026-05-13T15:16:52.533+0000] {logging_mixin.py:188} INFO - [2026-05-13T15:16:52.533+0000] {dag.py:3947} INFO - Setting next_dagrun for abc_phones_etl_pipeline to 2026-05-13 00:00:00+00:00, run_after=2026-05-14 00:00:00+00:00
[2026-05-13T15:16:52.611+0000] {processor.py:183} INFO - Processing /opt/airflow/dags/abc_phones_etl_dag.py took 1.405 seconds
[2026-05-13T15:17:23.115+0000] {processor.py:161} INFO - Started process (PID=1090) to work on /opt/airflow/dags/abc_phones_etl_dag.py
[2026-05-13T15:17:23.127+0000] {processor.py:830} INFO - Processing file /opt/airflow/dags/abc_phones_etl_dag.py for tasks to queue
[2026-05-13T15:17:23.141+0000] {logging_mixin.py:188} INFO - [2026-05-13T15:17:23.132+0000] {dagbag.py:545} INFO - Filling up the DagBag from /opt/airflow/dags/abc_phones_etl_dag.py
[2026-05-13T15:17:24.386+0000] {processor.py:840} INFO - DAG(s) 'abc_phones_etl_pipeline' retrieved from /opt/airflow/dags/abc_phones_etl_dag.py
[2026-05-13T15:17:24.474+0000] {logging_mixin.py:188} INFO - [2026-05-13T15:17:24.473+0000] {dag.py:3089} INFO - Sync 1 DAGs
[2026-05-13T15:17:24.530+0000] {logging_mixin.py:188} INFO - [2026-05-13T15:17:24.530+0000] {dag.py:3947} INFO - Setting next_dagrun for abc_phones_etl_pipeline to 2026-05-13 00:00:00+00:00, run_after=2026-05-14 00:00:00+00:00
[2026-05-13T15:17:24.590+0000] {processor.py:183} INFO - Processing /opt/airflow/dags/abc_phones_etl_dag.py took 1.503 seconds
[2026-05-13T15:17:55.025+0000] {processor.py:161} INFO - Started process (PID=1092) to work on /opt/airflow/dags/abc_phones_etl_dag.py
[2026-05-13T15:17:55.027+0000] {processor.py:830} INFO - Processing file /opt/airflow/dags/abc_phones_etl_dag.py for tasks to queue
[2026-05-13T15:17:55.032+0000] {logging_mixin.py:188} INFO - [2026-05-13T15:17:55.031+0000] {dagbag.py:545} INFO - Filling up the DagBag from /opt/airflow/dags/abc_phones_etl_dag.py
[2026-05-13T15:17:56.058+0000] {processor.py:840} INFO - DAG(s) 'abc_phones_etl_pipeline' retrieved from /opt/airflow/dags/abc_phones_etl_dag.py
[2026-05-13T15:17:56.147+0000] {logging_mixin.py:188} INFO - [2026-05-13T15:17:56.142+0000] {dag.py:3089} INFO - Sync 1 DAGs
[2026-05-13T15:17:56.201+0000] {logging_mixin.py:188} INFO - [2026-05-13T15:17:56.201+0000] {dag.py:3947} INFO - Setting next_dagrun for abc_phones_etl_pipeline to 2026-05-13 00:00:00+00:00, run_after=2026-05-14 00:00:00+00:00
[2026-05-13T15:17:56.274+0000] {processor.py:183} INFO - Processing /opt/airflow/dags/abc_phones_etl_dag.py took 1.264 seconds
[2026-05-13T15:18:26.540+0000] {processor.py:161} INFO - Started process (PID=1094) to work on /opt/airflow/dags/abc_phones_etl_dag.py
[2026-05-13T15:18:26.542+0000] {processor.py:830} INFO - Processing file /opt/airflow/dags/abc_phones_etl_dag.py for tasks to queue
[2026-05-13T15:18:26.545+0000] {logging_mixin.py:188} INFO - [2026-05-13T15:18:26.545+0000] {dagbag.py:545} INFO - Filling up the DagBag from /opt/airflow/dags/abc_phones_etl_dag.py
[2026-05-13T15:18:27.549+0000] {processor.py:840} INFO - DAG(s) 'abc_phones_etl_pipeline' retrieved from /opt/airflow/dags/abc_phones_etl_dag.py
[2026-05-13T15:18:27.595+0000] {logging_mixin.py:188} INFO - [2026-05-13T15:18:27.594+0000] {dag.py:3089} INFO - Sync 1 DAGs
[2026-05-13T15:18:27.624+0000] {logging_mixin.py:188} INFO - [2026-05-13T15:18:27.624+0000] {dag.py:3947} INFO - Setting next_dagrun for abc_phones_etl_pipeline to 2026-05-13 00:00:00+00:00, run_after=2026-05-14 00:00:00+00:00
[2026-05-13T15:18:27.684+0000] {processor.py:183} INFO - Processing /opt/airflow/dags/abc_phones_etl_dag.py took 1.158 seconds
[2026-05-13T15:18:58.021+0000] {processor.py:161} INFO - Started process (PID=1096) to work on /opt/airflow/dags/abc_phones_etl_dag.py
[2026-05-13T15:18:58.026+0000] {processor.py:830} INFO - Processing file /opt/airflow/dags/abc_phones_etl_dag.py for tasks to queue
[2026-05-13T15:18:58.033+0000] {logging_mixin.py:188} INFO - [2026-05-13T15:18:58.032+0000] {dagbag.py:545} INFO - Filling up the DagBag from /opt/airflow/dags/abc_phones_etl_dag.py
[2026-05-13T15:18:58.866+0000] {processor.py:840} INFO - DAG(s) 'abc_phones_etl_pipeline' retrieved from /opt/airflow/dags/abc_phones_etl_dag.py
[2026-05-13T15:18:58.907+0000] {logging_mixin.py:188} INFO - [2026-05-13T15:18:58.906+0000] {dag.py:3089} INFO - Sync 1 DAGs
[2026-05-13T15:18:58.936+0000] {logging_mixin.py:188} INFO - [2026-05-13T15:18:58.936+0000] {dag.py:3947} INFO - Setting next_dagrun for abc_phones_etl_pipeline to 2026-05-13 00:00:00+00:00, run_after=2026-05-14 00:00:00+00:00
[2026-05-13T15:18:58.991+0000] {processor.py:183} INFO - Processing /opt/airflow/dags/abc_phones_etl_dag.py took 1.001 seconds
[2026-05-13T15:19:29.716+0000] {processor.py:161} INFO - Started process (PID=1098) to work on /opt/airflow/dags/abc_phones_etl_dag.py
[2026-05-13T15:19:29.719+0000] {processor.py:830} INFO - Processing file /opt/airflow/dags/abc_phones_etl_dag.py for tasks to queue
[2026-05-13T15:19:29.725+0000] {logging_mixin.py:188} INFO - [2026-05-13T15:19:29.724+0000] {dagbag.py:545} INFO - Filling up the DagBag from /opt/airflow/dags/abc_phones_etl_dag.py
[2026-05-13T15:19:30.724+0000] {processor.py:840} INFO - DAG(s) 'abc_phones_etl_pipeline' retrieved from /opt/airflow/dags/abc_phones_etl_dag.py
[2026-05-13T15:19:30.810+0000] {logging_mixin.py:188} INFO - [2026-05-13T15:19:30.808+0000] {dag.py:3089} INFO - Sync 1 DAGs
[2026-05-13T15:19:30.877+0000] {logging_mixin.py:188} INFO - [2026-05-13T15:19:30.877+0000] {dag.py:3947} INFO - Setting next_dagrun for abc_phones_etl_pipeline to 2026-05-13 00:00:00+00:00, run_after=2026-05-14 00:00:00+00:00
[2026-05-13T15:19:30.926+0000] {processor.py:183} INFO - Processing /opt/airflow/dags/abc_phones_etl_dag.py took 1.231 seconds
[2026-05-13T15:20:01.073+0000] {processor.py:161} INFO - Started process (PID=1100) to work on /opt/airflow/dags/abc_phones_etl_dag.py
[2026-05-13T15:20:01.075+0000] {processor.py:830} INFO - Processing file /opt/airflow/dags/abc_phones_etl_dag.py for tasks to queue
[2026-05-13T15:20:01.078+0000] {logging_mixin.py:188} INFO - [2026-05-13T15:20:01.077+0000] {dagbag.py:545} INFO - Filling up the DagBag from /opt/airflow/dags/abc_phones_etl_dag.py
[2026-05-13T15:20:01.999+0000] {processor.py:840} INFO - DAG(s) 'abc_phones_etl_pipeline' retrieved from /opt/airflow/dags/abc_phones_etl_dag.py
[2026-05-13T15:20:02.045+0000] {logging_mixin.py:188} INFO - [2026-05-13T15:20:02.044+0000] {dag.py:3089} INFO - Sync 1 DAGs
[2026-05-13T15:20:02.079+0000] {logging_mixin.py:188} INFO - [2026-05-13T15:20:02.079+0000] {dag.py:3947} INFO - Setting next_dagrun for abc_phones_etl_pipeline to 2026-05-13 00:00:00+00:00, run_after=2026-05-14 00:00:00+00:00
[2026-05-13T15:20:02.135+0000] {processor.py:183} INFO - Processing /opt/airflow/dags/abc_phones_etl_dag.py took 1.073 seconds
[2026-05-13T15:20:32.568+0000] {processor.py:161} INFO - Started process (PID=1102) to work on /opt/airflow/dags/abc_phones_etl_dag.py
[2026-05-13T15:20:32.570+0000] {processor.py:830} INFO - Processing file /opt/airflow/dags/abc_phones_etl_dag.py for tasks to queue
[2026-05-13T15:20:32.574+0000] {logging_mixin.py:188} INFO - [2026-05-13T15:20:32.573+0000] {dagbag.py:545} INFO - Filling up the DagBag from /opt/airflow/dags/abc_phones_etl_dag.py
[2026-05-13T15:20:34.219+0000] {processor.py:840} INFO - DAG(s) 'abc_phones_etl_pipeline' retrieved from /opt/airflow/dags/abc_phones_etl_dag.py
[2026-05-13T15:20:34.309+0000] {logging_mixin.py:188} INFO - [2026-05-13T15:20:34.308+0000] {dag.py:3089} INFO - Sync 1 DAGs
[2026-05-13T15:20:34.364+0000] {logging_mixin.py:188} INFO - [2026-05-13T15:20:34.364+0000] {dag.py:3947} INFO - Setting next_dagrun for abc_phones_etl_pipeline to 2026-05-13 00:00:00+00:00, run_after=2026-05-14 00:00:00+00:00
[2026-05-13T15:20:34.405+0000] {processor.py:183} INFO - Processing /opt/airflow/dags/abc_phones_etl_dag.py took 1.850 seconds
[2026-05-13T15:21:04.910+0000] {processor.py:161} INFO - Started process (PID=1104) to work on /opt/airflow/dags/abc_phones_etl_dag.py
[2026-05-13T15:21:04.912+0000] {processor.py:830} INFO - Processing file /opt/airflow/dags/abc_phones_etl_dag.py for tasks to queue
[2026-05-13T15:21:04.916+0000] {logging_mixin.py:188} INFO - [2026-05-13T15:21:04.916+0000] {dagbag.py:545} INFO - Filling up the DagBag from /opt/airflow/dags/abc_phones_etl_dag.py
[2026-05-13T15:21:05.982+0000] {processor.py:840} INFO - DAG(s) 'abc_phones_etl_pipeline' retrieved from /opt/airflow/dags/abc_phones_etl_dag.py
[2026-05-13T15:21:06.037+0000] {logging_mixin.py:188} INFO - [2026-05-13T15:21:06.036+0000] {dag.py:3089} INFO - Sync 1 DAGs
[2026-05-13T15:21:06.077+0000] {logging_mixin.py:188} INFO - [2026-05-13T15:21:06.076+0000] {dag.py:3947} INFO - Setting next_dagrun for abc_phones_etl_pipeline to 2026-05-13 00:00:00+00:00, run_after=2026-05-14 00:00:00+00:00
[2026-05-13T15:21:06.138+0000] {processor.py:183} INFO - Processing /opt/airflow/dags/abc_phones_etl_dag.py took 1.241 seconds
[2026-05-13T15:21:36.511+0000] {processor.py:161} INFO - Started process (PID=1106) to work on /opt/airflow/dags/abc_phones_etl_dag.py
[2026-05-13T15:21:36.513+0000] {processor.py:830} INFO - Processing file /opt/airflow/dags/abc_phones_etl_dag.py for tasks to queue
[2026-05-13T15:21:36.517+0000] {logging_mixin.py:188} INFO - [2026-05-13T15:21:36.517+0000] {dagbag.py:545} INFO - Filling up the DagBag from /opt/airflow/dags/abc_phones_etl_dag.py
[2026-05-13T15:21:37.742+0000] {processor.py:840} INFO - DAG(s) 'abc_phones_etl_pipeline' retrieved from /opt/airflow/dags/abc_phones_etl_dag.py
[2026-05-13T15:21:37.794+0000] {logging_mixin.py:188} INFO - [2026-05-13T15:21:37.793+0000] {dag.py:3089} INFO - Sync 1 DAGs
[2026-05-13T15:21:37.823+0000] {logging_mixin.py:188} INFO - [2026-05-13T15:21:37.823+0000] {dag.py:3947} INFO - Setting next_dagrun for abc_phones_etl_pipeline to 2026-05-13 00:00:00+00:00, run_after=2026-05-14 00:00:00+00:00
[2026-05-13T15:21:37.889+0000] {processor.py:183} INFO - Processing /opt/airflow/dags/abc_phones_etl_dag.py took 1.393 seconds
[2026-05-13T15:22:08.172+0000] {processor.py:161} INFO - Started process (PID=1108) to work on /opt/airflow/dags/abc_phones_etl_dag.py
[2026-05-13T15:22:08.175+0000] {processor.py:830} INFO - Processing file /opt/airflow/dags/abc_phones_etl_dag.py for tasks to queue
[2026-05-13T15:22:08.178+0000] {logging_mixin.py:188} INFO - [2026-05-13T15:22:08.178+0000] {dagbag.py:545} INFO - Filling up the DagBag from /opt/airflow/dags/abc_phones_etl_dag.py
[2026-05-13T15:22:09.038+0000] {processor.py:840} INFO - DAG(s) 'abc_phones_etl_pipeline' retrieved from /opt/airflow/dags/abc_phones_etl_dag.py
[2026-05-13T15:22:09.079+0000] {logging_mixin.py:188} INFO - [2026-05-13T15:22:09.078+0000] {dag.py:3089} INFO - Sync 1 DAGs
[2026-05-13T15:22:09.105+0000] {logging_mixin.py:188} INFO - [2026-05-13T15:22:09.104+0000] {dag.py:3947} INFO - Setting next_dagrun for abc_phones_etl_pipeline to 2026-05-13 00:00:00+00:00, run_after=2026-05-14 00:00:00+00:00
[2026-05-13T15:22:09.169+0000] {processor.py:183} INFO - Processing /opt/airflow/dags/abc_phones_etl_dag.py took 1.017 seconds
[2026-05-13T15:22:39.818+0000] {processor.py:161} INFO - Started process (PID=1110) to work on /opt/airflow/dags/abc_phones_etl_dag.py
[2026-05-13T15:22:39.819+0000] {processor.py:830} INFO - Processing file /opt/airflow/dags/abc_phones_etl_dag.py for tasks to queue
[2026-05-13T15:22:39.823+0000] {logging_mixin.py:188} INFO - [2026-05-13T15:22:39.822+0000] {dagbag.py:545} INFO - Filling up the DagBag from /opt/airflow/dags/abc_phones_etl_dag.py
[2026-05-13T15:22:41.249+0000] {processor.py:840} INFO - DAG(s) 'abc_phones_etl_pipeline' retrieved from /opt/airflow/dags/abc_phones_etl_dag.py
[2026-05-13T15:22:41.412+0000] {logging_mixin.py:188} INFO - [2026-05-13T15:22:41.411+0000] {dag.py:3089} INFO - Sync 1 DAGs
[2026-05-13T15:22:41.450+0000] {logging_mixin.py:188} INFO - [2026-05-13T15:22:41.449+0000] {dag.py:3947} INFO - Setting next_dagrun for abc_phones_etl_pipeline to 2026-05-13 00:00:00+00:00, run_after=2026-05-14 00:00:00+00:00
[2026-05-13T15:22:41.549+0000] {processor.py:183} INFO - Processing /opt/airflow/dags/abc_phones_etl_dag.py took 1.745 seconds
[2026-05-13T15:23:12.287+0000] {processor.py:161} INFO - Started process (PID=1112) to work on /opt/airflow/dags/abc_phones_etl_dag.py
[2026-05-13T15:23:12.288+0000] {processor.py:830} INFO - Processing file /opt/airflow/dags/abc_phones_etl_dag.py for tasks to queue
[2026-05-13T15:23:12.291+0000] {logging_mixin.py:188} INFO - [2026-05-13T15:23:12.291+0000] {dagbag.py:545} INFO - Filling up the DagBag from /opt/airflow/dags/abc_phones_etl_dag.py
[2026-05-13T15:23:13.145+0000] {processor.py:840} INFO - DAG(s) 'abc_phones_etl_pipeline' retrieved from /opt/airflow/dags/abc_phones_etl_dag.py
[2026-05-13T15:23:13.188+0000] {logging_mixin.py:188} INFO - [2026-05-13T15:23:13.187+0000] {dag.py:3089} INFO - Sync 1 DAGs
[2026-05-13T15:23:13.215+0000] {logging_mixin.py:188} INFO - [2026-05-13T15:23:13.215+0000] {dag.py:3947} INFO - Setting next_dagrun for abc_phones_etl_pipeline to 2026-05-13 00:00:00+00:00, run_after=2026-05-14 00:00:00+00:00
[2026-05-13T15:23:13.262+0000] {processor.py:183} INFO - Processing /opt/airflow/dags/abc_phones_etl_dag.py took 0.990 seconds
[2026-05-13T15:23:43.677+0000] {processor.py:161} INFO - Started process (PID=1114) to work on /opt/airflow/dags/abc_phones_etl_dag.py
[2026-05-13T15:23:43.690+0000] {processor.py:830} INFO - Processing file /opt/airflow/dags/abc_phones_etl_dag.py for tasks to queue
[2026-05-13T15:23:43.694+0000] {logging_mixin.py:188} INFO - [2026-05-13T15:23:43.694+0000] {dagbag.py:545} INFO - Filling up the DagBag from /opt/airflow/dags/abc_phones_etl_dag.py
[2026-05-13T15:23:44.743+0000] {processor.py:840} INFO - DAG(s) 'abc_phones_etl_pipeline' retrieved from /opt/airflow/dags/abc_phones_etl_dag.py
[2026-05-13T15:23:44.794+0000] {logging_mixin.py:188} INFO - [2026-05-13T15:23:44.793+0000] {dag.py:3089} INFO - Sync 1 DAGs
[2026-05-13T15:23:44.828+0000] {logging_mixin.py:188} INFO - [2026-05-13T15:23:44.828+0000] {dag.py:3947} INFO - Setting next_dagrun for abc_phones_etl_pipeline to 2026-05-13 00:00:00+00:00, run_after=2026-05-14 00:00:00+00:00
[2026-05-13T15:23:44.867+0000] {processor.py:183} INFO - Processing /opt/airflow/dags/abc_phones_etl_dag.py took 1.213 seconds
[2026-05-13T15:24:15.594+0000] {processor.py:161} INFO - Started process (PID=1116) to work on /opt/airflow/dags/abc_phones_etl_dag.py
[2026-05-13T15:24:15.596+0000] {processor.py:830} INFO - Processing file /opt/airflow/dags/abc_phones_etl_dag.py for tasks to queue
[2026-05-13T15:24:15.600+0000] {logging_mixin.py:188} INFO - [2026-05-13T15:24:15.600+0000] {dagbag.py:545} INFO - Filling up the DagBag from /opt/airflow/dags/abc_phones_etl_dag.py
[2026-05-13T15:24:16.808+0000] {processor.py:840} INFO - DAG(s) 'abc_phones_etl_pipeline' retrieved from /opt/airflow/dags/abc_phones_etl_dag.py
[2026-05-13T15:24:16.914+0000] {logging_mixin.py:188} INFO - [2026-05-13T15:24:16.903+0000] {dag.py:3089} INFO - Sync 1 DAGs
[2026-05-13T15:24:16.981+0000] {logging_mixin.py:188} INFO - [2026-05-13T15:24:16.980+0000] {dag.py:3947} INFO - Setting next_dagrun for abc_phones_etl_pipeline to 2026-05-13 00:00:00+00:00, run_after=2026-05-14 00:00:00+00:00
[2026-05-13T15:24:17.014+0000] {processor.py:183} INFO - Processing /opt/airflow/dags/abc_phones_etl_dag.py took 1.433 seconds
[2026-05-13T15:24:47.253+0000] {processor.py:161} INFO - Started process (PID=1118) to work on /opt/airflow/dags/abc_phones_etl_dag.py
[2026-05-13T15:24:47.255+0000] {processor.py:830} INFO - Processing file /opt/airflow/dags/abc_phones_etl_dag.py for tasks to queue
[2026-05-13T15:24:47.257+0000] {logging_mixin.py:188} INFO - [2026-05-13T15:24:47.257+0000] {dagbag.py:545} INFO - Filling up the DagBag from /opt/airflow/dags/abc_phones_etl_dag.py
[2026-05-13T15:24:48.025+0000] {processor.py:840} INFO - DAG(s) 'abc_phones_etl_pipeline' retrieved from /opt/airflow/dags/abc_phones_etl_dag.py
[2026-05-13T15:24:48.075+0000] {logging_mixin.py:188} INFO - [2026-05-13T15:24:48.074+0000] {dag.py:3089} INFO - Sync 1 DAGs
[2026-05-13T15:24:48.106+0000] {logging_mixin.py:188} INFO - [2026-05-13T15:24:48.106+0000] {dag.py:3947} INFO - Setting next_dagrun for abc_phones_etl_pipeline to 2026-05-13 00:00:00+00:00, run_after=2026-05-14 00:00:00+00:00
[2026-05-13T15:24:48.161+0000] {processor.py:183} INFO - Processing /opt/airflow/dags/abc_phones_etl_dag.py took 0.922 seconds
[2026-05-13T15:25:18.648+0000] {processor.py:161} INFO - Started process (PID=1120) to work on /opt/airflow/dags/abc_phones_etl_dag.py
[2026-05-13T15:25:18.650+0000] {processor.py:830} INFO - Processing file /opt/airflow/dags/abc_phones_etl_dag.py for tasks to queue
[2026-05-13T15:25:18.652+0000] {logging_mixin.py:188} INFO - [2026-05-13T15:25:18.652+0000] {dagbag.py:545} INFO - Filling up the DagBag from /opt/airflow/dags/abc_phones_etl_dag.py
[2026-05-13T15:25:19.433+0000] {processor.py:840} INFO - DAG(s) 'abc_phones_etl_pipeline' retrieved from /opt/airflow/dags/abc_phones_etl_dag.py
[2026-05-13T15:25:19.475+0000] {logging_mixin.py:188} INFO - [2026-05-13T15:25:19.474+0000] {dag.py:3089} INFO - Sync 1 DAGs
[2026-05-13T15:25:19.501+0000] {logging_mixin.py:188} INFO - [2026-05-13T15:25:19.501+0000] {dag.py:3947} INFO - Setting next_dagrun for abc_phones_etl_pipeline to 2026-05-13 00:00:00+00:00, run_after=2026-05-14 00:00:00+00:00
[2026-05-13T15:25:19.555+0000] {processor.py:183} INFO - Processing /opt/airflow/dags/abc_phones_etl_dag.py took 0.923 seconds
[2026-05-13T15:25:50.020+0000] {processor.py:161} INFO - Started process (PID=1122) to work on /opt/airflow/dags/abc_phones_etl_dag.py
[2026-05-13T15:25:50.023+0000] {processor.py:830} INFO - Processing file /opt/airflow/dags/abc_phones_etl_dag.py for tasks to queue
[2026-05-13T15:25:50.027+0000] {logging_mixin.py:188} INFO - [2026-05-13T15:25:50.026+0000] {dagbag.py:545} INFO - Filling up the DagBag from /opt/airflow/dags/abc_phones_etl_dag.py
[2026-05-13T15:25:50.818+0000] {processor.py:840} INFO - DAG(s) 'abc_phones_etl_pipeline' retrieved from /opt/airflow/dags/abc_phones_etl_dag.py
[2026-05-13T15:25:50.860+0000] {logging_mixin.py:188} INFO - [2026-05-13T15:25:50.860+0000] {dag.py:3089} INFO - Sync 1 DAGs
[2026-05-13T15:25:50.888+0000] {logging_mixin.py:188} INFO - [2026-05-13T15:25:50.888+0000] {dag.py:3947} INFO - Setting next_dagrun for abc_phones_etl_pipeline to 2026-05-13 00:00:00+00:00, run_after=2026-05-14 00:00:00+00:00
[2026-05-13T15:25:50.945+0000] {processor.py:183} INFO - Processing /opt/airflow/dags/abc_phones_etl_dag.py took 0.938 seconds
[2026-05-13T15:26:21.356+0000] {processor.py:161} INFO - Started process (PID=1124) to work on /opt/airflow/dags/abc_phones_etl_dag.py
[2026-05-13T15:26:21.360+0000] {processor.py:830} INFO - Processing file /opt/airflow/dags/abc_phones_etl_dag.py for tasks to queue
[2026-05-13T15:26:21.374+0000] {logging_mixin.py:188} INFO - [2026-05-13T15:26:21.373+0000] {dagbag.py:545} INFO - Filling up the DagBag from /opt/airflow/dags/abc_phones_etl_dag.py
[2026-05-13T15:26:23.788+0000] {processor.py:840} INFO - DAG(s) 'abc_phones_etl_pipeline' retrieved from /opt/airflow/dags/abc_phones_etl_dag.py
[2026-05-13T15:26:24.251+0000] {logging_mixin.py:188} INFO - [2026-05-13T15:26:24.241+0000] {dag.py:3089} INFO - Sync 1 DAGs
[2026-05-13T15:26:24.416+0000] {logging_mixin.py:188} INFO - [2026-05-13T15:26:24.415+0000] {dag.py:3947} INFO - Setting next_dagrun for abc_phones_etl_pipeline to 2026-05-13 00:00:00+00:00, run_after=2026-05-14 00:00:00+00:00
[2026-05-13T15:26:24.560+0000] {processor.py:183} INFO - Processing /opt/airflow/dags/abc_phones_etl_dag.py took 3.242 seconds
[2026-05-13T15:26:55.067+0000] {processor.py:161} INFO - Started process (PID=1126) to work on /opt/airflow/dags/abc_phones_etl_dag.py
[2026-05-13T15:26:55.069+0000] {processor.py:830} INFO - Processing file /opt/airflow/dags/abc_phones_etl_dag.py for tasks to queue
[2026-05-13T15:26:55.075+0000] {logging_mixin.py:188} INFO - [2026-05-13T15:26:55.074+0000] {dagbag.py:545} INFO - Filling up the DagBag from /opt/airflow/dags/abc_phones_etl_dag.py
[2026-05-13T15:26:55.998+0000] {processor.py:840} INFO - DAG(s) 'abc_phones_etl_pipeline' retrieved from /opt/airflow/dags/abc_phones_etl_dag.py
[2026-05-13T15:26:56.051+0000] {logging_mixin.py:188} INFO - [2026-05-13T15:26:56.051+0000] {dag.py:3089} INFO - Sync 1 DAGs
[2026-05-13T15:26:56.089+0000] {logging_mixin.py:188} INFO - [2026-05-13T15:26:56.089+0000] {dag.py:3947} INFO - Setting next_dagrun for abc_phones_etl_pipeline to 2026-05-13 00:00:00+00:00, run_after=2026-05-14 00:00:00+00:00
[2026-05-13T15:26:56.150+0000] {processor.py:183} INFO - Processing /opt/airflow/dags/abc_phones_etl_dag.py took 1.104 seconds
[2026-05-13T15:27:26.611+0000] {processor.py:161} INFO - Started process (PID=1128) to work on /opt/airflow/dags/abc_phones_etl_dag.py
[2026-05-13T15:27:26.613+0000] {processor.py:830} INFO - Processing file /opt/airflow/dags/abc_phones_etl_dag.py for tasks to queue
[2026-05-13T15:27:26.616+0000] {logging_mixin.py:188} INFO - [2026-05-13T15:27:26.616+0000] {dagbag.py:545} INFO - Filling up the DagBag from /opt/airflow/dags/abc_phones_etl_dag.py
[2026-05-13T15:27:27.517+0000] {processor.py:840} INFO - DAG(s) 'abc_phones_etl_pipeline' retrieved from /opt/airflow/dags/abc_phones_etl_dag.py
[2026-05-13T15:27:27.575+0000] {logging_mixin.py:188} INFO - [2026-05-13T15:27:27.574+0000] {dag.py:3089} INFO - Sync 1 DAGs
[2026-05-13T15:27:27.615+0000] {logging_mixin.py:188} INFO - [2026-05-13T15:27:27.615+0000] {dag.py:3947} INFO - Setting next_dagrun for abc_phones_etl_pipeline to 2026-05-13 00:00:00+00:00, run_after=2026-05-14 00:00:00+00:00
[2026-05-13T15:27:27.677+0000] {processor.py:183} INFO - Processing /opt/airflow/dags/abc_phones_etl_dag.py took 1.079 seconds
[2026-05-13T15:27:58.115+0000] {processor.py:161} INFO - Started process (PID=1130) to work on /opt/airflow/dags/abc_phones_etl_dag.py
[2026-05-13T15:27:58.116+0000] {processor.py:830} INFO - Processing file /opt/airflow/dags/abc_phones_etl_dag.py for tasks to queue
[2026-05-13T15:27:58.119+0000] {logging_mixin.py:188} INFO - [2026-05-13T15:27:58.119+0000] {dagbag.py:545} INFO - Filling up the DagBag from /opt/airflow/dags/abc_phones_etl_dag.py
[2026-05-13T15:27:59.099+0000] {processor.py:840} INFO - DAG(s) 'abc_phones_etl_pipeline' retrieved from /opt/airflow/dags/abc_phones_etl_dag.py
[2026-05-13T15:27:59.140+0000] {logging_mixin.py:188} INFO - [2026-05-13T15:27:59.140+0000] {dag.py:3089} INFO - Sync 1 DAGs
[2026-05-13T15:27:59.166+0000] {logging_mixin.py:188} INFO - [2026-05-13T15:27:59.165+0000] {dag.py:3947} INFO - Setting next_dagrun for abc_phones_etl_pipeline to 2026-05-13 00:00:00+00:00, run_after=2026-05-14 00:00:00+00:00
[2026-05-13T15:27:59.221+0000] {processor.py:183} INFO - Processing /opt/airflow/dags/abc_phones_etl_dag.py took 1.118 seconds
[2026-05-13T15:28:29.492+0000] {processor.py:161} INFO - Started process (PID=1132) to work on /opt/airflow/dags/abc_phones_etl_dag.py
[2026-05-13T15:28:29.494+0000] {processor.py:830} INFO - Processing file /opt/airflow/dags/abc_phones_etl_dag.py for tasks to queue
[2026-05-13T15:28:29.497+0000] {logging_mixin.py:188} INFO - [2026-05-13T15:28:29.497+0000] {dagbag.py:545} INFO - Filling up the DagBag from /opt/airflow/dags/abc_phones_etl_dag.py
[2026-05-13T15:28:30.786+0000] {processor.py:840} INFO - DAG(s) 'abc_phones_etl_pipeline' retrieved from /opt/airflow/dags/abc_phones_etl_dag.py
[2026-05-13T15:28:30.831+0000] {logging_mixin.py:188} INFO - [2026-05-13T15:28:30.831+0000] {dag.py:3089} INFO - Sync 1 DAGs
[2026-05-13T15:28:30.858+0000] {logging_mixin.py:188} INFO - [2026-05-13T15:28:30.858+0000] {dag.py:3947} INFO - Setting next_dagrun for abc_phones_etl_pipeline to 2026-05-13 00:00:00+00:00, run_after=2026-05-14 00:00:00+00:00
[2026-05-13T15:28:30.920+0000] {processor.py:183} INFO - Processing /opt/airflow/dags/abc_phones_etl_dag.py took 1.444 seconds
[2026-05-13T15:29:01.368+0000] {processor.py:161} INFO - Started process (PID=1134) to work on /opt/airflow/dags/abc_phones_etl_dag.py
[2026-05-13T15:29:01.370+0000] {processor.py:830} INFO - Processing file /opt/airflow/dags/abc_phones_etl_dag.py for tasks to queue
[2026-05-13T15:29:01.377+0000] {logging_mixin.py:188} INFO - [2026-05-13T15:29:01.376+0000] {dagbag.py:545} INFO - Filling up the DagBag from /opt/airflow/dags/abc_phones_etl_dag.py
[2026-05-13T15:29:02.319+0000] {processor.py:840} INFO - DAG(s) 'abc_phones_etl_pipeline' retrieved from /opt/airflow/dags/abc_phones_etl_dag.py
[2026-05-13T15:29:02.398+0000] {logging_mixin.py:188} INFO - [2026-05-13T15:29:02.397+0000] {dag.py:3089} INFO - Sync 1 DAGs
[2026-05-13T15:29:02.433+0000] {logging_mixin.py:188} INFO - [2026-05-13T15:29:02.433+0000] {dag.py:3947} INFO - Setting next_dagrun for abc_phones_etl_pipeline to 2026-05-13 00:00:00+00:00, run_after=2026-05-14 00:00:00+00:00
[2026-05-13T15:29:02.463+0000] {processor.py:183} INFO - Processing /opt/airflow/dags/abc_phones_etl_dag.py took 1.111 seconds
[2026-05-13T15:29:32.960+0000] {processor.py:161} INFO - Started process (PID=1136) to work on /opt/airflow/dags/abc_phones_etl_dag.py
[2026-05-13T15:29:32.962+0000] {processor.py:830} INFO - Processing file /opt/airflow/dags/abc_phones_etl_dag.py for tasks to queue
[2026-05-13T15:29:32.974+0000] {logging_mixin.py:188} INFO - [2026-05-13T15:29:32.974+0000] {dagbag.py:545} INFO - Filling up the DagBag from /opt/airflow/dags/abc_phones_etl_dag.py
[2026-05-13T15:29:34.453+0000] {processor.py:840} INFO - DAG(s) 'abc_phones_etl_pipeline' retrieved from /opt/airflow/dags/abc_phones_etl_dag.py
[2026-05-13T15:29:34.505+0000] {logging_mixin.py:188} INFO - [2026-05-13T15:29:34.504+0000] {dag.py:3089} INFO - Sync 1 DAGs
[2026-05-13T15:29:34.542+0000] {logging_mixin.py:188} INFO - [2026-05-13T15:29:34.542+0000] {dag.py:3947} INFO - Setting next_dagrun for abc_phones_etl_pipeline to 2026-05-13 00:00:00+00:00, run_after=2026-05-14 00:00:00+00:00
[2026-05-13T15:29:34.640+0000] {processor.py:183} INFO - Processing /opt/airflow/dags/abc_phones_etl_dag.py took 1.705 seconds
[2026-05-13T15:30:05.511+0000] {processor.py:161} INFO - Started process (PID=1138) to work on /opt/airflow/dags/abc_phones_etl_dag.py
[2026-05-13T15:30:05.522+0000] {processor.py:830} INFO - Processing file /opt/airflow/dags/abc_phones_etl_dag.py for tasks to queue
[2026-05-13T15:30:05.527+0000] {logging_mixin.py:188} INFO - [2026-05-13T15:30:05.526+0000] {dagbag.py:545} INFO - Filling up the DagBag from /opt/airflow/dags/abc_phones_etl_dag.py
[2026-05-13T15:30:07.256+0000] {processor.py:840} INFO - DAG(s) 'abc_phones_etl_pipeline' retrieved from /opt/airflow/dags/abc_phones_etl_dag.py
[2026-05-13T15:30:07.333+0000] {logging_mixin.py:188} INFO - [2026-05-13T15:30:07.331+0000] {dag.py:3089} INFO - Sync 1 DAGs
[2026-05-13T15:30:07.406+0000] {logging_mixin.py:188} INFO - [2026-05-13T15:30:07.405+0000] {dag.py:3947} INFO - Setting next_dagrun for abc_phones_etl_pipeline to 2026-05-13 00:00:00+00:00, run_after=2026-05-14 00:00:00+00:00
[2026-05-13T15:30:07.490+0000] {processor.py:183} INFO - Processing /opt/airflow/dags/abc_phones_etl_dag.py took 2.018 seconds
[2026-05-13T15:30:37.965+0000] {processor.py:161} INFO - Started process (PID=1140) to work on /opt/airflow/dags/abc_phones_etl_dag.py
[2026-05-13T15:30:37.967+0000] {processor.py:830} INFO - Processing file /opt/airflow/dags/abc_phones_etl_dag.py for tasks to queue
[2026-05-13T15:30:37.980+0000] {logging_mixin.py:188} INFO - [2026-05-13T15:30:37.978+0000] {dagbag.py:545} INFO - Filling up the DagBag from /opt/airflow/dags/abc_phones_etl_dag.py
[2026-05-13T15:30:38.949+0000] {processor.py:840} INFO - DAG(s) 'abc_phones_etl_pipeline' retrieved from /opt/airflow/dags/abc_phones_etl_dag.py
[2026-05-13T15:30:38.990+0000] {logging_mixin.py:188} INFO - [2026-05-13T15:30:38.989+0000] {dag.py:3089} INFO - Sync 1 DAGs
[2026-05-13T15:30:39.021+0000] {logging_mixin.py:188} INFO - [2026-05-13T15:30:39.020+0000] {dag.py:3947} INFO - Setting next_dagrun for abc_phones_etl_pipeline to 2026-05-13 00:00:00+00:00, run_after=2026-05-14 00:00:00+00:00
[2026-05-13T15:30:39.081+0000] {processor.py:183} INFO - Processing /opt/airflow/dags/abc_phones_etl_dag.py took 1.141 seconds
[2026-05-13T15:31:09.340+0000] {processor.py:161} INFO - Started process (PID=1142) to work on /opt/airflow/dags/abc_phones_etl_dag.py
[2026-05-13T15:31:09.343+0000] {processor.py:830} INFO - Processing file /opt/airflow/dags/abc_phones_etl_dag.py for tasks to queue
[2026-05-13T15:31:09.346+0000] {logging_mixin.py:188} INFO - [2026-05-13T15:31:09.345+0000] {dagbag.py:545} INFO - Filling up the DagBag from /opt/airflow/dags/abc_phones_etl_dag.py
[2026-05-13T15:31:10.359+0000] {processor.py:840} INFO - DAG(s) 'abc_phones_etl_pipeline' retrieved from /opt/airflow/dags/abc_phones_etl_dag.py
[2026-05-13T15:31:10.430+0000] {logging_mixin.py:188} INFO - [2026-05-13T15:31:10.430+0000] {dag.py:3089} INFO - Sync 1 DAGs
[2026-05-13T15:31:10.470+0000] {logging_mixin.py:188} INFO - [2026-05-13T15:31:10.469+0000] {dag.py:3947} INFO - Setting next_dagrun for abc_phones_etl_pipeline to 2026-05-13 00:00:00+00:00, run_after=2026-05-14 00:00:00+00:00
[2026-05-13T15:31:10.505+0000] {processor.py:183} INFO - Processing /opt/airflow/dags/abc_phones_etl_dag.py took 1.181 seconds
[2026-05-13T15:31:40.724+0000] {processor.py:161} INFO - Started process (PID=1144) to work on /opt/airflow/dags/abc_phones_etl_dag.py
[2026-05-13T15:31:40.734+0000] {processor.py:830} INFO - Processing file /opt/airflow/dags/abc_phones_etl_dag.py for tasks to queue
[2026-05-13T15:31:40.738+0000] {logging_mixin.py:188} INFO - [2026-05-13T15:31:40.738+0000] {dagbag.py:545} INFO - Filling up the DagBag from /opt/airflow/dags/abc_phones_etl_dag.py
[2026-05-13T15:31:42.140+0000] {processor.py:840} INFO - DAG(s) 'abc_phones_etl_pipeline' retrieved from /opt/airflow/dags/abc_phones_etl_dag.py
[2026-05-13T15:31:42.188+0000] {logging_mixin.py:188} INFO - [2026-05-13T15:31:42.187+0000] {dag.py:3089} INFO - Sync 1 DAGs
[2026-05-13T15:31:42.221+0000] {logging_mixin.py:188} INFO - [2026-05-13T15:31:42.221+0000] {dag.py:3947} INFO - Setting next_dagrun for abc_phones_etl_pipeline to 2026-05-13 00:00:00+00:00, run_after=2026-05-14 00:00:00+00:00
[2026-05-13T15:31:42.268+0000] {processor.py:183} INFO - Processing /opt/airflow/dags/abc_phones_etl_dag.py took 1.577 seconds
[2026-05-13T15:32:12.687+0000] {processor.py:161} INFO - Started process (PID=1152) to work on /opt/airflow/dags/abc_phones_etl_dag.py
[2026-05-13T15:32:12.690+0000] {processor.py:830} INFO - Processing file /opt/airflow/dags/abc_phones_etl_dag.py for tasks to queue
[2026-05-13T15:32:12.695+0000] {logging_mixin.py:188} INFO - [2026-05-13T15:32:12.694+0000] {dagbag.py:545} INFO - Filling up the DagBag from /opt/airflow/dags/abc_phones_etl_dag.py
[2026-05-13T15:32:14.290+0000] {processor.py:840} INFO - DAG(s) 'abc_phones_etl_pipeline' retrieved from /opt/airflow/dags/abc_phones_etl_dag.py
[2026-05-13T15:32:14.367+0000] {logging_mixin.py:188} INFO - [2026-05-13T15:32:14.366+0000] {dag.py:3089} INFO - Sync 1 DAGs
[2026-05-13T15:32:14.403+0000] {logging_mixin.py:188} INFO - [2026-05-13T15:32:14.403+0000] {dag.py:3947} INFO - Setting next_dagrun for abc_phones_etl_pipeline to 2026-05-12 00:00:00+00:00, run_after=2026-05-13 00:00:00+00:00
[2026-05-13T15:32:14.460+0000] {processor.py:183} INFO - Processing /opt/airflow/dags/abc_phones_etl_dag.py took 1.791 seconds
[2026-05-13T15:32:44.962+0000] {processor.py:161} INFO - Started process (PID=1154) to work on /opt/airflow/dags/abc_phones_etl_dag.py
[2026-05-13T15:32:44.965+0000] {processor.py:830} INFO - Processing file /opt/airflow/dags/abc_phones_etl_dag.py for tasks to queue
[2026-05-13T15:32:44.974+0000] {logging_mixin.py:188} INFO - [2026-05-13T15:32:44.972+0000] {dagbag.py:545} INFO - Filling up the DagBag from /opt/airflow/dags/abc_phones_etl_dag.py
[2026-05-13T15:32:46.416+0000] {processor.py:840} INFO - DAG(s) 'abc_phones_etl_pipeline' retrieved from /opt/airflow/dags/abc_phones_etl_dag.py
[2026-05-13T15:32:46.478+0000] {logging_mixin.py:188} INFO - [2026-05-13T15:32:46.477+0000] {dag.py:3089} INFO - Sync 1 DAGs
[2026-05-13T15:32:46.523+0000] {logging_mixin.py:188} INFO - [2026-05-13T15:32:46.522+0000] {dag.py:3947} INFO - Setting next_dagrun for abc_phones_etl_pipeline to 2026-05-12 00:00:00+00:00, run_after=2026-05-13 00:00:00+00:00
[2026-05-13T15:32:46.561+0000] {processor.py:183} INFO - Processing /opt/airflow/dags/abc_phones_etl_dag.py took 1.619 seconds
[2026-05-13T15:33:17.405+0000] {processor.py:161} INFO - Started process (PID=1156) to work on /opt/airflow/dags/abc_phones_etl_dag.py
[2026-05-13T15:33:17.466+0000] {processor.py:830} INFO - Processing file /opt/airflow/dags/abc_phones_etl_dag.py for tasks to queue
[2026-05-13T15:33:17.510+0000] {logging_mixin.py:188} INFO - [2026-05-13T15:33:17.509+0000] {dagbag.py:545} INFO - Filling up the DagBag from /opt/airflow/dags/abc_phones_etl_dag.py
[2026-05-13T15:33:20.934+0000] {processor.py:840} INFO - DAG(s) 'abc_phones_etl_pipeline' retrieved from /opt/airflow/dags/abc_phones_etl_dag.py
[2026-05-13T15:33:21.212+0000] {logging_mixin.py:188} INFO - [2026-05-13T15:33:21.211+0000] {dag.py:3089} INFO - Sync 1 DAGs
[2026-05-13T15:33:21.272+0000] {logging_mixin.py:188} INFO - [2026-05-13T15:33:21.272+0000] {dag.py:3947} INFO - Setting next_dagrun for abc_phones_etl_pipeline to 2026-05-12 00:00:00+00:00, run_after=2026-05-13 00:00:00+00:00
[2026-05-13T15:33:21.322+0000] {processor.py:183} INFO - Processing /opt/airflow/dags/abc_phones_etl_dag.py took 4.051 seconds
[2026-05-13T15:33:51.754+0000] {processor.py:161} INFO - Started process (PID=1158) to work on /opt/airflow/dags/abc_phones_etl_dag.py
[2026-05-13T15:33:51.763+0000] {processor.py:830} INFO - Processing file /opt/airflow/dags/abc_phones_etl_dag.py for tasks to queue
[2026-05-13T15:33:51.771+0000] {logging_mixin.py:188} INFO - [2026-05-13T15:33:51.770+0000] {dagbag.py:545} INFO - Filling up the DagBag from /opt/airflow/dags/abc_phones_etl_dag.py
[2026-05-13T15:33:53.216+0000] {processor.py:840} INFO - DAG(s) 'abc_phones_etl_pipeline' retrieved from /opt/airflow/dags/abc_phones_etl_dag.py
[2026-05-13T15:33:53.268+0000] {logging_mixin.py:188} INFO - [2026-05-13T15:33:53.267+0000] {dag.py:3089} INFO - Sync 1 DAGs
[2026-05-13T15:33:53.309+0000] {logging_mixin.py:188} INFO - [2026-05-13T15:33:53.308+0000] {dag.py:3947} INFO - Setting next_dagrun for abc_phones_etl_pipeline to 2026-05-12 00:00:00+00:00, run_after=2026-05-13 00:00:00+00:00
[2026-05-13T15:33:53.365+0000] {processor.py:183} INFO - Processing /opt/airflow/dags/abc_phones_etl_dag.py took 1.655 seconds
[2026-05-13T15:34:23.768+0000] {processor.py:161} INFO - Started process (PID=1160) to work on /opt/airflow/dags/abc_phones_etl_dag.py
[2026-05-13T15:34:23.770+0000] {processor.py:830} INFO - Processing file /opt/airflow/dags/abc_phones_etl_dag.py for tasks to queue
[2026-05-13T15:34:23.774+0000] {logging_mixin.py:188} INFO - [2026-05-13T15:34:23.773+0000] {dagbag.py:545} INFO - Filling up the DagBag from /opt/airflow/dags/abc_phones_etl_dag.py
[2026-05-13T15:34:25.498+0000] {processor.py:840} INFO - DAG(s) 'abc_phones_etl_pipeline' retrieved from /opt/airflow/dags/abc_phones_etl_dag.py
[2026-05-13T15:34:25.564+0000] {logging_mixin.py:188} INFO - [2026-05-13T15:34:25.563+0000] {dag.py:3089} INFO - Sync 1 DAGs
[2026-05-13T15:34:25.607+0000] {logging_mixin.py:188} INFO - [2026-05-13T15:34:25.606+0000] {dag.py:3947} INFO - Setting next_dagrun for abc_phones_etl_pipeline to 2026-05-12 00:00:00+00:00, run_after=2026-05-13 00:00:00+00:00
[2026-05-13T15:34:25.681+0000] {processor.py:183} INFO - Processing /opt/airflow/dags/abc_phones_etl_dag.py took 1.933 seconds
[2026-05-13T15:34:56.309+0000] {processor.py:161} INFO - Started process (PID=1162) to work on /opt/airflow/dags/abc_phones_etl_dag.py
[2026-05-13T15:34:56.313+0000] {processor.py:830} INFO - Processing file /opt/airflow/dags/abc_phones_etl_dag.py for tasks to queue
[2026-05-13T15:34:56.321+0000] {logging_mixin.py:188} INFO - [2026-05-13T15:34:56.320+0000] {dagbag.py:545} INFO - Filling up the DagBag from /opt/airflow/dags/abc_phones_etl_dag.py
[2026-05-13T15:34:57.345+0000] {processor.py:840} INFO - DAG(s) 'abc_phones_etl_pipeline' retrieved from /opt/airflow/dags/abc_phones_etl_dag.py
[2026-05-13T15:34:57.395+0000] {logging_mixin.py:188} INFO - [2026-05-13T15:34:57.394+0000] {dag.py:3089} INFO - Sync 1 DAGs
[2026-05-13T15:34:57.427+0000] {logging_mixin.py:188} INFO - [2026-05-13T15:34:57.427+0000] {dag.py:3947} INFO - Setting next_dagrun for abc_phones_etl_pipeline to 2026-05-12 00:00:00+00:00, run_after=2026-05-13 00:00:00+00:00
[2026-05-13T15:34:57.493+0000] {processor.py:183} INFO - Processing /opt/airflow/dags/abc_phones_etl_dag.py took 1.212 seconds
[2026-05-13T15:35:27.752+0000] {processor.py:161} INFO - Started process (PID=1164) to work on /opt/airflow/dags/abc_phones_etl_dag.py
[2026-05-13T15:35:27.754+0000] {processor.py:830} INFO - Processing file /opt/airflow/dags/abc_phones_etl_dag.py for tasks to queue
[2026-05-13T15:35:27.759+0000] {logging_mixin.py:188} INFO - [2026-05-13T15:35:27.758+0000] {dagbag.py:545} INFO - Filling up the DagBag from /opt/airflow/dags/abc_phones_etl_dag.py
[2026-05-13T15:35:28.936+0000] {processor.py:840} INFO - DAG(s) 'abc_phones_etl_pipeline' retrieved from /opt/airflow/dags/abc_phones_etl_dag.py
[2026-05-13T15:35:29.031+0000] {logging_mixin.py:188} INFO - [2026-05-13T15:35:29.029+0000] {dag.py:3089} INFO - Sync 1 DAGs
[2026-05-13T15:35:29.081+0000] {logging_mixin.py:188} INFO - [2026-05-13T15:35:29.081+0000] {dag.py:3947} INFO - Setting next_dagrun for abc_phones_etl_pipeline to 2026-05-12 00:00:00+00:00, run_after=2026-05-13 00:00:00+00:00
[2026-05-13T15:35:29.139+0000] {processor.py:183} INFO - Processing /opt/airflow/dags/abc_phones_etl_dag.py took 1.403 seconds
[2026-05-13T15:35:38.362+0000] {processor.py:161} INFO - Started process (PID=1166) to work on /opt/airflow/dags/abc_phones_etl_dag.py
[2026-05-13T15:35:38.364+0000] {processor.py:830} INFO - Processing file /opt/airflow/dags/abc_phones_etl_dag.py for tasks to queue
[2026-05-13T15:35:38.367+0000] {logging_mixin.py:188} INFO - [2026-05-13T15:35:38.366+0000] {dagbag.py:545} INFO - Filling up the DagBag from /opt/airflow/dags/abc_phones_etl_dag.py
[2026-05-13T15:35:40.038+0000] {processor.py:840} INFO - DAG(s) 'abc_phones_etl_pipeline' retrieved from /opt/airflow/dags/abc_phones_etl_dag.py
[2026-05-13T15:35:40.410+0000] {logging_mixin.py:188} INFO - [2026-05-13T15:35:40.409+0000] {dag.py:3089} INFO - Sync 1 DAGs
[2026-05-13T15:35:40.489+0000] {logging_mixin.py:188} INFO - [2026-05-13T15:35:40.488+0000] {dag.py:3947} INFO - Setting next_dagrun for abc_phones_etl_pipeline to 2026-05-12 00:00:00+00:00, run_after=2026-05-13 00:00:00+00:00
[2026-05-13T15:35:40.571+0000] {processor.py:183} INFO - Processing /opt/airflow/dags/abc_phones_etl_dag.py took 2.224 seconds
[2026-05-13T15:35:49.511+0000] {processor.py:161} INFO - Started process (PID=1168) to work on /opt/airflow/dags/abc_phones_etl_dag.py
[2026-05-13T15:35:49.512+0000] {processor.py:830} INFO - Processing file /opt/airflow/dags/abc_phones_etl_dag.py for tasks to queue
[2026-05-13T15:35:49.517+0000] {logging_mixin.py:188} INFO - [2026-05-13T15:35:49.516+0000] {dagbag.py:545} INFO - Filling up the DagBag from /opt/airflow/dags/abc_phones_etl_dag.py
[2026-05-13T15:35:50.759+0000] {processor.py:840} INFO - DAG(s) 'abc_phones_etl_pipeline' retrieved from /opt/airflow/dags/abc_phones_etl_dag.py
[2026-05-13T15:35:50.789+0000] {logging_mixin.py:188} INFO - [2026-05-13T15:35:50.788+0000] {dag.py:3089} INFO - Sync 1 DAGs
[2026-05-13T15:35:50.834+0000] {logging_mixin.py:188} INFO - [2026-05-13T15:35:50.834+0000] {dag.py:3947} INFO - Setting next_dagrun for abc_phones_etl_pipeline to 2026-05-12 00:00:00+00:00, run_after=2026-05-13 00:00:00+00:00
[2026-05-13T15:35:50.906+0000] {processor.py:183} INFO - Processing /opt/airflow/dags/abc_phones_etl_dag.py took 1.413 seconds
[2026-05-13T15:35:59.085+0000] {processor.py:161} INFO - Started process (PID=1170) to work on /opt/airflow/dags/abc_phones_etl_dag.py
[2026-05-13T15:35:59.087+0000] {processor.py:830} INFO - Processing file /opt/airflow/dags/abc_phones_etl_dag.py for tasks to queue
[2026-05-13T15:35:59.092+0000] {logging_mixin.py:188} INFO - [2026-05-13T15:35:59.091+0000] {dagbag.py:545} INFO - Filling up the DagBag from /opt/airflow/dags/abc_phones_etl_dag.py
[2026-05-13T15:36:01.184+0000] {processor.py:840} INFO - DAG(s) 'abc_phones_etl_pipeline' retrieved from /opt/airflow/dags/abc_phones_etl_dag.py
[2026-05-13T15:36:01.246+0000] {logging_mixin.py:188} INFO - [2026-05-13T15:36:01.240+0000] {dag.py:3089} INFO - Sync 1 DAGs
[2026-05-13T15:36:01.355+0000] {logging_mixin.py:188} INFO - [2026-05-13T15:36:01.344+0000] {dag.py:3947} INFO - Setting next_dagrun for abc_phones_etl_pipeline to 2026-05-12 00:00:00+00:00, run_after=2026-05-13 00:00:00+00:00
[2026-05-13T15:36:02.851+0000] {processor.py:183} INFO - Processing /opt/airflow/dags/abc_phones_etl_dag.py took 3.788 seconds
[2026-05-13T15:36:33.528+0000] {processor.py:161} INFO - Started process (PID=1177) to work on /opt/airflow/dags/abc_phones_etl_dag.py
[2026-05-13T15:36:33.538+0000] {processor.py:830} INFO - Processing file /opt/airflow/dags/abc_phones_etl_dag.py for tasks to queue
[2026-05-13T15:36:33.544+0000] {logging_mixin.py:188} INFO - [2026-05-13T15:36:33.543+0000] {dagbag.py:545} INFO - Filling up the DagBag from /opt/airflow/dags/abc_phones_etl_dag.py
[2026-05-13T15:36:34.831+0000] {processor.py:840} INFO - DAG(s) 'abc_phones_etl_pipeline' retrieved from /opt/airflow/dags/abc_phones_etl_dag.py
[2026-05-13T15:36:35.006+0000] {logging_mixin.py:188} INFO - [2026-05-13T15:36:35.005+0000] {dag.py:3089} INFO - Sync 1 DAGs
[2026-05-13T15:36:35.034+0000] {logging_mixin.py:188} INFO - [2026-05-13T15:36:35.033+0000] {dag.py:3947} INFO - Setting next_dagrun for abc_phones_etl_pipeline to 2026-05-12 00:00:00+00:00, run_after=2026-05-13 00:00:00+00:00
[2026-05-13T15:36:35.093+0000] {processor.py:183} INFO - Processing /opt/airflow/dags/abc_phones_etl_dag.py took 1.591 seconds
[2026-05-13T15:37:05.302+0000] {processor.py:161} INFO - Started process (PID=1186) to work on /opt/airflow/dags/abc_phones_etl_dag.py
[2026-05-13T15:37:05.306+0000] {processor.py:830} INFO - Processing file /opt/airflow/dags/abc_phones_etl_dag.py for tasks to queue
[2026-05-13T15:37:05.310+0000] {logging_mixin.py:188} INFO - [2026-05-13T15:37:05.309+0000] {dagbag.py:545} INFO - Filling up the DagBag from /opt/airflow/dags/abc_phones_etl_dag.py
[2026-05-13T15:37:07.057+0000] {processor.py:840} INFO - DAG(s) 'abc_phones_etl_pipeline' retrieved from /opt/airflow/dags/abc_phones_etl_dag.py
[2026-05-13T15:37:07.105+0000] {logging_mixin.py:188} INFO - [2026-05-13T15:37:07.104+0000] {dag.py:3089} INFO - Sync 1 DAGs
[2026-05-13T15:37:07.138+0000] {logging_mixin.py:188} INFO - [2026-05-13T15:37:07.138+0000] {dag.py:3947} INFO - Setting next_dagrun for abc_phones_etl_pipeline to 2026-05-12 00:00:00+00:00, run_after=2026-05-13 00:00:00+00:00
[2026-05-13T15:37:07.211+0000] {processor.py:183} INFO - Processing /opt/airflow/dags/abc_phones_etl_dag.py took 1.928 seconds
[2026-05-13T15:37:37.539+0000] {processor.py:161} INFO - Started process (PID=1193) to work on /opt/airflow/dags/abc_phones_etl_dag.py
[2026-05-13T15:37:37.542+0000] {processor.py:830} INFO - Processing file /opt/airflow/dags/abc_phones_etl_dag.py for tasks to queue
[2026-05-13T15:37:37.546+0000] {logging_mixin.py:188} INFO - [2026-05-13T15:37:37.545+0000] {dagbag.py:545} INFO - Filling up the DagBag from /opt/airflow/dags/abc_phones_etl_dag.py
[2026-05-13T15:37:38.592+0000] {processor.py:840} INFO - DAG(s) 'abc_phones_etl_pipeline' retrieved from /opt/airflow/dags/abc_phones_etl_dag.py
[2026-05-13T15:37:38.672+0000] {logging_mixin.py:188} INFO - [2026-05-13T15:37:38.671+0000] {dag.py:3089} INFO - Sync 1 DAGs
[2026-05-13T15:37:38.732+0000] {logging_mixin.py:188} INFO - [2026-05-13T15:37:38.732+0000] {dag.py:3947} INFO - Setting next_dagrun for abc_phones_etl_pipeline to 2026-05-12 00:00:00+00:00, run_after=2026-05-13 00:00:00+00:00
[2026-05-13T15:37:38.776+0000] {processor.py:183} INFO - Processing /opt/airflow/dags/abc_phones_etl_dag.py took 1.257 seconds
[2026-05-13T15:38:09.258+0000] {processor.py:161} INFO - Started process (PID=1195) to work on /opt/airflow/dags/abc_phones_etl_dag.py
[2026-05-13T15:38:09.261+0000] {processor.py:830} INFO - Processing file /opt/airflow/dags/abc_phones_etl_dag.py for tasks to queue
[2026-05-13T15:38:09.266+0000] {logging_mixin.py:188} INFO - [2026-05-13T15:38:09.266+0000] {dagbag.py:545} INFO - Filling up the DagBag from /opt/airflow/dags/abc_phones_etl_dag.py
[2026-05-13T15:38:10.790+0000] {processor.py:840} INFO - DAG(s) 'abc_phones_etl_pipeline' retrieved from /opt/airflow/dags/abc_phones_etl_dag.py
[2026-05-13T15:38:10.900+0000] {logging_mixin.py:188} INFO - [2026-05-13T15:38:10.899+0000] {dag.py:3089} INFO - Sync 1 DAGs
[2026-05-13T15:38:10.962+0000] {logging_mixin.py:188} INFO - [2026-05-13T15:38:10.961+0000] {dag.py:3947} INFO - Setting next_dagrun for abc_phones_etl_pipeline to 2026-05-12 00:00:00+00:00, run_after=2026-05-13 00:00:00+00:00
[2026-05-13T15:38:11.142+0000] {processor.py:183} INFO - Processing /opt/airflow/dags/abc_phones_etl_dag.py took 1.925 seconds
[2026-05-13T15:38:41.495+0000] {processor.py:161} INFO - Started process (PID=1197) to work on /opt/airflow/dags/abc_phones_etl_dag.py
[2026-05-13T15:38:41.511+0000] {processor.py:830} INFO - Processing file /opt/airflow/dags/abc_phones_etl_dag.py for tasks to queue
[2026-05-13T15:38:41.524+0000] {logging_mixin.py:188} INFO - [2026-05-13T15:38:41.518+0000] {dagbag.py:545} INFO - Filling up the DagBag from /opt/airflow/dags/abc_phones_etl_dag.py
[2026-05-13T15:38:44.562+0000] {processor.py:840} INFO - DAG(s) 'abc_phones_etl_pipeline' retrieved from /opt/airflow/dags/abc_phones_etl_dag.py
[2026-05-13T15:38:44.638+0000] {logging_mixin.py:188} INFO - [2026-05-13T15:38:44.637+0000] {dag.py:3089} INFO - Sync 1 DAGs
[2026-05-13T15:38:44.675+0000] {logging_mixin.py:188} INFO - [2026-05-13T15:38:44.675+0000] {dag.py:3947} INFO - Setting next_dagrun for abc_phones_etl_pipeline to 2026-05-12 00:00:00+00:00, run_after=2026-05-13 00:00:00+00:00
[2026-05-13T15:38:44.730+0000] {processor.py:183} INFO - Processing /opt/airflow/dags/abc_phones_etl_dag.py took 3.287 seconds
[2026-05-13T15:39:14.987+0000] {processor.py:161} INFO - Started process (PID=1199) to work on /opt/airflow/dags/abc_phones_etl_dag.py
[2026-05-13T15:39:14.989+0000] {processor.py:830} INFO - Processing file /opt/airflow/dags/abc_phones_etl_dag.py for tasks to queue
[2026-05-13T15:39:14.993+0000] {logging_mixin.py:188} INFO - [2026-05-13T15:39:14.992+0000] {dagbag.py:545} INFO - Filling up the DagBag from /opt/airflow/dags/abc_phones_etl_dag.py
[2026-05-13T15:39:16.043+0000] {processor.py:840} INFO - DAG(s) 'abc_phones_etl_pipeline' retrieved from /opt/airflow/dags/abc_phones_etl_dag.py
[2026-05-13T15:39:16.116+0000] {logging_mixin.py:188} INFO - [2026-05-13T15:39:16.115+0000] {dag.py:3089} INFO - Sync 1 DAGs
[2026-05-13T15:39:16.180+0000] {logging_mixin.py:188} INFO - [2026-05-13T15:39:16.180+0000] {dag.py:3947} INFO - Setting next_dagrun for abc_phones_etl_pipeline to 2026-05-12 00:00:00+00:00, run_after=2026-05-13 00:00:00+00:00
[2026-05-13T15:39:16.230+0000] {processor.py:183} INFO - Processing /opt/airflow/dags/abc_phones_etl_dag.py took 1.258 seconds
[2026-05-13T15:39:46.631+0000] {processor.py:161} INFO - Started process (PID=1201) to work on /opt/airflow/dags/abc_phones_etl_dag.py
[2026-05-13T15:39:46.635+0000] {processor.py:830} INFO - Processing file /opt/airflow/dags/abc_phones_etl_dag.py for tasks to queue
[2026-05-13T15:39:46.645+0000] {logging_mixin.py:188} INFO - [2026-05-13T15:39:46.644+0000] {dagbag.py:545} INFO - Filling up the DagBag from /opt/airflow/dags/abc_phones_etl_dag.py
[2026-05-13T15:39:48.442+0000] {processor.py:840} INFO - DAG(s) 'abc_phones_etl_pipeline' retrieved from /opt/airflow/dags/abc_phones_etl_dag.py
[2026-05-13T15:39:48.496+0000] {logging_mixin.py:188} INFO - [2026-05-13T15:39:48.495+0000] {dag.py:3089} INFO - Sync 1 DAGs
[2026-05-13T15:39:48.540+0000] {logging_mixin.py:188} INFO - [2026-05-13T15:39:48.540+0000] {dag.py:3947} INFO - Setting next_dagrun for abc_phones_etl_pipeline to 2026-05-12 00:00:00+00:00, run_after=2026-05-13 00:00:00+00:00
[2026-05-13T15:39:48.572+0000] {processor.py:183} INFO - Processing /opt/airflow/dags/abc_phones_etl_dag.py took 1.979 seconds
[2026-05-13T15:40:18.953+0000] {processor.py:161} INFO - Started process (PID=1207) to work on /opt/airflow/dags/abc_phones_etl_dag.py
[2026-05-13T15:40:18.955+0000] {processor.py:830} INFO - Processing file /opt/airflow/dags/abc_phones_etl_dag.py for tasks to queue
[2026-05-13T15:40:18.959+0000] {logging_mixin.py:188} INFO - [2026-05-13T15:40:18.958+0000] {dagbag.py:545} INFO - Filling up the DagBag from /opt/airflow/dags/abc_phones_etl_dag.py
[2026-05-13T15:40:20.220+0000] {processor.py:840} INFO - DAG(s) 'abc_phones_etl_pipeline' retrieved from /opt/airflow/dags/abc_phones_etl_dag.py
[2026-05-13T15:40:20.295+0000] {logging_mixin.py:188} INFO - [2026-05-13T15:40:20.294+0000] {dag.py:3089} INFO - Sync 1 DAGs
[2026-05-13T15:40:20.341+0000] {logging_mixin.py:188} INFO - [2026-05-13T15:40:20.341+0000] {dag.py:3947} INFO - Setting next_dagrun for abc_phones_etl_pipeline to 2026-05-13 00:00:00+00:00, run_after=2026-05-14 00:00:00+00:00
[2026-05-13T15:40:20.383+0000] {processor.py:183} INFO - Processing /opt/airflow/dags/abc_phones_etl_dag.py took 1.453 seconds
[2026-05-13T15:40:50.923+0000] {processor.py:161} INFO - Started process (PID=1217) to work on /opt/airflow/dags/abc_phones_etl_dag.py
[2026-05-13T15:40:50.928+0000] {processor.py:830} INFO - Processing file /opt/airflow/dags/abc_phones_etl_dag.py for tasks to queue
[2026-05-13T15:40:50.933+0000] {logging_mixin.py:188} INFO - [2026-05-13T15:40:50.932+0000] {dagbag.py:545} INFO - Filling up the DagBag from /opt/airflow/dags/abc_phones_etl_dag.py
[2026-05-13T15:40:51.969+0000] {processor.py:840} INFO - DAG(s) 'abc_phones_etl_pipeline' retrieved from /opt/airflow/dags/abc_phones_etl_dag.py
[2026-05-13T15:40:52.024+0000] {logging_mixin.py:188} INFO - [2026-05-13T15:40:52.024+0000] {dag.py:3089} INFO - Sync 1 DAGs
[2026-05-13T15:40:52.060+0000] {logging_mixin.py:188} INFO - [2026-05-13T15:40:52.059+0000] {dag.py:3947} INFO - Setting next_dagrun for abc_phones_etl_pipeline to 2026-05-12 00:00:00+00:00, run_after=2026-05-13 00:00:00+00:00
[2026-05-13T15:40:52.140+0000] {processor.py:183} INFO - Processing /opt/airflow/dags/abc_phones_etl_dag.py took 1.232 seconds
[2026-05-13T15:41:22.495+0000] {processor.py:161} INFO - Started process (PID=1225) to work on /opt/airflow/dags/abc_phones_etl_dag.py
[2026-05-13T15:41:22.497+0000] {processor.py:830} INFO - Processing file /opt/airflow/dags/abc_phones_etl_dag.py for tasks to queue
[2026-05-13T15:41:22.499+0000] {logging_mixin.py:188} INFO - [2026-05-13T15:41:22.499+0000] {dagbag.py:545} INFO - Filling up the DagBag from /opt/airflow/dags/abc_phones_etl_dag.py
[2026-05-13T15:41:23.401+0000] {processor.py:840} INFO - DAG(s) 'abc_phones_etl_pipeline' retrieved from /opt/airflow/dags/abc_phones_etl_dag.py
[2026-05-13T15:41:23.458+0000] {logging_mixin.py:188} INFO - [2026-05-13T15:41:23.457+0000] {dag.py:3089} INFO - Sync 1 DAGs
[2026-05-13T15:41:23.492+0000] {logging_mixin.py:188} INFO - [2026-05-13T15:41:23.492+0000] {dag.py:3947} INFO - Setting next_dagrun for abc_phones_etl_pipeline to 2026-05-13 00:00:00+00:00, run_after=2026-05-14 00:00:00+00:00
[2026-05-13T15:41:23.526+0000] {processor.py:183} INFO - Processing /opt/airflow/dags/abc_phones_etl_dag.py took 1.048 seconds
[2026-05-13T15:41:53.762+0000] {processor.py:161} INFO - Started process (PID=1227) to work on /opt/airflow/dags/abc_phones_etl_dag.py
[2026-05-13T15:41:53.764+0000] {processor.py:830} INFO - Processing file /opt/airflow/dags/abc_phones_etl_dag.py for tasks to queue
[2026-05-13T15:41:53.770+0000] {logging_mixin.py:188} INFO - [2026-05-13T15:41:53.766+0000] {dagbag.py:545} INFO - Filling up the DagBag from /opt/airflow/dags/abc_phones_etl_dag.py
[2026-05-13T15:41:55.321+0000] {processor.py:840} INFO - DAG(s) 'abc_phones_etl_pipeline' retrieved from /opt/airflow/dags/abc_phones_etl_dag.py
[2026-05-13T15:41:55.455+0000] {logging_mixin.py:188} INFO - [2026-05-13T15:41:55.454+0000] {dag.py:3089} INFO - Sync 1 DAGs
[2026-05-13T15:41:55.512+0000] {logging_mixin.py:188} INFO - [2026-05-13T15:41:55.511+0000] {dag.py:3947} INFO - Setting next_dagrun for abc_phones_etl_pipeline to 2026-05-13 00:00:00+00:00, run_after=2026-05-14 00:00:00+00:00
[2026-05-13T15:41:55.557+0000] {processor.py:183} INFO - Processing /opt/airflow/dags/abc_phones_etl_dag.py took 1.804 seconds
[2026-05-13T15:42:25.979+0000] {processor.py:161} INFO - Started process (PID=1229) to work on /opt/airflow/dags/abc_phones_etl_dag.py
[2026-05-13T15:42:25.980+0000] {processor.py:830} INFO - Processing file /opt/airflow/dags/abc_phones_etl_dag.py for tasks to queue
[2026-05-13T15:42:25.984+0000] {logging_mixin.py:188} INFO - [2026-05-13T15:42:25.983+0000] {dagbag.py:545} INFO - Filling up the DagBag from /opt/airflow/dags/abc_phones_etl_dag.py
[2026-05-13T15:42:27.120+0000] {processor.py:840} INFO - DAG(s) 'abc_phones_etl_pipeline' retrieved from /opt/airflow/dags/abc_phones_etl_dag.py
[2026-05-13T15:42:27.195+0000] {logging_mixin.py:188} INFO - [2026-05-13T15:42:27.191+0000] {dag.py:3089} INFO - Sync 1 DAGs
[2026-05-13T15:42:27.255+0000] {logging_mixin.py:188} INFO - [2026-05-13T15:42:27.254+0000] {dag.py:3947} INFO - Setting next_dagrun for abc_phones_etl_pipeline to 2026-05-13 00:00:00+00:00, run_after=2026-05-14 00:00:00+00:00
[2026-05-13T15:42:27.303+0000] {processor.py:183} INFO - Processing /opt/airflow/dags/abc_phones_etl_dag.py took 1.341 seconds
[2026-05-13T15:42:57.735+0000] {processor.py:161} INFO - Started process (PID=1231) to work on /opt/airflow/dags/abc_phones_etl_dag.py
[2026-05-13T15:42:57.737+0000] {processor.py:830} INFO - Processing file /opt/airflow/dags/abc_phones_etl_dag.py for tasks to queue
[2026-05-13T15:42:57.739+0000] {logging_mixin.py:188} INFO - [2026-05-13T15:42:57.738+0000] {dagbag.py:545} INFO - Filling up the DagBag from /opt/airflow/dags/abc_phones_etl_dag.py
[2026-05-13T15:42:58.690+0000] {processor.py:840} INFO - DAG(s) 'abc_phones_etl_pipeline' retrieved from /opt/airflow/dags/abc_phones_etl_dag.py
[2026-05-13T15:42:58.744+0000] {logging_mixin.py:188} INFO - [2026-05-13T15:42:58.743+0000] {dag.py:3089} INFO - Sync 1 DAGs
[2026-05-13T15:42:58.773+0000] {logging_mixin.py:188} INFO - [2026-05-13T15:42:58.772+0000] {dag.py:3947} INFO - Setting next_dagrun for abc_phones_etl_pipeline to 2026-05-13 00:00:00+00:00, run_after=2026-05-14 00:00:00+00:00
[2026-05-13T15:42:58.827+0000] {processor.py:183} INFO - Processing /opt/airflow/dags/abc_phones_etl_dag.py took 1.106 seconds
[2026-05-13T15:43:29.270+0000] {processor.py:161} INFO - Started process (PID=1233) to work on /opt/airflow/dags/abc_phones_etl_dag.py
[2026-05-13T15:43:29.272+0000] {processor.py:830} INFO - Processing file /opt/airflow/dags/abc_phones_etl_dag.py for tasks to queue
[2026-05-13T15:43:29.274+0000] {logging_mixin.py:188} INFO - [2026-05-13T15:43:29.274+0000] {dagbag.py:545} INFO - Filling up the DagBag from /opt/airflow/dags/abc_phones_etl_dag.py
[2026-05-13T15:43:30.886+0000] {processor.py:840} INFO - DAG(s) 'abc_phones_etl_pipeline' retrieved from /opt/airflow/dags/abc_phones_etl_dag.py
[2026-05-13T15:43:30.949+0000] {logging_mixin.py:188} INFO - [2026-05-13T15:43:30.948+0000] {dag.py:3089} INFO - Sync 1 DAGs
[2026-05-13T15:43:30.990+0000] {logging_mixin.py:188} INFO - [2026-05-13T15:43:30.989+0000] {dag.py:3947} INFO - Setting next_dagrun for abc_phones_etl_pipeline to 2026-05-13 00:00:00+00:00, run_after=2026-05-14 00:00:00+00:00
[2026-05-13T15:43:31.031+0000] {processor.py:183} INFO - Processing /opt/airflow/dags/abc_phones_etl_dag.py took 1.775 seconds
[2026-05-13T15:44:01.503+0000] {processor.py:161} INFO - Started process (PID=1235) to work on /opt/airflow/dags/abc_phones_etl_dag.py
[2026-05-13T15:44:01.505+0000] {processor.py:830} INFO - Processing file /opt/airflow/dags/abc_phones_etl_dag.py for tasks to queue
[2026-05-13T15:44:01.511+0000] {logging_mixin.py:188} INFO - [2026-05-13T15:44:01.510+0000] {dagbag.py:545} INFO - Filling up the DagBag from /opt/airflow/dags/abc_phones_etl_dag.py
[2026-05-13T15:44:03.333+0000] {processor.py:840} INFO - DAG(s) 'abc_phones_etl_pipeline' retrieved from /opt/airflow/dags/abc_phones_etl_dag.py
[2026-05-13T15:44:03.409+0000] {logging_mixin.py:188} INFO - [2026-05-13T15:44:03.408+0000] {dag.py:3089} INFO - Sync 1 DAGs
[2026-05-13T15:44:03.464+0000] {logging_mixin.py:188} INFO - [2026-05-13T15:44:03.464+0000] {dag.py:3947} INFO - Setting next_dagrun for abc_phones_etl_pipeline to 2026-05-13 00:00:00+00:00, run_after=2026-05-14 00:00:00+00:00
[2026-05-13T15:44:03.544+0000] {processor.py:183} INFO - Processing /opt/airflow/dags/abc_phones_etl_dag.py took 2.065 seconds
[2026-05-13T15:44:34.123+0000] {processor.py:161} INFO - Started process (PID=1237) to work on /opt/airflow/dags/abc_phones_etl_dag.py
[2026-05-13T15:44:34.132+0000] {processor.py:830} INFO - Processing file /opt/airflow/dags/abc_phones_etl_dag.py for tasks to queue
[2026-05-13T15:44:34.139+0000] {logging_mixin.py:188} INFO - [2026-05-13T15:44:34.139+0000] {dagbag.py:545} INFO - Filling up the DagBag from /opt/airflow/dags/abc_phones_etl_dag.py
[2026-05-13T15:44:36.473+0000] {processor.py:840} INFO - DAG(s) 'abc_phones_etl_pipeline' retrieved from /opt/airflow/dags/abc_phones_etl_dag.py
[2026-05-13T15:44:36.564+0000] {logging_mixin.py:188} INFO - [2026-05-13T15:44:36.563+0000] {dag.py:3089} INFO - Sync 1 DAGs
[2026-05-13T15:44:36.644+0000] {logging_mixin.py:188} INFO - [2026-05-13T15:44:36.643+0000] {dag.py:3947} INFO - Setting next_dagrun for abc_phones_etl_pipeline to 2026-05-12 00:00:00+00:00, run_after=2026-05-13 00:00:00+00:00
[2026-05-13T15:44:36.726+0000] {processor.py:183} INFO - Processing /opt/airflow/dags/abc_phones_etl_dag.py took 2.628 seconds
[2026-05-13T15:45:06.837+0000] {processor.py:161} INFO - Started process (PID=1251) to work on /opt/airflow/dags/abc_phones_etl_dag.py
[2026-05-13T15:45:06.842+0000] {processor.py:830} INFO - Processing file /opt/airflow/dags/abc_phones_etl_dag.py for tasks to queue
[2026-05-13T15:45:06.853+0000] {logging_mixin.py:188} INFO - [2026-05-13T15:45:06.849+0000] {dagbag.py:545} INFO - Filling up the DagBag from /opt/airflow/dags/abc_phones_etl_dag.py
[2026-05-13T15:45:08.305+0000] {processor.py:840} INFO - DAG(s) 'abc_phones_etl_pipeline' retrieved from /opt/airflow/dags/abc_phones_etl_dag.py
[2026-05-13T15:45:08.358+0000] {logging_mixin.py:188} INFO - [2026-05-13T15:45:08.358+0000] {dag.py:3089} INFO - Sync 1 DAGs
[2026-05-13T15:45:08.391+0000] {logging_mixin.py:188} INFO - [2026-05-13T15:45:08.390+0000] {dag.py:3947} INFO - Setting next_dagrun for abc_phones_etl_pipeline to 2026-05-12 00:00:00+00:00, run_after=2026-05-13 00:00:00+00:00
[2026-05-13T15:45:08.439+0000] {processor.py:183} INFO - Processing /opt/airflow/dags/abc_phones_etl_dag.py took 1.624 seconds
[2026-05-13T15:45:38.618+0000] {processor.py:161} INFO - Started process (PID=1258) to work on /opt/airflow/dags/abc_phones_etl_dag.py
[2026-05-13T15:45:38.622+0000] {processor.py:830} INFO - Processing file /opt/airflow/dags/abc_phones_etl_dag.py for tasks to queue
[2026-05-13T15:45:38.627+0000] {logging_mixin.py:188} INFO - [2026-05-13T15:45:38.627+0000] {dagbag.py:545} INFO - Filling up the DagBag from /opt/airflow/dags/abc_phones_etl_dag.py
[2026-05-13T15:45:39.783+0000] {processor.py:840} INFO - DAG(s) 'abc_phones_etl_pipeline' retrieved from /opt/airflow/dags/abc_phones_etl_dag.py
[2026-05-13T15:45:39.830+0000] {logging_mixin.py:188} INFO - [2026-05-13T15:45:39.830+0000] {dag.py:3089} INFO - Sync 1 DAGs
[2026-05-13T15:45:39.861+0000] {logging_mixin.py:188} INFO - [2026-05-13T15:45:39.861+0000] {dag.py:3947} INFO - Setting next_dagrun for abc_phones_etl_pipeline to 2026-05-12 00:00:00+00:00, run_after=2026-05-13 00:00:00+00:00
[2026-05-13T15:45:39.895+0000] {processor.py:183} INFO - Processing /opt/airflow/dags/abc_phones_etl_dag.py took 1.293 seconds
[2026-05-13T15:46:10.146+0000] {processor.py:161} INFO - Started process (PID=1260) to work on /opt/airflow/dags/abc_phones_etl_dag.py
[2026-05-13T15:46:10.147+0000] {processor.py:830} INFO - Processing file /opt/airflow/dags/abc_phones_etl_dag.py for tasks to queue
[2026-05-13T15:46:10.150+0000] {logging_mixin.py:188} INFO - [2026-05-13T15:46:10.150+0000] {dagbag.py:545} INFO - Filling up the DagBag from /opt/airflow/dags/abc_phones_etl_dag.py
[2026-05-13T15:46:11.292+0000] {processor.py:840} INFO - DAG(s) 'abc_phones_etl_pipeline' retrieved from /opt/airflow/dags/abc_phones_etl_dag.py
[2026-05-13T15:46:11.354+0000] {logging_mixin.py:188} INFO - [2026-05-13T15:46:11.353+0000] {dag.py:3089} INFO - Sync 1 DAGs
[2026-05-13T15:46:11.406+0000] {logging_mixin.py:188} INFO - [2026-05-13T15:46:11.406+0000] {dag.py:3947} INFO - Setting next_dagrun for abc_phones_etl_pipeline to 2026-05-12 00:00:00+00:00, run_after=2026-05-13 00:00:00+00:00
[2026-05-13T15:46:11.450+0000] {processor.py:183} INFO - Processing /opt/airflow/dags/abc_phones_etl_dag.py took 1.318 seconds
[2026-05-13T15:46:41.769+0000] {processor.py:161} INFO - Started process (PID=1262) to work on /opt/airflow/dags/abc_phones_etl_dag.py
[2026-05-13T15:46:41.773+0000] {processor.py:830} INFO - Processing file /opt/airflow/dags/abc_phones_etl_dag.py for tasks to queue
[2026-05-13T15:46:41.777+0000] {logging_mixin.py:188} INFO - [2026-05-13T15:46:41.776+0000] {dagbag.py:545} INFO - Filling up the DagBag from /opt/airflow/dags/abc_phones_etl_dag.py
[2026-05-13T15:46:43.415+0000] {processor.py:840} INFO - DAG(s) 'abc_phones_etl_pipeline' retrieved from /opt/airflow/dags/abc_phones_etl_dag.py
[2026-05-13T15:46:43.479+0000] {logging_mixin.py:188} INFO - [2026-05-13T15:46:43.478+0000] {dag.py:3089} INFO - Sync 1 DAGs
[2026-05-13T15:46:43.529+0000] {logging_mixin.py:188} INFO - [2026-05-13T15:46:43.529+0000] {dag.py:3947} INFO - Setting next_dagrun for abc_phones_etl_pipeline to 2026-05-12 00:00:00+00:00, run_after=2026-05-13 00:00:00+00:00
[2026-05-13T15:46:43.631+0000] {processor.py:183} INFO - Processing /opt/airflow/dags/abc_phones_etl_dag.py took 1.894 seconds
[2026-05-13T15:47:13.881+0000] {processor.py:161} INFO - Started process (PID=1264) to work on /opt/airflow/dags/abc_phones_etl_dag.py
[2026-05-13T15:47:13.883+0000] {processor.py:830} INFO - Processing file /opt/airflow/dags/abc_phones_etl_dag.py for tasks to queue
[2026-05-13T15:47:13.888+0000] {logging_mixin.py:188} INFO - [2026-05-13T15:47:13.887+0000] {dagbag.py:545} INFO - Filling up the DagBag from /opt/airflow/dags/abc_phones_etl_dag.py
[2026-05-13T15:47:15.095+0000] {processor.py:840} INFO - DAG(s) 'abc_phones_etl_pipeline' retrieved from /opt/airflow/dags/abc_phones_etl_dag.py
[2026-05-13T15:47:15.142+0000] {logging_mixin.py:188} INFO - [2026-05-13T15:47:15.142+0000] {dag.py:3089} INFO - Sync 1 DAGs
[2026-05-13T15:47:15.177+0000] {logging_mixin.py:188} INFO - [2026-05-13T15:47:15.177+0000] {dag.py:3947} INFO - Setting next_dagrun for abc_phones_etl_pipeline to 2026-05-12 00:00:00+00:00, run_after=2026-05-13 00:00:00+00:00
[2026-05-13T15:47:15.210+0000] {processor.py:183} INFO - Processing /opt/airflow/dags/abc_phones_etl_dag.py took 1.343 seconds
[2026-05-13T15:47:45.437+0000] {processor.py:161} INFO - Started process (PID=1271) to work on /opt/airflow/dags/abc_phones_etl_dag.py
[2026-05-13T15:47:45.439+0000] {processor.py:830} INFO - Processing file /opt/airflow/dags/abc_phones_etl_dag.py for tasks to queue
[2026-05-13T15:47:45.442+0000] {logging_mixin.py:188} INFO - [2026-05-13T15:47:45.442+0000] {dagbag.py:545} INFO - Filling up the DagBag from /opt/airflow/dags/abc_phones_etl_dag.py
[2026-05-13T15:47:46.297+0000] {processor.py:840} INFO - DAG(s) 'abc_phones_etl_pipeline' retrieved from /opt/airflow/dags/abc_phones_etl_dag.py
[2026-05-13T15:47:46.354+0000] {logging_mixin.py:188} INFO - [2026-05-13T15:47:46.354+0000] {dag.py:3089} INFO - Sync 1 DAGs
[2026-05-13T15:47:46.394+0000] {logging_mixin.py:188} INFO - [2026-05-13T15:47:46.393+0000] {dag.py:3947} INFO - Setting next_dagrun for abc_phones_etl_pipeline to 2026-05-13 00:00:00+00:00, run_after=2026-05-14 00:00:00+00:00
[2026-05-13T15:47:46.423+0000] {processor.py:183} INFO - Processing /opt/airflow/dags/abc_phones_etl_dag.py took 1.000 seconds
[2026-05-13T15:48:16.681+0000] {processor.py:161} INFO - Started process (PID=1274) to work on /opt/airflow/dags/abc_phones_etl_dag.py
[2026-05-13T15:48:16.682+0000] {processor.py:830} INFO - Processing file /opt/airflow/dags/abc_phones_etl_dag.py for tasks to queue
[2026-05-13T15:48:16.686+0000] {logging_mixin.py:188} INFO - [2026-05-13T15:48:16.686+0000] {dagbag.py:545} INFO - Filling up the DagBag from /opt/airflow/dags/abc_phones_etl_dag.py
[2026-05-13T15:48:17.884+0000] {processor.py:840} INFO - DAG(s) 'abc_phones_etl_pipeline' retrieved from /opt/airflow/dags/abc_phones_etl_dag.py
[2026-05-13T15:48:17.927+0000] {logging_mixin.py:188} INFO - [2026-05-13T15:48:17.926+0000] {dag.py:3089} INFO - Sync 1 DAGs
[2026-05-13T15:48:17.966+0000] {logging_mixin.py:188} INFO - [2026-05-13T15:48:17.966+0000] {dag.py:3947} INFO - Setting next_dagrun for abc_phones_etl_pipeline to 2026-05-13 00:00:00+00:00, run_after=2026-05-14 00:00:00+00:00
[2026-05-13T15:48:17.993+0000] {processor.py:183} INFO - Processing /opt/airflow/dags/abc_phones_etl_dag.py took 1.326 seconds
[2026-05-13T15:48:48.085+0000] {processor.py:161} INFO - Started process (PID=1282) to work on /opt/airflow/dags/abc_phones_etl_dag.py
[2026-05-13T15:48:48.087+0000] {processor.py:830} INFO - Processing file /opt/airflow/dags/abc_phones_etl_dag.py for tasks to queue
[2026-05-13T15:48:48.092+0000] {logging_mixin.py:188} INFO - [2026-05-13T15:48:48.091+0000] {dagbag.py:545} INFO - Filling up the DagBag from /opt/airflow/dags/abc_phones_etl_dag.py
[2026-05-13T15:48:49.192+0000] {processor.py:840} INFO - DAG(s) 'abc_phones_etl_pipeline' retrieved from /opt/airflow/dags/abc_phones_etl_dag.py
[2026-05-13T15:48:49.284+0000] {logging_mixin.py:188} INFO - [2026-05-13T15:48:49.284+0000] {dag.py:3089} INFO - Sync 1 DAGs
[2026-05-13T15:48:49.324+0000] {logging_mixin.py:188} INFO - [2026-05-13T15:48:49.324+0000] {dag.py:3947} INFO - Setting next_dagrun for abc_phones_etl_pipeline to 2026-05-12 00:00:00+00:00, run_after=2026-05-13 00:00:00+00:00
[2026-05-13T15:48:49.363+0000] {processor.py:183} INFO - Processing /opt/airflow/dags/abc_phones_etl_dag.py took 1.295 seconds
[2026-05-13T15:49:19.634+0000] {processor.py:161} INFO - Started process (PID=1290) to work on /opt/airflow/dags/abc_phones_etl_dag.py
[2026-05-13T15:49:19.636+0000] {processor.py:830} INFO - Processing file /opt/airflow/dags/abc_phones_etl_dag.py for tasks to queue
[2026-05-13T15:49:19.646+0000] {logging_mixin.py:188} INFO - [2026-05-13T15:49:19.646+0000] {dagbag.py:545} INFO - Filling up the DagBag from /opt/airflow/dags/abc_phones_etl_dag.py
[2026-05-13T15:49:21.059+0000] {processor.py:840} INFO - DAG(s) 'abc_phones_etl_pipeline' retrieved from /opt/airflow/dags/abc_phones_etl_dag.py
[2026-05-13T15:49:21.118+0000] {logging_mixin.py:188} INFO - [2026-05-13T15:49:21.117+0000] {dag.py:3089} INFO - Sync 1 DAGs
[2026-05-13T15:49:21.152+0000] {logging_mixin.py:188} INFO - [2026-05-13T15:49:21.152+0000] {dag.py:3947} INFO - Setting next_dagrun for abc_phones_etl_pipeline to 2026-05-13 00:00:00+00:00, run_after=2026-05-14 00:00:00+00:00
[2026-05-13T15:49:21.178+0000] {processor.py:183} INFO - Processing /opt/airflow/dags/abc_phones_etl_dag.py took 1.564 seconds
[2026-05-13T15:49:23.165+0000] {processor.py:161} INFO - Started process (PID=1292) to work on /opt/airflow/dags/abc_phones_etl_dag.py
[2026-05-13T15:49:23.169+0000] {processor.py:830} INFO - Processing file /opt/airflow/dags/abc_phones_etl_dag.py for tasks to queue
[2026-05-13T15:49:23.175+0000] {logging_mixin.py:188} INFO - [2026-05-13T15:49:23.174+0000] {dagbag.py:545} INFO - Filling up the DagBag from /opt/airflow/dags/abc_phones_etl_dag.py
[2026-05-13T15:49:24.551+0000] {processor.py:840} INFO - DAG(s) 'abc_phones_etl_pipeline' retrieved from /opt/airflow/dags/abc_phones_etl_dag.py
[2026-05-13T15:49:24.615+0000] {logging_mixin.py:188} INFO - [2026-05-13T15:49:24.615+0000] {dag.py:3089} INFO - Sync 1 DAGs
[2026-05-13T15:49:24.645+0000] {logging_mixin.py:188} INFO - [2026-05-13T15:49:24.645+0000] {dag.py:3947} INFO - Setting next_dagrun for abc_phones_etl_pipeline to 2026-05-13 00:00:00+00:00, run_after=2026-05-14 00:00:00+00:00
[2026-05-13T15:49:24.678+0000] {processor.py:183} INFO - Processing /opt/airflow/dags/abc_phones_etl_dag.py took 1.549 seconds
[2026-05-13T15:49:31.793+0000] {processor.py:161} INFO - Started process (PID=1294) to work on /opt/airflow/dags/abc_phones_etl_dag.py
[2026-05-13T15:49:31.796+0000] {processor.py:830} INFO - Processing file /opt/airflow/dags/abc_phones_etl_dag.py for tasks to queue
[2026-05-13T15:49:31.800+0000] {logging_mixin.py:188} INFO - [2026-05-13T15:49:31.800+0000] {dagbag.py:545} INFO - Filling up the DagBag from /opt/airflow/dags/abc_phones_etl_dag.py
[2026-05-13T15:49:32.812+0000] {processor.py:840} INFO - DAG(s) 'abc_phones_etl_pipeline' retrieved from /opt/airflow/dags/abc_phones_etl_dag.py
[2026-05-13T15:49:32.862+0000] {logging_mixin.py:188} INFO - [2026-05-13T15:49:32.861+0000] {dag.py:3089} INFO - Sync 1 DAGs
[2026-05-13T15:49:32.910+0000] {logging_mixin.py:188} INFO - [2026-05-13T15:49:32.910+0000] {dag.py:3947} INFO - Setting next_dagrun for abc_phones_etl_pipeline to 2026-05-13 00:00:00+00:00, run_after=2026-05-14 00:00:00+00:00
[2026-05-13T15:49:32.961+0000] {processor.py:183} INFO - Processing /opt/airflow/dags/abc_phones_etl_dag.py took 1.181 seconds
[2026-05-13T15:50:03.279+0000] {processor.py:161} INFO - Started process (PID=1296) to work on /opt/airflow/dags/abc_phones_etl_dag.py
[2026-05-13T15:50:03.281+0000] {processor.py:830} INFO - Processing file /opt/airflow/dags/abc_phones_etl_dag.py for tasks to queue
[2026-05-13T15:50:03.283+0000] {logging_mixin.py:188} INFO - [2026-05-13T15:50:03.283+0000] {dagbag.py:545} INFO - Filling up the DagBag from /opt/airflow/dags/abc_phones_etl_dag.py
[2026-05-13T15:50:04.160+0000] {processor.py:840} INFO - DAG(s) 'abc_phones_etl_pipeline' retrieved from /opt/airflow/dags/abc_phones_etl_dag.py
[2026-05-13T15:50:04.203+0000] {logging_mixin.py:188} INFO - [2026-05-13T15:50:04.202+0000] {dag.py:3089} INFO - Sync 1 DAGs
[2026-05-13T15:50:04.234+0000] {logging_mixin.py:188} INFO - [2026-05-13T15:50:04.234+0000] {dag.py:3947} INFO - Setting next_dagrun for abc_phones_etl_pipeline to 2026-05-13 00:00:00+00:00, run_after=2026-05-14 00:00:00+00:00
[2026-05-13T15:50:04.265+0000] {processor.py:183} INFO - Processing /opt/airflow/dags/abc_phones_etl_dag.py took 0.998 seconds
[2026-05-13T15:50:34.759+0000] {processor.py:161} INFO - Started process (PID=1298) to work on /opt/airflow/dags/abc_phones_etl_dag.py
[2026-05-13T15:50:34.760+0000] {processor.py:830} INFO - Processing file /opt/airflow/dags/abc_phones_etl_dag.py for tasks to queue
[2026-05-13T15:50:34.763+0000] {logging_mixin.py:188} INFO - [2026-05-13T15:50:34.762+0000] {dagbag.py:545} INFO - Filling up the DagBag from /opt/airflow/dags/abc_phones_etl_dag.py
[2026-05-13T15:50:36.334+0000] {processor.py:840} INFO - DAG(s) 'abc_phones_etl_pipeline' retrieved from /opt/airflow/dags/abc_phones_etl_dag.py
[2026-05-13T15:50:36.397+0000] {logging_mixin.py:188} INFO - [2026-05-13T15:50:36.396+0000] {dag.py:3089} INFO - Sync 1 DAGs
[2026-05-13T15:50:36.431+0000] {logging_mixin.py:188} INFO - [2026-05-13T15:50:36.431+0000] {dag.py:3947} INFO - Setting next_dagrun for abc_phones_etl_pipeline to 2026-05-13 00:00:00+00:00, run_after=2026-05-14 00:00:00+00:00
[2026-05-13T15:50:36.464+0000] {processor.py:183} INFO - Processing /opt/airflow/dags/abc_phones_etl_dag.py took 1.721 seconds
[2026-05-13T15:51:06.722+0000] {processor.py:161} INFO - Started process (PID=1300) to work on /opt/airflow/dags/abc_phones_etl_dag.py
[2026-05-13T15:51:06.724+0000] {processor.py:830} INFO - Processing file /opt/airflow/dags/abc_phones_etl_dag.py for tasks to queue
[2026-05-13T15:51:06.727+0000] {logging_mixin.py:188} INFO - [2026-05-13T15:51:06.726+0000] {dagbag.py:545} INFO - Filling up the DagBag from /opt/airflow/dags/abc_phones_etl_dag.py
[2026-05-13T15:51:07.997+0000] {processor.py:840} INFO - DAG(s) 'abc_phones_etl_pipeline' retrieved from /opt/airflow/dags/abc_phones_etl_dag.py
[2026-05-13T15:51:08.046+0000] {logging_mixin.py:188} INFO - [2026-05-13T15:51:08.045+0000] {dag.py:3089} INFO - Sync 1 DAGs
[2026-05-13T15:51:08.077+0000] {logging_mixin.py:188} INFO - [2026-05-13T15:51:08.077+0000] {dag.py:3947} INFO - Setting next_dagrun for abc_phones_etl_pipeline to 2026-05-13 00:00:00+00:00, run_after=2026-05-14 00:00:00+00:00
[2026-05-13T15:51:08.114+0000] {processor.py:183} INFO - Processing /opt/airflow/dags/abc_phones_etl_dag.py took 1.405 seconds
[2026-05-13T15:51:38.270+0000] {processor.py:161} INFO - Started process (PID=1302) to work on /opt/airflow/dags/abc_phones_etl_dag.py
[2026-05-13T15:51:38.272+0000] {processor.py:830} INFO - Processing file /opt/airflow/dags/abc_phones_etl_dag.py for tasks to queue
[2026-05-13T15:51:38.278+0000] {logging_mixin.py:188} INFO - [2026-05-13T15:51:38.277+0000] {dagbag.py:545} INFO - Filling up the DagBag from /opt/airflow/dags/abc_phones_etl_dag.py
[2026-05-13T15:51:39.267+0000] {processor.py:840} INFO - DAG(s) 'abc_phones_etl_pipeline' retrieved from /opt/airflow/dags/abc_phones_etl_dag.py
[2026-05-13T15:51:39.330+0000] {logging_mixin.py:188} INFO - [2026-05-13T15:51:39.329+0000] {dag.py:3089} INFO - Sync 1 DAGs
[2026-05-13T15:51:39.375+0000] {logging_mixin.py:188} INFO - [2026-05-13T15:51:39.375+0000] {dag.py:3947} INFO - Setting next_dagrun for abc_phones_etl_pipeline to 2026-05-13 00:00:00+00:00, run_after=2026-05-14 00:00:00+00:00
[2026-05-13T15:51:39.404+0000] {processor.py:183} INFO - Processing /opt/airflow/dags/abc_phones_etl_dag.py took 1.155 seconds
[2026-05-13T15:52:09.552+0000] {processor.py:161} INFO - Started process (PID=1316) to work on /opt/airflow/dags/abc_phones_etl_dag.py
[2026-05-13T15:52:09.554+0000] {processor.py:830} INFO - Processing file /opt/airflow/dags/abc_phones_etl_dag.py for tasks to queue
[2026-05-13T15:52:09.557+0000] {logging_mixin.py:188} INFO - [2026-05-13T15:52:09.556+0000] {dagbag.py:545} INFO - Filling up the DagBag from /opt/airflow/dags/abc_phones_etl_dag.py
[2026-05-13T15:52:10.383+0000] {processor.py:840} INFO - DAG(s) 'abc_phones_etl_pipeline' retrieved from /opt/airflow/dags/abc_phones_etl_dag.py
[2026-05-13T15:52:10.429+0000] {logging_mixin.py:188} INFO - [2026-05-13T15:52:10.428+0000] {dag.py:3089} INFO - Sync 1 DAGs
[2026-05-13T15:52:10.458+0000] {logging_mixin.py:188} INFO - [2026-05-13T15:52:10.458+0000] {dag.py:3947} INFO - Setting next_dagrun for abc_phones_etl_pipeline to 2026-05-13 00:00:00+00:00, run_after=2026-05-14 00:00:00+00:00
[2026-05-13T15:52:10.491+0000] {processor.py:183} INFO - Processing /opt/airflow/dags/abc_phones_etl_dag.py took 0.953 seconds
[2026-05-13T15:52:40.795+0000] {processor.py:161} INFO - Started process (PID=1337) to work on /opt/airflow/dags/abc_phones_etl_dag.py
[2026-05-13T15:52:40.797+0000] {processor.py:830} INFO - Processing file /opt/airflow/dags/abc_phones_etl_dag.py for tasks to queue
[2026-05-13T15:52:40.800+0000] {logging_mixin.py:188} INFO - [2026-05-13T15:52:40.800+0000] {dagbag.py:545} INFO - Filling up the DagBag from /opt/airflow/dags/abc_phones_etl_dag.py
[2026-05-13T15:52:42.062+0000] {processor.py:840} INFO - DAG(s) 'abc_phones_etl_pipeline' retrieved from /opt/airflow/dags/abc_phones_etl_dag.py
[2026-05-13T15:52:42.109+0000] {logging_mixin.py:188} INFO - [2026-05-13T15:52:42.108+0000] {dag.py:3089} INFO - Sync 1 DAGs
[2026-05-13T15:52:42.147+0000] {logging_mixin.py:188} INFO - [2026-05-13T15:52:42.146+0000] {dag.py:3947} INFO - Setting next_dagrun for abc_phones_etl_pipeline to 2026-05-13 00:00:00+00:00, run_after=2026-05-14 00:00:00+00:00
[2026-05-13T15:52:42.173+0000] {processor.py:183} INFO - Processing /opt/airflow/dags/abc_phones_etl_dag.py took 1.392 seconds
[2026-05-13T15:53:12.392+0000] {processor.py:161} INFO - Started process (PID=1350) to work on /opt/airflow/dags/abc_phones_etl_dag.py
[2026-05-13T15:53:12.394+0000] {processor.py:830} INFO - Processing file /opt/airflow/dags/abc_phones_etl_dag.py for tasks to queue
[2026-05-13T15:53:12.396+0000] {logging_mixin.py:188} INFO - [2026-05-13T15:53:12.396+0000] {dagbag.py:545} INFO - Filling up the DagBag from /opt/airflow/dags/abc_phones_etl_dag.py
[2026-05-13T15:53:13.417+0000] {processor.py:840} INFO - DAG(s) 'abc_phones_etl_pipeline' retrieved from /opt/airflow/dags/abc_phones_etl_dag.py
[2026-05-13T15:53:13.471+0000] {logging_mixin.py:188} INFO - [2026-05-13T15:53:13.470+0000] {dag.py:3089} INFO - Sync 1 DAGs
[2026-05-13T15:53:13.512+0000] {logging_mixin.py:188} INFO - [2026-05-13T15:53:13.511+0000] {dag.py:3947} INFO - Setting next_dagrun for abc_phones_etl_pipeline to 2026-05-13 00:00:00+00:00, run_after=2026-05-14 00:00:00+00:00
[2026-05-13T15:53:13.550+0000] {processor.py:183} INFO - Processing /opt/airflow/dags/abc_phones_etl_dag.py took 1.169 seconds
[2026-05-13T15:53:43.661+0000] {processor.py:161} INFO - Started process (PID=1352) to work on /opt/airflow/dags/abc_phones_etl_dag.py
[2026-05-13T15:53:43.662+0000] {processor.py:830} INFO - Processing file /opt/airflow/dags/abc_phones_etl_dag.py for tasks to queue
[2026-05-13T15:53:43.665+0000] {logging_mixin.py:188} INFO - [2026-05-13T15:53:43.665+0000] {dagbag.py:545} INFO - Filling up the DagBag from /opt/airflow/dags/abc_phones_etl_dag.py
[2026-05-13T15:53:44.476+0000] {processor.py:840} INFO - DAG(s) 'abc_phones_etl_pipeline' retrieved from /opt/airflow/dags/abc_phones_etl_dag.py
[2026-05-13T15:53:44.513+0000] {logging_mixin.py:188} INFO - [2026-05-13T15:53:44.512+0000] {dag.py:3089} INFO - Sync 1 DAGs
[2026-05-13T15:53:44.541+0000] {logging_mixin.py:188} INFO - [2026-05-13T15:53:44.541+0000] {dag.py:3947} INFO - Setting next_dagrun for abc_phones_etl_pipeline to 2026-05-13 00:00:00+00:00, run_after=2026-05-14 00:00:00+00:00
[2026-05-13T15:53:44.571+0000] {processor.py:183} INFO - Processing /opt/airflow/dags/abc_phones_etl_dag.py took 0.924 seconds
[2026-05-13T15:54:14.833+0000] {processor.py:161} INFO - Started process (PID=1354) to work on /opt/airflow/dags/abc_phones_etl_dag.py
[2026-05-13T15:54:14.835+0000] {processor.py:830} INFO - Processing file /opt/airflow/dags/abc_phones_etl_dag.py for tasks to queue
[2026-05-13T15:54:14.838+0000] {logging_mixin.py:188} INFO - [2026-05-13T15:54:14.837+0000] {dagbag.py:545} INFO - Filling up the DagBag from /opt/airflow/dags/abc_phones_etl_dag.py
[2026-05-13T15:54:15.683+0000] {processor.py:840} INFO - DAG(s) 'abc_phones_etl_pipeline' retrieved from /opt/airflow/dags/abc_phones_etl_dag.py
[2026-05-13T15:54:15.717+0000] {logging_mixin.py:188} INFO - [2026-05-13T15:54:15.716+0000] {dag.py:3089} INFO - Sync 1 DAGs
[2026-05-13T15:54:15.742+0000] {logging_mixin.py:188} INFO - [2026-05-13T15:54:15.742+0000] {dag.py:3947} INFO - Setting next_dagrun for abc_phones_etl_pipeline to 2026-05-13 00:00:00+00:00, run_after=2026-05-14 00:00:00+00:00
[2026-05-13T15:54:15.767+0000] {processor.py:183} INFO - Processing /opt/airflow/dags/abc_phones_etl_dag.py took 0.945 seconds
[2026-05-13T15:54:46.018+0000] {processor.py:161} INFO - Started process (PID=1356) to work on /opt/airflow/dags/abc_phones_etl_dag.py
[2026-05-13T15:54:46.020+0000] {processor.py:830} INFO - Processing file /opt/airflow/dags/abc_phones_etl_dag.py for tasks to queue
[2026-05-13T15:54:46.022+0000] {logging_mixin.py:188} INFO - [2026-05-13T15:54:46.022+0000] {dagbag.py:545} INFO - Filling up the DagBag from /opt/airflow/dags/abc_phones_etl_dag.py
[2026-05-13T15:54:46.807+0000] {processor.py:840} INFO - DAG(s) 'abc_phones_etl_pipeline' retrieved from /opt/airflow/dags/abc_phones_etl_dag.py
[2026-05-13T15:54:46.847+0000] {logging_mixin.py:188} INFO - [2026-05-13T15:54:46.846+0000] {dag.py:3089} INFO - Sync 1 DAGs
[2026-05-13T15:54:46.872+0000] {logging_mixin.py:188} INFO - [2026-05-13T15:54:46.871+0000] {dag.py:3947} INFO - Setting next_dagrun for abc_phones_etl_pipeline to 2026-05-13 00:00:00+00:00, run_after=2026-05-14 00:00:00+00:00
[2026-05-13T15:54:46.894+0000] {processor.py:183} INFO - Processing /opt/airflow/dags/abc_phones_etl_dag.py took 0.885 seconds
[2026-05-13T15:55:17.154+0000] {processor.py:161} INFO - Started process (PID=1358) to work on /opt/airflow/dags/abc_phones_etl_dag.py
[2026-05-13T15:55:17.155+0000] {processor.py:830} INFO - Processing file /opt/airflow/dags/abc_phones_etl_dag.py for tasks to queue
[2026-05-13T15:55:17.161+0000] {logging_mixin.py:188} INFO - [2026-05-13T15:55:17.160+0000] {dagbag.py:545} INFO - Filling up the DagBag from /opt/airflow/dags/abc_phones_etl_dag.py
[2026-05-13T15:55:17.945+0000] {processor.py:840} INFO - DAG(s) 'abc_phones_etl_pipeline' retrieved from /opt/airflow/dags/abc_phones_etl_dag.py
[2026-05-13T15:55:17.986+0000] {logging_mixin.py:188} INFO - [2026-05-13T15:55:17.985+0000] {dag.py:3089} INFO - Sync 1 DAGs
[2026-05-13T15:55:18.007+0000] {logging_mixin.py:188} INFO - [2026-05-13T15:55:18.007+0000] {dag.py:3947} INFO - Setting next_dagrun for abc_phones_etl_pipeline to 2026-05-13 00:00:00+00:00, run_after=2026-05-14 00:00:00+00:00
[2026-05-13T15:55:18.029+0000] {processor.py:183} INFO - Processing /opt/airflow/dags/abc_phones_etl_dag.py took 0.889 seconds
[2026-05-13T15:55:48.267+0000] {processor.py:161} INFO - Started process (PID=1360) to work on /opt/airflow/dags/abc_phones_etl_dag.py
[2026-05-13T15:55:48.269+0000] {processor.py:830} INFO - Processing file /opt/airflow/dags/abc_phones_etl_dag.py for tasks to queue
[2026-05-13T15:55:48.272+0000] {logging_mixin.py:188} INFO - [2026-05-13T15:55:48.272+0000] {dagbag.py:545} INFO - Filling up the DagBag from /opt/airflow/dags/abc_phones_etl_dag.py
[2026-05-13T15:55:48.975+0000] {processor.py:840} INFO - DAG(s) 'abc_phones_etl_pipeline' retrieved from /opt/airflow/dags/abc_phones_etl_dag.py
[2026-05-13T15:55:49.008+0000] {logging_mixin.py:188} INFO - [2026-05-13T15:55:49.007+0000] {dag.py:3089} INFO - Sync 1 DAGs
[2026-05-13T15:55:49.031+0000] {logging_mixin.py:188} INFO - [2026-05-13T15:55:49.031+0000] {dag.py:3947} INFO - Setting next_dagrun for abc_phones_etl_pipeline to 2026-05-13 00:00:00+00:00, run_after=2026-05-14 00:00:00+00:00
[2026-05-13T15:55:49.058+0000] {processor.py:183} INFO - Processing /opt/airflow/dags/abc_phones_etl_dag.py took 0.801 seconds
[2026-05-13T15:56:19.301+0000] {processor.py:161} INFO - Started process (PID=1362) to work on /opt/airflow/dags/abc_phones_etl_dag.py
[2026-05-13T15:56:19.302+0000] {processor.py:830} INFO - Processing file /opt/airflow/dags/abc_phones_etl_dag.py for tasks to queue
[2026-05-13T15:56:19.305+0000] {logging_mixin.py:188} INFO - [2026-05-13T15:56:19.305+0000] {dagbag.py:545} INFO - Filling up the DagBag from /opt/airflow/dags/abc_phones_etl_dag.py
[2026-05-13T15:56:19.977+0000] {processor.py:840} INFO - DAG(s) 'abc_phones_etl_pipeline' retrieved from /opt/airflow/dags/abc_phones_etl_dag.py
[2026-05-13T15:56:20.012+0000] {logging_mixin.py:188} INFO - [2026-05-13T15:56:20.011+0000] {dag.py:3089} INFO - Sync 1 DAGs
[2026-05-13T15:56:20.035+0000] {logging_mixin.py:188} INFO - [2026-05-13T15:56:20.035+0000] {dag.py:3947} INFO - Setting next_dagrun for abc_phones_etl_pipeline to 2026-05-13 00:00:00+00:00, run_after=2026-05-14 00:00:00+00:00
[2026-05-13T15:56:20.063+0000] {processor.py:183} INFO - Processing /opt/airflow/dags/abc_phones_etl_dag.py took 0.772 seconds
[2026-05-13T15:56:50.440+0000] {processor.py:161} INFO - Started process (PID=1364) to work on /opt/airflow/dags/abc_phones_etl_dag.py
[2026-05-13T15:56:50.443+0000] {processor.py:830} INFO - Processing file /opt/airflow/dags/abc_phones_etl_dag.py for tasks to queue
[2026-05-13T15:56:50.456+0000] {logging_mixin.py:188} INFO - [2026-05-13T15:56:50.456+0000] {dagbag.py:545} INFO - Filling up the DagBag from /opt/airflow/dags/abc_phones_etl_dag.py
[2026-05-13T15:56:51.317+0000] {processor.py:840} INFO - DAG(s) 'abc_phones_etl_pipeline' retrieved from /opt/airflow/dags/abc_phones_etl_dag.py
[2026-05-13T15:56:51.352+0000] {logging_mixin.py:188} INFO - [2026-05-13T15:56:51.352+0000] {dag.py:3089} INFO - Sync 1 DAGs
[2026-05-13T15:56:51.379+0000] {logging_mixin.py:188} INFO - [2026-05-13T15:56:51.379+0000] {dag.py:3947} INFO - Setting next_dagrun for abc_phones_etl_pipeline to 2026-05-13 00:00:00+00:00, run_after=2026-05-14 00:00:00+00:00
[2026-05-13T15:56:51.407+0000] {processor.py:183} INFO - Processing /opt/airflow/dags/abc_phones_etl_dag.py took 0.989 seconds
[2026-05-13T15:57:21.635+0000] {processor.py:161} INFO - Started process (PID=1366) to work on /opt/airflow/dags/abc_phones_etl_dag.py
[2026-05-13T15:57:21.637+0000] {processor.py:830} INFO - Processing file /opt/airflow/dags/abc_phones_etl_dag.py for tasks to queue
[2026-05-13T15:57:21.640+0000] {logging_mixin.py:188} INFO - [2026-05-13T15:57:21.640+0000] {dagbag.py:545} INFO - Filling up the DagBag from /opt/airflow/dags/abc_phones_etl_dag.py
[2026-05-13T15:57:22.383+0000] {processor.py:840} INFO - DAG(s) 'abc_phones_etl_pipeline' retrieved from /opt/airflow/dags/abc_phones_etl_dag.py
[2026-05-13T15:57:22.415+0000] {logging_mixin.py:188} INFO - [2026-05-13T15:57:22.415+0000] {dag.py:3089} INFO - Sync 1 DAGs
[2026-05-13T15:57:22.440+0000] {logging_mixin.py:188} INFO - [2026-05-13T15:57:22.440+0000] {dag.py:3947} INFO - Setting next_dagrun for abc_phones_etl_pipeline to 2026-05-13 00:00:00+00:00, run_after=2026-05-14 00:00:00+00:00
[2026-05-13T15:57:22.466+0000] {processor.py:183} INFO - Processing /opt/airflow/dags/abc_phones_etl_dag.py took 0.842 seconds
[2026-05-13T15:57:52.700+0000] {processor.py:161} INFO - Started process (PID=1374) to work on /opt/airflow/dags/abc_phones_etl_dag.py
[2026-05-13T15:57:52.701+0000] {processor.py:830} INFO - Processing file /opt/airflow/dags/abc_phones_etl_dag.py for tasks to queue
[2026-05-13T15:57:52.704+0000] {logging_mixin.py:188} INFO - [2026-05-13T15:57:52.703+0000] {dagbag.py:545} INFO - Filling up the DagBag from /opt/airflow/dags/abc_phones_etl_dag.py
[2026-05-13T15:57:53.590+0000] {processor.py:840} INFO - DAG(s) 'abc_phones_etl_pipeline' retrieved from /opt/airflow/dags/abc_phones_etl_dag.py
[2026-05-13T15:57:53.625+0000] {logging_mixin.py:188} INFO - [2026-05-13T15:57:53.624+0000] {dag.py:3089} INFO - Sync 1 DAGs
[2026-05-13T15:57:53.646+0000] {logging_mixin.py:188} INFO - [2026-05-13T15:57:53.646+0000] {dag.py:3947} INFO - Setting next_dagrun for abc_phones_etl_pipeline to 2026-05-13 00:00:00+00:00, run_after=2026-05-14 00:00:00+00:00
[2026-05-13T15:57:53.674+0000] {processor.py:183} INFO - Processing /opt/airflow/dags/abc_phones_etl_dag.py took 0.983 seconds
[2026-05-13T15:58:23.957+0000] {processor.py:161} INFO - Started process (PID=1382) to work on /opt/airflow/dags/abc_phones_etl_dag.py
[2026-05-13T15:58:23.959+0000] {processor.py:830} INFO - Processing file /opt/airflow/dags/abc_phones_etl_dag.py for tasks to queue
[2026-05-13T15:58:23.961+0000] {logging_mixin.py:188} INFO - [2026-05-13T15:58:23.961+0000] {dagbag.py:545} INFO - Filling up the DagBag from /opt/airflow/dags/abc_phones_etl_dag.py
[2026-05-13T15:58:24.665+0000] {processor.py:840} INFO - DAG(s) 'abc_phones_etl_pipeline' retrieved from /opt/airflow/dags/abc_phones_etl_dag.py
[2026-05-13T15:58:24.699+0000] {logging_mixin.py:188} INFO - [2026-05-13T15:58:24.698+0000] {dag.py:3089} INFO - Sync 1 DAGs
[2026-05-13T15:58:24.719+0000] {logging_mixin.py:188} INFO - [2026-05-13T15:58:24.719+0000] {dag.py:3947} INFO - Setting next_dagrun for abc_phones_etl_pipeline to 2026-05-12 00:00:00+00:00, run_after=2026-05-13 00:00:00+00:00
[2026-05-13T15:58:24.748+0000] {processor.py:183} INFO - Processing /opt/airflow/dags/abc_phones_etl_dag.py took 0.803 seconds
[2026-05-13T15:58:54.990+0000] {processor.py:161} INFO - Started process (PID=1384) to work on /opt/airflow/dags/abc_phones_etl_dag.py
[2026-05-13T15:58:54.991+0000] {processor.py:830} INFO - Processing file /opt/airflow/dags/abc_phones_etl_dag.py for tasks to queue
[2026-05-13T15:58:54.994+0000] {logging_mixin.py:188} INFO - [2026-05-13T15:58:54.993+0000] {dagbag.py:545} INFO - Filling up the DagBag from /opt/airflow/dags/abc_phones_etl_dag.py
[2026-05-13T15:58:55.713+0000] {processor.py:840} INFO - DAG(s) 'abc_phones_etl_pipeline' retrieved from /opt/airflow/dags/abc_phones_etl_dag.py
[2026-05-13T15:58:55.742+0000] {logging_mixin.py:188} INFO - [2026-05-13T15:58:55.742+0000] {dag.py:3089} INFO - Sync 1 DAGs
[2026-05-13T15:58:55.765+0000] {logging_mixin.py:188} INFO - [2026-05-13T15:58:55.765+0000] {dag.py:3947} INFO - Setting next_dagrun for abc_phones_etl_pipeline to 2026-05-12 00:00:00+00:00, run_after=2026-05-13 00:00:00+00:00
[2026-05-13T15:58:55.799+0000] {processor.py:183} INFO - Processing /opt/airflow/dags/abc_phones_etl_dag.py took 0.818 seconds
[2026-05-13T15:59:26.022+0000] {processor.py:161} INFO - Started process (PID=1386) to work on /opt/airflow/dags/abc_phones_etl_dag.py
[2026-05-13T15:59:26.024+0000] {processor.py:830} INFO - Processing file /opt/airflow/dags/abc_phones_etl_dag.py for tasks to queue
[2026-05-13T15:59:26.026+0000] {logging_mixin.py:188} INFO - [2026-05-13T15:59:26.026+0000] {dagbag.py:545} INFO - Filling up the DagBag from /opt/airflow/dags/abc_phones_etl_dag.py
[2026-05-13T15:59:26.619+0000] {processor.py:840} INFO - DAG(s) 'abc_phones_etl_pipeline' retrieved from /opt/airflow/dags/abc_phones_etl_dag.py
[2026-05-13T15:59:26.662+0000] {logging_mixin.py:188} INFO - [2026-05-13T15:59:26.662+0000] {dag.py:3089} INFO - Sync 1 DAGs
[2026-05-13T15:59:26.692+0000] {logging_mixin.py:188} INFO - [2026-05-13T15:59:26.692+0000] {dag.py:3947} INFO - Setting next_dagrun for abc_phones_etl_pipeline to 2026-05-12 00:00:00+00:00, run_after=2026-05-13 00:00:00+00:00
[2026-05-13T15:59:26.713+0000] {processor.py:183} INFO - Processing /opt/airflow/dags/abc_phones_etl_dag.py took 0.699 seconds
[2026-05-13T15:59:56.920+0000] {processor.py:161} INFO - Started process (PID=1388) to work on /opt/airflow/dags/abc_phones_etl_dag.py
[2026-05-13T15:59:56.922+0000] {processor.py:830} INFO - Processing file /opt/airflow/dags/abc_phones_etl_dag.py for tasks to queue
[2026-05-13T15:59:56.924+0000] {logging_mixin.py:188} INFO - [2026-05-13T15:59:56.924+0000] {dagbag.py:545} INFO - Filling up the DagBag from /opt/airflow/dags/abc_phones_etl_dag.py
[2026-05-13T15:59:57.579+0000] {processor.py:840} INFO - DAG(s) 'abc_phones_etl_pipeline' retrieved from /opt/airflow/dags/abc_phones_etl_dag.py
[2026-05-13T15:59:57.613+0000] {logging_mixin.py:188} INFO - [2026-05-13T15:59:57.612+0000] {dag.py:3089} INFO - Sync 1 DAGs
[2026-05-13T15:59:57.637+0000] {logging_mixin.py:188} INFO - [2026-05-13T15:59:57.636+0000] {dag.py:3947} INFO - Setting next_dagrun for abc_phones_etl_pipeline to 2026-05-12 00:00:00+00:00, run_after=2026-05-13 00:00:00+00:00
[2026-05-13T15:59:57.665+0000] {processor.py:183} INFO - Processing /opt/airflow/dags/abc_phones_etl_dag.py took 0.754 seconds
[2026-05-13T16:00:28.024+0000] {processor.py:161} INFO - Started process (PID=1390) to work on /opt/airflow/dags/abc_phones_etl_dag.py
[2026-05-13T16:00:28.026+0000] {processor.py:830} INFO - Processing file /opt/airflow/dags/abc_phones_etl_dag.py for tasks to queue
[2026-05-13T16:00:28.030+0000] {logging_mixin.py:188} INFO - [2026-05-13T16:00:28.029+0000] {dagbag.py:545} INFO - Filling up the DagBag from /opt/airflow/dags/abc_phones_etl_dag.py
[2026-05-13T16:00:29.175+0000] {processor.py:840} INFO - DAG(s) 'abc_phones_etl_pipeline' retrieved from /opt/airflow/dags/abc_phones_etl_dag.py
[2026-05-13T16:00:29.226+0000] {logging_mixin.py:188} INFO - [2026-05-13T16:00:29.225+0000] {dag.py:3089} INFO - Sync 1 DAGs
[2026-05-13T16:00:29.271+0000] {logging_mixin.py:188} INFO - [2026-05-13T16:00:29.270+0000] {dag.py:3947} INFO - Setting next_dagrun for abc_phones_etl_pipeline to 2026-05-12 00:00:00+00:00, run_after=2026-05-13 00:00:00+00:00
[2026-05-13T16:00:29.321+0000] {processor.py:183} INFO - Processing /opt/airflow/dags/abc_phones_etl_dag.py took 1.329 seconds
[2026-05-13T16:00:59.652+0000] {processor.py:161} INFO - Started process (PID=1392) to work on /opt/airflow/dags/abc_phones_etl_dag.py
[2026-05-13T16:00:59.654+0000] {processor.py:830} INFO - Processing file /opt/airflow/dags/abc_phones_etl_dag.py for tasks to queue
[2026-05-13T16:00:59.657+0000] {logging_mixin.py:188} INFO - [2026-05-13T16:00:59.657+0000] {dagbag.py:545} INFO - Filling up the DagBag from /opt/airflow/dags/abc_phones_etl_dag.py
[2026-05-13T16:01:00.563+0000] {processor.py:840} INFO - DAG(s) 'abc_phones_etl_pipeline' retrieved from /opt/airflow/dags/abc_phones_etl_dag.py
[2026-05-13T16:01:00.685+0000] {logging_mixin.py:188} INFO - [2026-05-13T16:01:00.684+0000] {dag.py:3089} INFO - Sync 1 DAGs
[2026-05-13T16:01:00.787+0000] {logging_mixin.py:188} INFO - [2026-05-13T16:01:00.786+0000] {dag.py:3947} INFO - Setting next_dagrun for abc_phones_etl_pipeline to 2026-05-12 00:00:00+00:00, run_after=2026-05-13 00:00:00+00:00
[2026-05-13T16:01:00.889+0000] {processor.py:183} INFO - Processing /opt/airflow/dags/abc_phones_etl_dag.py took 1.251 seconds
[2026-05-13T16:01:31.219+0000] {processor.py:161} INFO - Started process (PID=1394) to work on /opt/airflow/dags/abc_phones_etl_dag.py
[2026-05-13T16:01:31.220+0000] {processor.py:830} INFO - Processing file /opt/airflow/dags/abc_phones_etl_dag.py for tasks to queue
[2026-05-13T16:01:31.222+0000] {logging_mixin.py:188} INFO - [2026-05-13T16:01:31.222+0000] {dagbag.py:545} INFO - Filling up the DagBag from /opt/airflow/dags/abc_phones_etl_dag.py
[2026-05-13T16:01:31.837+0000] {processor.py:840} INFO - DAG(s) 'abc_phones_etl_pipeline' retrieved from /opt/airflow/dags/abc_phones_etl_dag.py
[2026-05-13T16:01:31.886+0000] {logging_mixin.py:188} INFO - [2026-05-13T16:01:31.885+0000] {dag.py:3089} INFO - Sync 1 DAGs
[2026-05-13T16:01:31.910+0000] {logging_mixin.py:188} INFO - [2026-05-13T16:01:31.910+0000] {dag.py:3947} INFO - Setting next_dagrun for abc_phones_etl_pipeline to 2026-05-12 00:00:00+00:00, run_after=2026-05-13 00:00:00+00:00
[2026-05-13T16:01:31.947+0000] {processor.py:183} INFO - Processing /opt/airflow/dags/abc_phones_etl_dag.py took 0.737 seconds
[2026-05-13T16:02:02.021+0000] {processor.py:161} INFO - Started process (PID=1396) to work on /opt/airflow/dags/abc_phones_etl_dag.py
[2026-05-13T16:02:02.024+0000] {processor.py:830} INFO - Processing file /opt/airflow/dags/abc_phones_etl_dag.py for tasks to queue
[2026-05-13T16:02:02.027+0000] {logging_mixin.py:188} INFO - [2026-05-13T16:02:02.027+0000] {dagbag.py:545} INFO - Filling up the DagBag from /opt/airflow/dags/abc_phones_etl_dag.py
[2026-05-13T16:02:03.189+0000] {processor.py:840} INFO - DAG(s) 'abc_phones_etl_pipeline' retrieved from /opt/airflow/dags/abc_phones_etl_dag.py
[2026-05-13T16:02:03.323+0000] {logging_mixin.py:188} INFO - [2026-05-13T16:02:03.322+0000] {dag.py:3089} INFO - Sync 1 DAGs
[2026-05-13T16:02:03.414+0000] {logging_mixin.py:188} INFO - [2026-05-13T16:02:03.413+0000] {dag.py:3947} INFO - Setting next_dagrun for abc_phones_etl_pipeline to 2026-05-12 00:00:00+00:00, run_after=2026-05-13 00:00:00+00:00
[2026-05-13T16:02:03.470+0000] {processor.py:183} INFO - Processing /opt/airflow/dags/abc_phones_etl_dag.py took 1.462 seconds
[2026-05-13T16:02:33.732+0000] {processor.py:161} INFO - Started process (PID=1398) to work on /opt/airflow/dags/abc_phones_etl_dag.py
[2026-05-13T16:02:33.734+0000] {processor.py:830} INFO - Processing file /opt/airflow/dags/abc_phones_etl_dag.py for tasks to queue
[2026-05-13T16:02:33.738+0000] {logging_mixin.py:188} INFO - [2026-05-13T16:02:33.738+0000] {dagbag.py:545} INFO - Filling up the DagBag from /opt/airflow/dags/abc_phones_etl_dag.py
[2026-05-13T16:02:34.546+0000] {processor.py:840} INFO - DAG(s) 'abc_phones_etl_pipeline' retrieved from /opt/airflow/dags/abc_phones_etl_dag.py
[2026-05-13T16:02:34.598+0000] {logging_mixin.py:188} INFO - [2026-05-13T16:02:34.598+0000] {dag.py:3089} INFO - Sync 1 DAGs
[2026-05-13T16:02:34.633+0000] {logging_mixin.py:188} INFO - [2026-05-13T16:02:34.632+0000] {dag.py:3947} INFO - Setting next_dagrun for abc_phones_etl_pipeline to 2026-05-12 00:00:00+00:00, run_after=2026-05-13 00:00:00+00:00
[2026-05-13T16:02:34.666+0000] {processor.py:183} INFO - Processing /opt/airflow/dags/abc_phones_etl_dag.py took 0.947 seconds
[2026-05-13T16:03:04.891+0000] {processor.py:161} INFO - Started process (PID=1400) to work on /opt/airflow/dags/abc_phones_etl_dag.py
[2026-05-13T16:03:04.893+0000] {processor.py:830} INFO - Processing file /opt/airflow/dags/abc_phones_etl_dag.py for tasks to queue
[2026-05-13T16:03:04.895+0000] {logging_mixin.py:188} INFO - [2026-05-13T16:03:04.895+0000] {dagbag.py:545} INFO - Filling up the DagBag from /opt/airflow/dags/abc_phones_etl_dag.py
[2026-05-13T16:03:05.747+0000] {processor.py:840} INFO - DAG(s) 'abc_phones_etl_pipeline' retrieved from /opt/airflow/dags/abc_phones_etl_dag.py
[2026-05-13T16:03:05.783+0000] {logging_mixin.py:188} INFO - [2026-05-13T16:03:05.782+0000] {dag.py:3089} INFO - Sync 1 DAGs
[2026-05-13T16:03:05.810+0000] {logging_mixin.py:188} INFO - [2026-05-13T16:03:05.810+0000] {dag.py:3947} INFO - Setting next_dagrun for abc_phones_etl_pipeline to 2026-05-12 00:00:00+00:00, run_after=2026-05-13 00:00:00+00:00
[2026-05-13T16:03:05.838+0000] {processor.py:183} INFO - Processing /opt/airflow/dags/abc_phones_etl_dag.py took 0.957 seconds
[2026-05-13T16:03:36.087+0000] {processor.py:161} INFO - Started process (PID=1402) to work on /opt/airflow/dags/abc_phones_etl_dag.py
[2026-05-13T16:03:36.088+0000] {processor.py:830} INFO - Processing file /opt/airflow/dags/abc_phones_etl_dag.py for tasks to queue
[2026-05-13T16:03:36.091+0000] {logging_mixin.py:188} INFO - [2026-05-13T16:03:36.090+0000] {dagbag.py:545} INFO - Filling up the DagBag from /opt/airflow/dags/abc_phones_etl_dag.py
[2026-05-13T16:03:37.101+0000] {processor.py:840} INFO - DAG(s) 'abc_phones_etl_pipeline' retrieved from /opt/airflow/dags/abc_phones_etl_dag.py
[2026-05-13T16:03:37.178+0000] {logging_mixin.py:188} INFO - [2026-05-13T16:03:37.177+0000] {dag.py:3089} INFO - Sync 1 DAGs
[2026-05-13T16:03:37.212+0000] {logging_mixin.py:188} INFO - [2026-05-13T16:03:37.212+0000] {dag.py:3947} INFO - Setting next_dagrun for abc_phones_etl_pipeline to 2026-05-12 00:00:00+00:00, run_after=2026-05-13 00:00:00+00:00
[2026-05-13T16:03:37.238+0000] {processor.py:183} INFO - Processing /opt/airflow/dags/abc_phones_etl_dag.py took 1.166 seconds
[2026-05-13T16:04:07.470+0000] {processor.py:161} INFO - Started process (PID=1404) to work on /opt/airflow/dags/abc_phones_etl_dag.py
[2026-05-13T16:04:07.471+0000] {processor.py:830} INFO - Processing file /opt/airflow/dags/abc_phones_etl_dag.py for tasks to queue
[2026-05-13T16:04:07.474+0000] {logging_mixin.py:188} INFO - [2026-05-13T16:04:07.473+0000] {dagbag.py:545} INFO - Filling up the DagBag from /opt/airflow/dags/abc_phones_etl_dag.py
[2026-05-13T16:04:08.230+0000] {processor.py:840} INFO - DAG(s) 'abc_phones_etl_pipeline' retrieved from /opt/airflow/dags/abc_phones_etl_dag.py
[2026-05-13T16:04:08.276+0000] {logging_mixin.py:188} INFO - [2026-05-13T16:04:08.275+0000] {dag.py:3089} INFO - Sync 1 DAGs
[2026-05-13T16:04:08.302+0000] {logging_mixin.py:188} INFO - [2026-05-13T16:04:08.302+0000] {dag.py:3947} INFO - Setting next_dagrun for abc_phones_etl_pipeline to 2026-05-12 00:00:00+00:00, run_after=2026-05-13 00:00:00+00:00
[2026-05-13T16:04:08.330+0000] {processor.py:183} INFO - Processing /opt/airflow/dags/abc_phones_etl_dag.py took 0.873 seconds
[2026-05-13T16:04:38.464+0000] {processor.py:161} INFO - Started process (PID=1406) to work on /opt/airflow/dags/abc_phones_etl_dag.py
[2026-05-13T16:04:38.465+0000] {processor.py:830} INFO - Processing file /opt/airflow/dags/abc_phones_etl_dag.py for tasks to queue
[2026-05-13T16:04:38.468+0000] {logging_mixin.py:188} INFO - [2026-05-13T16:04:38.468+0000] {dagbag.py:545} INFO - Filling up the DagBag from /opt/airflow/dags/abc_phones_etl_dag.py
[2026-05-13T16:04:39.401+0000] {processor.py:840} INFO - DAG(s) 'abc_phones_etl_pipeline' retrieved from /opt/airflow/dags/abc_phones_etl_dag.py
[2026-05-13T16:04:39.469+0000] {logging_mixin.py:188} INFO - [2026-05-13T16:04:39.469+0000] {dag.py:3089} INFO - Sync 1 DAGs
[2026-05-13T16:04:39.516+0000] {logging_mixin.py:188} INFO - [2026-05-13T16:04:39.515+0000] {dag.py:3947} INFO - Setting next_dagrun for abc_phones_etl_pipeline to 2026-05-12 00:00:00+00:00, run_after=2026-05-13 00:00:00+00:00
[2026-05-13T16:04:39.557+0000] {processor.py:183} INFO - Processing /opt/airflow/dags/abc_phones_etl_dag.py took 1.107 seconds
[2026-05-13T16:05:09.776+0000] {processor.py:161} INFO - Started process (PID=1408) to work on /opt/airflow/dags/abc_phones_etl_dag.py
[2026-05-13T16:05:09.777+0000] {processor.py:830} INFO - Processing file /opt/airflow/dags/abc_phones_etl_dag.py for tasks to queue
[2026-05-13T16:05:09.780+0000] {logging_mixin.py:188} INFO - [2026-05-13T16:05:09.779+0000] {dagbag.py:545} INFO - Filling up the DagBag from /opt/airflow/dags/abc_phones_etl_dag.py
[2026-05-13T16:05:10.498+0000] {processor.py:840} INFO - DAG(s) 'abc_phones_etl_pipeline' retrieved from /opt/airflow/dags/abc_phones_etl_dag.py
[2026-05-13T16:05:10.538+0000] {logging_mixin.py:188} INFO - [2026-05-13T16:05:10.538+0000] {dag.py:3089} INFO - Sync 1 DAGs
[2026-05-13T16:05:10.564+0000] {logging_mixin.py:188} INFO - [2026-05-13T16:05:10.564+0000] {dag.py:3947} INFO - Setting next_dagrun for abc_phones_etl_pipeline to 2026-05-12 00:00:00+00:00, run_after=2026-05-13 00:00:00+00:00
[2026-05-13T16:05:10.593+0000] {processor.py:183} INFO - Processing /opt/airflow/dags/abc_phones_etl_dag.py took 0.831 seconds
[2026-05-13T16:05:40.843+0000] {processor.py:161} INFO - Started process (PID=1410) to work on /opt/airflow/dags/abc_phones_etl_dag.py
[2026-05-13T16:05:40.845+0000] {processor.py:830} INFO - Processing file /opt/airflow/dags/abc_phones_etl_dag.py for tasks to queue
[2026-05-13T16:05:40.848+0000] {logging_mixin.py:188} INFO - [2026-05-13T16:05:40.848+0000] {dagbag.py:545} INFO - Filling up the DagBag from /opt/airflow/dags/abc_phones_etl_dag.py
[2026-05-13T16:05:41.546+0000] {processor.py:840} INFO - DAG(s) 'abc_phones_etl_pipeline' retrieved from /opt/airflow/dags/abc_phones_etl_dag.py
[2026-05-13T16:05:41.580+0000] {logging_mixin.py:188} INFO - [2026-05-13T16:05:41.580+0000] {dag.py:3089} INFO - Sync 1 DAGs
[2026-05-13T16:05:41.605+0000] {logging_mixin.py:188} INFO - [2026-05-13T16:05:41.604+0000] {dag.py:3947} INFO - Setting next_dagrun for abc_phones_etl_pipeline to 2026-05-12 00:00:00+00:00, run_after=2026-05-13 00:00:00+00:00
[2026-05-13T16:05:41.629+0000] {processor.py:183} INFO - Processing /opt/airflow/dags/abc_phones_etl_dag.py took 0.798 seconds
[2026-05-13T16:06:11.868+0000] {processor.py:161} INFO - Started process (PID=1412) to work on /opt/airflow/dags/abc_phones_etl_dag.py
[2026-05-13T16:06:11.870+0000] {processor.py:830} INFO - Processing file /opt/airflow/dags/abc_phones_etl_dag.py for tasks to queue
[2026-05-13T16:06:11.872+0000] {logging_mixin.py:188} INFO - [2026-05-13T16:06:11.872+0000] {dagbag.py:545} INFO - Filling up the DagBag from /opt/airflow/dags/abc_phones_etl_dag.py
[2026-05-13T16:06:12.515+0000] {processor.py:840} INFO - DAG(s) 'abc_phones_etl_pipeline' retrieved from /opt/airflow/dags/abc_phones_etl_dag.py
[2026-05-13T16:06:12.545+0000] {logging_mixin.py:188} INFO - [2026-05-13T16:06:12.545+0000] {dag.py:3089} INFO - Sync 1 DAGs
[2026-05-13T16:06:12.569+0000] {logging_mixin.py:188} INFO - [2026-05-13T16:06:12.568+0000] {dag.py:3947} INFO - Setting next_dagrun for abc_phones_etl_pipeline to 2026-05-12 00:00:00+00:00, run_after=2026-05-13 00:00:00+00:00
[2026-05-13T16:06:12.600+0000] {processor.py:183} INFO - Processing /opt/airflow/dags/abc_phones_etl_dag.py took 0.742 seconds
[2026-05-13T16:06:42.819+0000] {processor.py:161} INFO - Started process (PID=1414) to work on /opt/airflow/dags/abc_phones_etl_dag.py
[2026-05-13T16:06:42.820+0000] {processor.py:830} INFO - Processing file /opt/airflow/dags/abc_phones_etl_dag.py for tasks to queue
[2026-05-13T16:06:42.823+0000] {logging_mixin.py:188} INFO - [2026-05-13T16:06:42.823+0000] {dagbag.py:545} INFO - Filling up the DagBag from /opt/airflow/dags/abc_phones_etl_dag.py
[2026-05-13T16:06:43.523+0000] {processor.py:840} INFO - DAG(s) 'abc_phones_etl_pipeline' retrieved from /opt/airflow/dags/abc_phones_etl_dag.py
[2026-05-13T16:06:43.554+0000] {logging_mixin.py:188} INFO - [2026-05-13T16:06:43.554+0000] {dag.py:3089} INFO - Sync 1 DAGs
[2026-05-13T16:06:43.573+0000] {logging_mixin.py:188} INFO - [2026-05-13T16:06:43.573+0000] {dag.py:3947} INFO - Setting next_dagrun for abc_phones_etl_pipeline to 2026-05-12 00:00:00+00:00, run_after=2026-05-13 00:00:00+00:00
[2026-05-13T16:06:43.596+0000] {processor.py:183} INFO - Processing /opt/airflow/dags/abc_phones_etl_dag.py took 0.789 seconds
[2026-05-13T16:07:13.800+0000] {processor.py:161} INFO - Started process (PID=1416) to work on /opt/airflow/dags/abc_phones_etl_dag.py
[2026-05-13T16:07:13.801+0000] {processor.py:830} INFO - Processing file /opt/airflow/dags/abc_phones_etl_dag.py for tasks to queue
[2026-05-13T16:07:13.803+0000] {logging_mixin.py:188} INFO - [2026-05-13T16:07:13.803+0000] {dagbag.py:545} INFO - Filling up the DagBag from /opt/airflow/dags/abc_phones_etl_dag.py
[2026-05-13T16:07:14.354+0000] {processor.py:840} INFO - DAG(s) 'abc_phones_etl_pipeline' retrieved from /opt/airflow/dags/abc_phones_etl_dag.py
[2026-05-13T16:07:14.387+0000] {logging_mixin.py:188} INFO - [2026-05-13T16:07:14.387+0000] {dag.py:3089} INFO - Sync 1 DAGs
[2026-05-13T16:07:14.407+0000] {logging_mixin.py:188} INFO - [2026-05-13T16:07:14.407+0000] {dag.py:3947} INFO - Setting next_dagrun for abc_phones_etl_pipeline to 2026-05-12 00:00:00+00:00, run_after=2026-05-13 00:00:00+00:00
[2026-05-13T16:07:14.431+0000] {processor.py:183} INFO - Processing /opt/airflow/dags/abc_phones_etl_dag.py took 0.644 seconds
[2026-05-13T16:07:44.648+0000] {processor.py:161} INFO - Started process (PID=1418) to work on /opt/airflow/dags/abc_phones_etl_dag.py
[2026-05-13T16:07:44.650+0000] {processor.py:830} INFO - Processing file /opt/airflow/dags/abc_phones_etl_dag.py for tasks to queue
[2026-05-13T16:07:44.652+0000] {logging_mixin.py:188} INFO - [2026-05-13T16:07:44.652+0000] {dagbag.py:545} INFO - Filling up the DagBag from /opt/airflow/dags/abc_phones_etl_dag.py
[2026-05-13T16:07:45.232+0000] {processor.py:840} INFO - DAG(s) 'abc_phones_etl_pipeline' retrieved from /opt/airflow/dags/abc_phones_etl_dag.py
[2026-05-13T16:07:45.262+0000] {logging_mixin.py:188} INFO - [2026-05-13T16:07:45.261+0000] {dag.py:3089} INFO - Sync 1 DAGs
[2026-05-13T16:07:45.281+0000] {logging_mixin.py:188} INFO - [2026-05-13T16:07:45.281+0000] {dag.py:3947} INFO - Setting next_dagrun for abc_phones_etl_pipeline to 2026-05-12 00:00:00+00:00, run_after=2026-05-13 00:00:00+00:00
[2026-05-13T16:07:45.307+0000] {processor.py:183} INFO - Processing /opt/airflow/dags/abc_phones_etl_dag.py took 0.670 seconds
[2026-05-13T16:08:15.681+0000] {processor.py:161} INFO - Started process (PID=1420) to work on /opt/airflow/dags/abc_phones_etl_dag.py
[2026-05-13T16:08:15.683+0000] {processor.py:830} INFO - Processing file /opt/airflow/dags/abc_phones_etl_dag.py for tasks to queue
[2026-05-13T16:08:15.687+0000] {logging_mixin.py:188} INFO - [2026-05-13T16:08:15.686+0000] {dagbag.py:545} INFO - Filling up the DagBag from /opt/airflow/dags/abc_phones_etl_dag.py
[2026-05-13T16:08:16.281+0000] {processor.py:840} INFO - DAG(s) 'abc_phones_etl_pipeline' retrieved from /opt/airflow/dags/abc_phones_etl_dag.py
[2026-05-13T16:08:16.312+0000] {logging_mixin.py:188} INFO - [2026-05-13T16:08:16.311+0000] {dag.py:3089} INFO - Sync 1 DAGs
[2026-05-13T16:08:16.331+0000] {logging_mixin.py:188} INFO - [2026-05-13T16:08:16.331+0000] {dag.py:3947} INFO - Setting next_dagrun for abc_phones_etl_pipeline to 2026-05-12 00:00:00+00:00, run_after=2026-05-13 00:00:00+00:00
[2026-05-13T16:08:16.360+0000] {processor.py:183} INFO - Processing /opt/airflow/dags/abc_phones_etl_dag.py took 0.698 seconds
[2026-05-13T16:08:46.606+0000] {processor.py:161} INFO - Started process (PID=1422) to work on /opt/airflow/dags/abc_phones_etl_dag.py
[2026-05-13T16:08:46.608+0000] {processor.py:830} INFO - Processing file /opt/airflow/dags/abc_phones_etl_dag.py for tasks to queue
[2026-05-13T16:08:46.610+0000] {logging_mixin.py:188} INFO - [2026-05-13T16:08:46.610+0000] {dagbag.py:545} INFO - Filling up the DagBag from /opt/airflow/dags/abc_phones_etl_dag.py
[2026-05-13T16:08:47.328+0000] {processor.py:840} INFO - DAG(s) 'abc_phones_etl_pipeline' retrieved from /opt/airflow/dags/abc_phones_etl_dag.py
[2026-05-13T16:08:47.363+0000] {logging_mixin.py:188} INFO - [2026-05-13T16:08:47.362+0000] {dag.py:3089} INFO - Sync 1 DAGs
[2026-05-13T16:08:47.387+0000] {logging_mixin.py:188} INFO - [2026-05-13T16:08:47.387+0000] {dag.py:3947} INFO - Setting next_dagrun for abc_phones_etl_pipeline to 2026-05-12 00:00:00+00:00, run_after=2026-05-13 00:00:00+00:00
[2026-05-13T16:08:47.415+0000] {processor.py:183} INFO - Processing /opt/airflow/dags/abc_phones_etl_dag.py took 0.822 seconds
[2026-05-13T16:09:17.654+0000] {processor.py:161} INFO - Started process (PID=1424) to work on /opt/airflow/dags/abc_phones_etl_dag.py
[2026-05-13T16:09:17.656+0000] {processor.py:830} INFO - Processing file /opt/airflow/dags/abc_phones_etl_dag.py for tasks to queue
[2026-05-13T16:09:17.658+0000] {logging_mixin.py:188} INFO - [2026-05-13T16:09:17.657+0000] {dagbag.py:545} INFO - Filling up the DagBag from /opt/airflow/dags/abc_phones_etl_dag.py
[2026-05-13T16:09:18.366+0000] {processor.py:840} INFO - DAG(s) 'abc_phones_etl_pipeline' retrieved from /opt/airflow/dags/abc_phones_etl_dag.py
[2026-05-13T16:09:18.399+0000] {logging_mixin.py:188} INFO - [2026-05-13T16:09:18.399+0000] {dag.py:3089} INFO - Sync 1 DAGs
[2026-05-13T16:09:18.423+0000] {logging_mixin.py:188} INFO - [2026-05-13T16:09:18.422+0000] {dag.py:3947} INFO - Setting next_dagrun for abc_phones_etl_pipeline to 2026-05-12 00:00:00+00:00, run_after=2026-05-13 00:00:00+00:00
[2026-05-13T16:09:18.447+0000] {processor.py:183} INFO - Processing /opt/airflow/dags/abc_phones_etl_dag.py took 0.803 seconds
[2026-05-13T16:09:48.667+0000] {processor.py:161} INFO - Started process (PID=1426) to work on /opt/airflow/dags/abc_phones_etl_dag.py
[2026-05-13T16:09:48.669+0000] {processor.py:830} INFO - Processing file /opt/airflow/dags/abc_phones_etl_dag.py for tasks to queue
[2026-05-13T16:09:48.672+0000] {logging_mixin.py:188} INFO - [2026-05-13T16:09:48.671+0000] {dagbag.py:545} INFO - Filling up the DagBag from /opt/airflow/dags/abc_phones_etl_dag.py
[2026-05-13T16:09:49.235+0000] {processor.py:840} INFO - DAG(s) 'abc_phones_etl_pipeline' retrieved from /opt/airflow/dags/abc_phones_etl_dag.py
[2026-05-13T16:09:49.270+0000] {logging_mixin.py:188} INFO - [2026-05-13T16:09:49.269+0000] {dag.py:3089} INFO - Sync 1 DAGs
[2026-05-13T16:09:49.289+0000] {logging_mixin.py:188} INFO - [2026-05-13T16:09:49.289+0000] {dag.py:3947} INFO - Setting next_dagrun for abc_phones_etl_pipeline to 2026-05-12 00:00:00+00:00, run_after=2026-05-13 00:00:00+00:00
[2026-05-13T16:09:49.314+0000] {processor.py:183} INFO - Processing /opt/airflow/dags/abc_phones_etl_dag.py took 0.659 seconds
[2026-05-13T16:10:19.543+0000] {processor.py:161} INFO - Started process (PID=1428) to work on /opt/airflow/dags/abc_phones_etl_dag.py
[2026-05-13T16:10:19.544+0000] {processor.py:830} INFO - Processing file /opt/airflow/dags/abc_phones_etl_dag.py for tasks to queue
[2026-05-13T16:10:19.547+0000] {logging_mixin.py:188} INFO - [2026-05-13T16:10:19.547+0000] {dagbag.py:545} INFO - Filling up the DagBag from /opt/airflow/dags/abc_phones_etl_dag.py
[2026-05-13T16:10:20.325+0000] {processor.py:840} INFO - DAG(s) 'abc_phones_etl_pipeline' retrieved from /opt/airflow/dags/abc_phones_etl_dag.py
[2026-05-13T16:10:20.380+0000] {logging_mixin.py:188} INFO - [2026-05-13T16:10:20.378+0000] {dag.py:3089} INFO - Sync 1 DAGs
[2026-05-13T16:10:20.416+0000] {logging_mixin.py:188} INFO - [2026-05-13T16:10:20.416+0000] {dag.py:3947} INFO - Setting next_dagrun for abc_phones_etl_pipeline to 2026-05-12 00:00:00+00:00, run_after=2026-05-13 00:00:00+00:00
[2026-05-13T16:10:20.445+0000] {processor.py:183} INFO - Processing /opt/airflow/dags/abc_phones_etl_dag.py took 0.911 seconds
[2026-05-13T16:10:50.698+0000] {processor.py:161} INFO - Started process (PID=1430) to work on /opt/airflow/dags/abc_phones_etl_dag.py
[2026-05-13T16:10:50.700+0000] {processor.py:830} INFO - Processing file /opt/airflow/dags/abc_phones_etl_dag.py for tasks to queue
[2026-05-13T16:10:50.703+0000] {logging_mixin.py:188} INFO - [2026-05-13T16:10:50.703+0000] {dagbag.py:545} INFO - Filling up the DagBag from /opt/airflow/dags/abc_phones_etl_dag.py
[2026-05-13T16:10:51.266+0000] {processor.py:840} INFO - DAG(s) 'abc_phones_etl_pipeline' retrieved from /opt/airflow/dags/abc_phones_etl_dag.py
[2026-05-13T16:10:51.296+0000] {logging_mixin.py:188} INFO - [2026-05-13T16:10:51.295+0000] {dag.py:3089} INFO - Sync 1 DAGs
[2026-05-13T16:10:51.318+0000] {logging_mixin.py:188} INFO - [2026-05-13T16:10:51.318+0000] {dag.py:3947} INFO - Setting next_dagrun for abc_phones_etl_pipeline to 2026-05-12 00:00:00+00:00, run_after=2026-05-13 00:00:00+00:00
[2026-05-13T16:10:51.349+0000] {processor.py:183} INFO - Processing /opt/airflow/dags/abc_phones_etl_dag.py took 0.661 seconds
[2026-05-13T16:11:21.570+0000] {processor.py:161} INFO - Started process (PID=1432) to work on /opt/airflow/dags/abc_phones_etl_dag.py
[2026-05-13T16:11:21.572+0000] {processor.py:830} INFO - Processing file /opt/airflow/dags/abc_phones_etl_dag.py for tasks to queue
[2026-05-13T16:11:21.574+0000] {logging_mixin.py:188} INFO - [2026-05-13T16:11:21.574+0000] {dagbag.py:545} INFO - Filling up the DagBag from /opt/airflow/dags/abc_phones_etl_dag.py
[2026-05-13T16:11:22.140+0000] {processor.py:840} INFO - DAG(s) 'abc_phones_etl_pipeline' retrieved from /opt/airflow/dags/abc_phones_etl_dag.py
[2026-05-13T16:11:22.171+0000] {logging_mixin.py:188} INFO - [2026-05-13T16:11:22.170+0000] {dag.py:3089} INFO - Sync 1 DAGs
[2026-05-13T16:11:22.191+0000] {logging_mixin.py:188} INFO - [2026-05-13T16:11:22.191+0000] {dag.py:3947} INFO - Setting next_dagrun for abc_phones_etl_pipeline to 2026-05-12 00:00:00+00:00, run_after=2026-05-13 00:00:00+00:00
[2026-05-13T16:11:22.214+0000] {processor.py:183} INFO - Processing /opt/airflow/dags/abc_phones_etl_dag.py took 0.654 seconds
[2026-05-13T16:11:52.368+0000] {processor.py:161} INFO - Started process (PID=1434) to work on /opt/airflow/dags/abc_phones_etl_dag.py
[2026-05-13T16:11:52.369+0000] {processor.py:830} INFO - Processing file /opt/airflow/dags/abc_phones_etl_dag.py for tasks to queue
[2026-05-13T16:11:52.372+0000] {logging_mixin.py:188} INFO - [2026-05-13T16:11:52.371+0000] {dagbag.py:545} INFO - Filling up the DagBag from /opt/airflow/dags/abc_phones_etl_dag.py
[2026-05-13T16:11:53.039+0000] {processor.py:840} INFO - DAG(s) 'abc_phones_etl_pipeline' retrieved from /opt/airflow/dags/abc_phones_etl_dag.py
[2026-05-13T16:11:53.090+0000] {logging_mixin.py:188} INFO - [2026-05-13T16:11:53.090+0000] {dag.py:3089} INFO - Sync 1 DAGs
[2026-05-13T16:11:53.118+0000] {logging_mixin.py:188} INFO - [2026-05-13T16:11:53.118+0000] {dag.py:3947} INFO - Setting next_dagrun for abc_phones_etl_pipeline to 2026-05-12 00:00:00+00:00, run_after=2026-05-13 00:00:00+00:00
[2026-05-13T16:11:53.139+0000] {processor.py:183} INFO - Processing /opt/airflow/dags/abc_phones_etl_dag.py took 0.782 seconds
[2026-05-13T16:12:23.382+0000] {processor.py:161} INFO - Started process (PID=1436) to work on /opt/airflow/dags/abc_phones_etl_dag.py
[2026-05-13T16:12:23.384+0000] {processor.py:830} INFO - Processing file /opt/airflow/dags/abc_phones_etl_dag.py for tasks to queue
[2026-05-13T16:12:23.387+0000] {logging_mixin.py:188} INFO - [2026-05-13T16:12:23.386+0000] {dagbag.py:545} INFO - Filling up the DagBag from /opt/airflow/dags/abc_phones_etl_dag.py
[2026-05-13T16:12:24.164+0000] {processor.py:840} INFO - DAG(s) 'abc_phones_etl_pipeline' retrieved from /opt/airflow/dags/abc_phones_etl_dag.py
[2026-05-13T16:12:24.200+0000] {logging_mixin.py:188} INFO - [2026-05-13T16:12:24.198+0000] {dag.py:3089} INFO - Sync 1 DAGs
[2026-05-13T16:12:24.227+0000] {logging_mixin.py:188} INFO - [2026-05-13T16:12:24.227+0000] {dag.py:3947} INFO - Setting next_dagrun for abc_phones_etl_pipeline to 2026-05-12 00:00:00+00:00, run_after=2026-05-13 00:00:00+00:00
[2026-05-13T16:12:24.250+0000] {processor.py:183} INFO - Processing /opt/airflow/dags/abc_phones_etl_dag.py took 0.879 seconds
[2026-05-13T16:12:54.482+0000] {processor.py:161} INFO - Started process (PID=1438) to work on /opt/airflow/dags/abc_phones_etl_dag.py
[2026-05-13T16:12:54.483+0000] {processor.py:830} INFO - Processing file /opt/airflow/dags/abc_phones_etl_dag.py for tasks to queue
[2026-05-13T16:12:54.486+0000] {logging_mixin.py:188} INFO - [2026-05-13T16:12:54.485+0000] {dagbag.py:545} INFO - Filling up the DagBag from /opt/airflow/dags/abc_phones_etl_dag.py
[2026-05-13T16:12:55.083+0000] {processor.py:840} INFO - DAG(s) 'abc_phones_etl_pipeline' retrieved from /opt/airflow/dags/abc_phones_etl_dag.py
[2026-05-13T16:12:55.114+0000] {logging_mixin.py:188} INFO - [2026-05-13T16:12:55.113+0000] {dag.py:3089} INFO - Sync 1 DAGs
[2026-05-13T16:12:55.135+0000] {logging_mixin.py:188} INFO - [2026-05-13T16:12:55.134+0000] {dag.py:3947} INFO - Setting next_dagrun for abc_phones_etl_pipeline to 2026-05-12 00:00:00+00:00, run_after=2026-05-13 00:00:00+00:00
[2026-05-13T16:12:55.158+0000] {processor.py:183} INFO - Processing /opt/airflow/dags/abc_phones_etl_dag.py took 0.686 seconds
[2026-05-13T16:13:25.376+0000] {processor.py:161} INFO - Started process (PID=1440) to work on /opt/airflow/dags/abc_phones_etl_dag.py
[2026-05-13T16:13:25.378+0000] {processor.py:830} INFO - Processing file /opt/airflow/dags/abc_phones_etl_dag.py for tasks to queue
[2026-05-13T16:13:25.380+0000] {logging_mixin.py:188} INFO - [2026-05-13T16:13:25.380+0000] {dagbag.py:545} INFO - Filling up the DagBag from /opt/airflow/dags/abc_phones_etl_dag.py
[2026-05-13T16:13:26.085+0000] {processor.py:840} INFO - DAG(s) 'abc_phones_etl_pipeline' retrieved from /opt/airflow/dags/abc_phones_etl_dag.py
[2026-05-13T16:13:26.117+0000] {logging_mixin.py:188} INFO - [2026-05-13T16:13:26.116+0000] {dag.py:3089} INFO - Sync 1 DAGs
[2026-05-13T16:13:26.135+0000] {logging_mixin.py:188} INFO - [2026-05-13T16:13:26.135+0000] {dag.py:3947} INFO - Setting next_dagrun for abc_phones_etl_pipeline to 2026-05-12 00:00:00+00:00, run_after=2026-05-13 00:00:00+00:00
[2026-05-13T16:13:26.155+0000] {processor.py:183} INFO - Processing /opt/airflow/dags/abc_phones_etl_dag.py took 0.788 seconds
[2026-05-13T16:13:56.367+0000] {processor.py:161} INFO - Started process (PID=1442) to work on /opt/airflow/dags/abc_phones_etl_dag.py
[2026-05-13T16:13:56.368+0000] {processor.py:830} INFO - Processing file /opt/airflow/dags/abc_phones_etl_dag.py for tasks to queue
[2026-05-13T16:13:56.371+0000] {logging_mixin.py:188} INFO - [2026-05-13T16:13:56.370+0000] {dagbag.py:545} INFO - Filling up the DagBag from /opt/airflow/dags/abc_phones_etl_dag.py
[2026-05-13T16:13:56.943+0000] {processor.py:840} INFO - DAG(s) 'abc_phones_etl_pipeline' retrieved from /opt/airflow/dags/abc_phones_etl_dag.py
[2026-05-13T16:13:56.978+0000] {logging_mixin.py:188} INFO - [2026-05-13T16:13:56.978+0000] {dag.py:3089} INFO - Sync 1 DAGs
[2026-05-13T16:13:57.001+0000] {logging_mixin.py:188} INFO - [2026-05-13T16:13:57.001+0000] {dag.py:3947} INFO - Setting next_dagrun for abc_phones_etl_pipeline to 2026-05-12 00:00:00+00:00, run_after=2026-05-13 00:00:00+00:00
[2026-05-13T16:13:57.026+0000] {processor.py:183} INFO - Processing /opt/airflow/dags/abc_phones_etl_dag.py took 0.671 seconds
[2026-05-13T16:14:27.261+0000] {processor.py:161} INFO - Started process (PID=1444) to work on /opt/airflow/dags/abc_phones_etl_dag.py
[2026-05-13T16:14:27.262+0000] {processor.py:830} INFO - Processing file /opt/airflow/dags/abc_phones_etl_dag.py for tasks to queue
[2026-05-13T16:14:27.265+0000] {logging_mixin.py:188} INFO - [2026-05-13T16:14:27.264+0000] {dagbag.py:545} INFO - Filling up the DagBag from /opt/airflow/dags/abc_phones_etl_dag.py
[2026-05-13T16:14:27.822+0000] {processor.py:840} INFO - DAG(s) 'abc_phones_etl_pipeline' retrieved from /opt/airflow/dags/abc_phones_etl_dag.py
[2026-05-13T16:14:27.878+0000] {logging_mixin.py:188} INFO - [2026-05-13T16:14:27.877+0000] {dag.py:3089} INFO - Sync 1 DAGs
[2026-05-13T16:14:27.923+0000] {logging_mixin.py:188} INFO - [2026-05-13T16:14:27.923+0000] {dag.py:3947} INFO - Setting next_dagrun for abc_phones_etl_pipeline to 2026-05-12 00:00:00+00:00, run_after=2026-05-13 00:00:00+00:00
[2026-05-13T16:14:27.953+0000] {processor.py:183} INFO - Processing /opt/airflow/dags/abc_phones_etl_dag.py took 0.701 seconds
[2026-05-13T16:14:58.167+0000] {processor.py:161} INFO - Started process (PID=1446) to work on /opt/airflow/dags/abc_phones_etl_dag.py
[2026-05-13T16:14:58.168+0000] {processor.py:830} INFO - Processing file /opt/airflow/dags/abc_phones_etl_dag.py for tasks to queue
[2026-05-13T16:14:58.173+0000] {logging_mixin.py:188} INFO - [2026-05-13T16:14:58.171+0000] {dagbag.py:545} INFO - Filling up the DagBag from /opt/airflow/dags/abc_phones_etl_dag.py
[2026-05-13T16:14:58.801+0000] {processor.py:840} INFO - DAG(s) 'abc_phones_etl_pipeline' retrieved from /opt/airflow/dags/abc_phones_etl_dag.py
[2026-05-13T16:14:58.836+0000] {logging_mixin.py:188} INFO - [2026-05-13T16:14:58.836+0000] {dag.py:3089} INFO - Sync 1 DAGs
[2026-05-13T16:14:58.861+0000] {logging_mixin.py:188} INFO - [2026-05-13T16:14:58.860+0000] {dag.py:3947} INFO - Setting next_dagrun for abc_phones_etl_pipeline to 2026-05-12 00:00:00+00:00, run_after=2026-05-13 00:00:00+00:00
[2026-05-13T16:14:58.888+0000] {processor.py:183} INFO - Processing /opt/airflow/dags/abc_phones_etl_dag.py took 0.733 seconds
[2026-05-13T16:15:29.101+0000] {processor.py:161} INFO - Started process (PID=1448) to work on /opt/airflow/dags/abc_phones_etl_dag.py
[2026-05-13T16:15:29.102+0000] {processor.py:830} INFO - Processing file /opt/airflow/dags/abc_phones_etl_dag.py for tasks to queue
[2026-05-13T16:15:29.105+0000] {logging_mixin.py:188} INFO - [2026-05-13T16:15:29.104+0000] {dagbag.py:545} INFO - Filling up the DagBag from /opt/airflow/dags/abc_phones_etl_dag.py
[2026-05-13T16:15:29.800+0000] {processor.py:840} INFO - DAG(s) 'abc_phones_etl_pipeline' retrieved from /opt/airflow/dags/abc_phones_etl_dag.py
[2026-05-13T16:15:29.837+0000] {logging_mixin.py:188} INFO - [2026-05-13T16:15:29.837+0000] {dag.py:3089} INFO - Sync 1 DAGs
[2026-05-13T16:15:29.860+0000] {logging_mixin.py:188} INFO - [2026-05-13T16:15:29.860+0000] {dag.py:3947} INFO - Setting next_dagrun for abc_phones_etl_pipeline to 2026-05-12 00:00:00+00:00, run_after=2026-05-13 00:00:00+00:00
[2026-05-13T16:15:29.888+0000] {processor.py:183} INFO - Processing /opt/airflow/dags/abc_phones_etl_dag.py took 0.797 seconds
[2026-05-13T16:16:00.101+0000] {processor.py:161} INFO - Started process (PID=1450) to work on /opt/airflow/dags/abc_phones_etl_dag.py
[2026-05-13T16:16:00.102+0000] {processor.py:830} INFO - Processing file /opt/airflow/dags/abc_phones_etl_dag.py for tasks to queue
[2026-05-13T16:16:00.107+0000] {logging_mixin.py:188} INFO - [2026-05-13T16:16:00.107+0000] {dagbag.py:545} INFO - Filling up the DagBag from /opt/airflow/dags/abc_phones_etl_dag.py
[2026-05-13T16:16:00.778+0000] {processor.py:840} INFO - DAG(s) 'abc_phones_etl_pipeline' retrieved from /opt/airflow/dags/abc_phones_etl_dag.py
[2026-05-13T16:16:00.809+0000] {logging_mixin.py:188} INFO - [2026-05-13T16:16:00.808+0000] {dag.py:3089} INFO - Sync 1 DAGs
[2026-05-13T16:16:00.829+0000] {logging_mixin.py:188} INFO - [2026-05-13T16:16:00.829+0000] {dag.py:3947} INFO - Setting next_dagrun for abc_phones_etl_pipeline to 2026-05-12 00:00:00+00:00, run_after=2026-05-13 00:00:00+00:00
[2026-05-13T16:16:00.853+0000] {processor.py:183} INFO - Processing /opt/airflow/dags/abc_phones_etl_dag.py took 0.763 seconds
[2026-05-13T16:16:31.113+0000] {processor.py:161} INFO - Started process (PID=1452) to work on /opt/airflow/dags/abc_phones_etl_dag.py
[2026-05-13T16:16:31.115+0000] {processor.py:830} INFO - Processing file /opt/airflow/dags/abc_phones_etl_dag.py for tasks to queue
[2026-05-13T16:16:31.117+0000] {logging_mixin.py:188} INFO - [2026-05-13T16:16:31.116+0000] {dagbag.py:545} INFO - Filling up the DagBag from /opt/airflow/dags/abc_phones_etl_dag.py
[2026-05-13T16:16:31.676+0000] {processor.py:840} INFO - DAG(s) 'abc_phones_etl_pipeline' retrieved from /opt/airflow/dags/abc_phones_etl_dag.py
[2026-05-13T16:16:31.706+0000] {logging_mixin.py:188} INFO - [2026-05-13T16:16:31.705+0000] {dag.py:3089} INFO - Sync 1 DAGs
[2026-05-13T16:16:31.726+0000] {logging_mixin.py:188} INFO - [2026-05-13T16:16:31.726+0000] {dag.py:3947} INFO - Setting next_dagrun for abc_phones_etl_pipeline to 2026-05-12 00:00:00+00:00, run_after=2026-05-13 00:00:00+00:00
[2026-05-13T16:16:31.750+0000] {processor.py:183} INFO - Processing /opt/airflow/dags/abc_phones_etl_dag.py took 0.645 seconds
[2026-05-13T16:17:01.962+0000] {processor.py:161} INFO - Started process (PID=1454) to work on /opt/airflow/dags/abc_phones_etl_dag.py
[2026-05-13T16:17:01.963+0000] {processor.py:830} INFO - Processing file /opt/airflow/dags/abc_phones_etl_dag.py for tasks to queue
[2026-05-13T16:17:01.966+0000] {logging_mixin.py:188} INFO - [2026-05-13T16:17:01.965+0000] {dagbag.py:545} INFO - Filling up the DagBag from /opt/airflow/dags/abc_phones_etl_dag.py
[2026-05-13T16:17:02.546+0000] {processor.py:840} INFO - DAG(s) 'abc_phones_etl_pipeline' retrieved from /opt/airflow/dags/abc_phones_etl_dag.py
[2026-05-13T16:17:02.578+0000] {logging_mixin.py:188} INFO - [2026-05-13T16:17:02.578+0000] {dag.py:3089} INFO - Sync 1 DAGs
[2026-05-13T16:17:02.599+0000] {logging_mixin.py:188} INFO - [2026-05-13T16:17:02.599+0000] {dag.py:3947} INFO - Setting next_dagrun for abc_phones_etl_pipeline to 2026-05-12 00:00:00+00:00, run_after=2026-05-13 00:00:00+00:00
[2026-05-13T16:17:02.622+0000] {processor.py:183} INFO - Processing /opt/airflow/dags/abc_phones_etl_dag.py took 0.670 seconds
[2026-05-13T16:17:32.831+0000] {processor.py:161} INFO - Started process (PID=1456) to work on /opt/airflow/dags/abc_phones_etl_dag.py
[2026-05-13T16:17:32.833+0000] {processor.py:830} INFO - Processing file /opt/airflow/dags/abc_phones_etl_dag.py for tasks to queue
[2026-05-13T16:17:32.837+0000] {logging_mixin.py:188} INFO - [2026-05-13T16:17:32.835+0000] {dagbag.py:545} INFO - Filling up the DagBag from /opt/airflow/dags/abc_phones_etl_dag.py
[2026-05-13T16:17:33.405+0000] {processor.py:840} INFO - DAG(s) 'abc_phones_etl_pipeline' retrieved from /opt/airflow/dags/abc_phones_etl_dag.py
[2026-05-13T16:17:33.435+0000] {logging_mixin.py:188} INFO - [2026-05-13T16:17:33.434+0000] {dag.py:3089} INFO - Sync 1 DAGs
[2026-05-13T16:17:33.456+0000] {logging_mixin.py:188} INFO - [2026-05-13T16:17:33.455+0000] {dag.py:3947} INFO - Setting next_dagrun for abc_phones_etl_pipeline to 2026-05-12 00:00:00+00:00, run_after=2026-05-13 00:00:00+00:00
[2026-05-13T16:17:33.478+0000] {processor.py:183} INFO - Processing /opt/airflow/dags/abc_phones_etl_dag.py took 0.659 seconds
[2026-05-13T16:18:03.705+0000] {processor.py:161} INFO - Started process (PID=1458) to work on /opt/airflow/dags/abc_phones_etl_dag.py
[2026-05-13T16:18:03.706+0000] {processor.py:830} INFO - Processing file /opt/airflow/dags/abc_phones_etl_dag.py for tasks to queue
[2026-05-13T16:18:03.709+0000] {logging_mixin.py:188} INFO - [2026-05-13T16:18:03.708+0000] {dagbag.py:545} INFO - Filling up the DagBag from /opt/airflow/dags/abc_phones_etl_dag.py
[2026-05-13T16:18:04.439+0000] {processor.py:840} INFO - DAG(s) 'abc_phones_etl_pipeline' retrieved from /opt/airflow/dags/abc_phones_etl_dag.py
[2026-05-13T16:18:04.472+0000] {logging_mixin.py:188} INFO - [2026-05-13T16:18:04.471+0000] {dag.py:3089} INFO - Sync 1 DAGs
[2026-05-13T16:18:04.496+0000] {logging_mixin.py:188} INFO - [2026-05-13T16:18:04.495+0000] {dag.py:3947} INFO - Setting next_dagrun for abc_phones_etl_pipeline to 2026-05-12 00:00:00+00:00, run_after=2026-05-13 00:00:00+00:00
[2026-05-13T16:18:04.529+0000] {processor.py:183} INFO - Processing /opt/airflow/dags/abc_phones_etl_dag.py took 0.833 seconds
[2026-05-13T16:18:34.760+0000] {processor.py:161} INFO - Started process (PID=1460) to work on /opt/airflow/dags/abc_phones_etl_dag.py
[2026-05-13T16:18:34.761+0000] {processor.py:830} INFO - Processing file /opt/airflow/dags/abc_phones_etl_dag.py for tasks to queue
[2026-05-13T16:18:34.764+0000] {logging_mixin.py:188} INFO - [2026-05-13T16:18:34.764+0000] {dagbag.py:545} INFO - Filling up the DagBag from /opt/airflow/dags/abc_phones_etl_dag.py
[2026-05-13T16:18:35.605+0000] {processor.py:840} INFO - DAG(s) 'abc_phones_etl_pipeline' retrieved from /opt/airflow/dags/abc_phones_etl_dag.py
[2026-05-13T16:18:35.636+0000] {logging_mixin.py:188} INFO - [2026-05-13T16:18:35.635+0000] {dag.py:3089} INFO - Sync 1 DAGs
[2026-05-13T16:18:35.659+0000] {logging_mixin.py:188} INFO - [2026-05-13T16:18:35.659+0000] {dag.py:3947} INFO - Setting next_dagrun for abc_phones_etl_pipeline to 2026-05-12 00:00:00+00:00, run_after=2026-05-13 00:00:00+00:00
[2026-05-13T16:18:35.686+0000] {processor.py:183} INFO - Processing /opt/airflow/dags/abc_phones_etl_dag.py took 0.937 seconds
[2026-05-13T16:18:58.470+0000] {processor.py:161} INFO - Started process (PID=1462) to work on /opt/airflow/dags/abc_phones_etl_dag.py
[2026-05-13T16:18:58.472+0000] {processor.py:830} INFO - Processing file /opt/airflow/dags/abc_phones_etl_dag.py for tasks to queue
[2026-05-13T16:18:58.474+0000] {logging_mixin.py:188} INFO - [2026-05-13T16:18:58.474+0000] {dagbag.py:545} INFO - Filling up the DagBag from /opt/airflow/dags/abc_phones_etl_dag.py
[2026-05-13T16:18:59.101+0000] {processor.py:840} INFO - DAG(s) 'abc_phones_etl_pipeline' retrieved from /opt/airflow/dags/abc_phones_etl_dag.py
[2026-05-13T16:18:59.131+0000] {logging_mixin.py:188} INFO - [2026-05-13T16:18:59.131+0000] {dag.py:3089} INFO - Sync 1 DAGs
[2026-05-13T16:18:59.150+0000] {logging_mixin.py:188} INFO - [2026-05-13T16:18:59.150+0000] {dag.py:3947} INFO - Setting next_dagrun for abc_phones_etl_pipeline to 2026-05-12 00:00:00+00:00, run_after=2026-05-13 00:00:00+00:00
[2026-05-13T16:18:59.176+0000] {processor.py:183} INFO - Processing /opt/airflow/dags/abc_phones_etl_dag.py took 0.715 seconds
[2026-05-13T16:19:29.433+0000] {processor.py:161} INFO - Started process (PID=1464) to work on /opt/airflow/dags/abc_phones_etl_dag.py
[2026-05-13T16:19:29.435+0000] {processor.py:830} INFO - Processing file /opt/airflow/dags/abc_phones_etl_dag.py for tasks to queue
[2026-05-13T16:19:29.437+0000] {logging_mixin.py:188} INFO - [2026-05-13T16:19:29.437+0000] {dagbag.py:545} INFO - Filling up the DagBag from /opt/airflow/dags/abc_phones_etl_dag.py
[2026-05-13T16:19:29.998+0000] {processor.py:840} INFO - DAG(s) 'abc_phones_etl_pipeline' retrieved from /opt/airflow/dags/abc_phones_etl_dag.py
[2026-05-13T16:19:30.031+0000] {logging_mixin.py:188} INFO - [2026-05-13T16:19:30.030+0000] {dag.py:3089} INFO - Sync 1 DAGs
[2026-05-13T16:19:30.065+0000] {logging_mixin.py:188} INFO - [2026-05-13T16:19:30.061+0000] {dag.py:3947} INFO - Setting next_dagrun for abc_phones_etl_pipeline to 2026-05-12 00:00:00+00:00, run_after=2026-05-13 00:00:00+00:00
[2026-05-13T16:19:30.100+0000] {processor.py:183} INFO - Processing /opt/airflow/dags/abc_phones_etl_dag.py took 0.676 seconds
[2026-05-13T16:20:00.264+0000] {processor.py:161} INFO - Started process (PID=1466) to work on /opt/airflow/dags/abc_phones_etl_dag.py
[2026-05-13T16:20:00.265+0000] {processor.py:830} INFO - Processing file /opt/airflow/dags/abc_phones_etl_dag.py for tasks to queue
[2026-05-13T16:20:00.268+0000] {logging_mixin.py:188} INFO - [2026-05-13T16:20:00.267+0000] {dagbag.py:545} INFO - Filling up the DagBag from /opt/airflow/dags/abc_phones_etl_dag.py
[2026-05-13T16:20:00.924+0000] {processor.py:840} INFO - DAG(s) 'abc_phones_etl_pipeline' retrieved from /opt/airflow/dags/abc_phones_etl_dag.py
[2026-05-13T16:20:00.960+0000] {logging_mixin.py:188} INFO - [2026-05-13T16:20:00.960+0000] {dag.py:3089} INFO - Sync 1 DAGs
[2026-05-13T16:20:00.994+0000] {logging_mixin.py:188} INFO - [2026-05-13T16:20:00.993+0000] {dag.py:3947} INFO - Setting next_dagrun for abc_phones_etl_pipeline to 2026-05-12 00:00:00+00:00, run_after=2026-05-13 00:00:00+00:00
[2026-05-13T16:20:01.039+0000] {processor.py:183} INFO - Processing /opt/airflow/dags/abc_phones_etl_dag.py took 0.786 seconds
[2026-05-13T16:20:31.662+0000] {processor.py:161} INFO - Started process (PID=1468) to work on /opt/airflow/dags/abc_phones_etl_dag.py
[2026-05-13T16:20:31.664+0000] {processor.py:830} INFO - Processing file /opt/airflow/dags/abc_phones_etl_dag.py for tasks to queue
[2026-05-13T16:20:31.667+0000] {logging_mixin.py:188} INFO - [2026-05-13T16:20:31.667+0000] {dagbag.py:545} INFO - Filling up the DagBag from /opt/airflow/dags/abc_phones_etl_dag.py
[2026-05-13T16:20:32.432+0000] {processor.py:840} INFO - DAG(s) 'abc_phones_etl_pipeline' retrieved from /opt/airflow/dags/abc_phones_etl_dag.py
[2026-05-13T16:20:32.469+0000] {logging_mixin.py:188} INFO - [2026-05-13T16:20:32.468+0000] {dag.py:3089} INFO - Sync 1 DAGs
[2026-05-13T16:20:32.495+0000] {logging_mixin.py:188} INFO - [2026-05-13T16:20:32.495+0000] {dag.py:3947} INFO - Setting next_dagrun for abc_phones_etl_pipeline to 2026-05-12 00:00:00+00:00, run_after=2026-05-13 00:00:00+00:00
[2026-05-13T16:20:32.523+0000] {processor.py:183} INFO - Processing /opt/airflow/dags/abc_phones_etl_dag.py took 0.878 seconds
[2026-05-13T16:21:02.758+0000] {processor.py:161} INFO - Started process (PID=1470) to work on /opt/airflow/dags/abc_phones_etl_dag.py
[2026-05-13T16:21:02.759+0000] {processor.py:830} INFO - Processing file /opt/airflow/dags/abc_phones_etl_dag.py for tasks to queue
[2026-05-13T16:21:02.761+0000] {logging_mixin.py:188} INFO - [2026-05-13T16:21:02.760+0000] {dagbag.py:545} INFO - Filling up the DagBag from /opt/airflow/dags/abc_phones_etl_dag.py
[2026-05-13T16:21:03.351+0000] {processor.py:840} INFO - DAG(s) 'abc_phones_etl_pipeline' retrieved from /opt/airflow/dags/abc_phones_etl_dag.py
[2026-05-13T16:21:03.381+0000] {logging_mixin.py:188} INFO - [2026-05-13T16:21:03.381+0000] {dag.py:3089} INFO - Sync 1 DAGs
[2026-05-13T16:21:03.402+0000] {logging_mixin.py:188} INFO - [2026-05-13T16:21:03.402+0000] {dag.py:3947} INFO - Setting next_dagrun for abc_phones_etl_pipeline to 2026-05-12 00:00:00+00:00, run_after=2026-05-13 00:00:00+00:00
[2026-05-13T16:21:03.428+0000] {processor.py:183} INFO - Processing /opt/airflow/dags/abc_phones_etl_dag.py took 0.679 seconds
[2026-05-13T16:21:33.654+0000] {processor.py:161} INFO - Started process (PID=1472) to work on /opt/airflow/dags/abc_phones_etl_dag.py
[2026-05-13T16:21:33.656+0000] {processor.py:830} INFO - Processing file /opt/airflow/dags/abc_phones_etl_dag.py for tasks to queue
[2026-05-13T16:21:33.658+0000] {logging_mixin.py:188} INFO - [2026-05-13T16:21:33.658+0000] {dagbag.py:545} INFO - Filling up the DagBag from /opt/airflow/dags/abc_phones_etl_dag.py
[2026-05-13T16:21:34.527+0000] {processor.py:840} INFO - DAG(s) 'abc_phones_etl_pipeline' retrieved from /opt/airflow/dags/abc_phones_etl_dag.py
[2026-05-13T16:21:34.576+0000] {logging_mixin.py:188} INFO - [2026-05-13T16:21:34.576+0000] {dag.py:3089} INFO - Sync 1 DAGs
[2026-05-13T16:21:34.597+0000] {logging_mixin.py:188} INFO - [2026-05-13T16:21:34.597+0000] {dag.py:3947} INFO - Setting next_dagrun for abc_phones_etl_pipeline to 2026-05-12 00:00:00+00:00, run_after=2026-05-13 00:00:00+00:00
[2026-05-13T16:21:34.616+0000] {processor.py:183} INFO - Processing /opt/airflow/dags/abc_phones_etl_dag.py took 0.973 seconds
[2026-05-13T16:22:04.846+0000] {processor.py:161} INFO - Started process (PID=1474) to work on /opt/airflow/dags/abc_phones_etl_dag.py
[2026-05-13T16:22:04.847+0000] {processor.py:830} INFO - Processing file /opt/airflow/dags/abc_phones_etl_dag.py for tasks to queue
[2026-05-13T16:22:04.850+0000] {logging_mixin.py:188} INFO - [2026-05-13T16:22:04.849+0000] {dagbag.py:545} INFO - Filling up the DagBag from /opt/airflow/dags/abc_phones_etl_dag.py
[2026-05-13T16:22:05.470+0000] {processor.py:840} INFO - DAG(s) 'abc_phones_etl_pipeline' retrieved from /opt/airflow/dags/abc_phones_etl_dag.py
[2026-05-13T16:22:05.501+0000] {logging_mixin.py:188} INFO - [2026-05-13T16:22:05.501+0000] {dag.py:3089} INFO - Sync 1 DAGs
[2026-05-13T16:22:05.527+0000] {logging_mixin.py:188} INFO - [2026-05-13T16:22:05.527+0000] {dag.py:3947} INFO - Setting next_dagrun for abc_phones_etl_pipeline to 2026-05-12 00:00:00+00:00, run_after=2026-05-13 00:00:00+00:00
[2026-05-13T16:22:05.552+0000] {processor.py:183} INFO - Processing /opt/airflow/dags/abc_phones_etl_dag.py took 0.717 seconds
[2026-05-13T16:22:35.784+0000] {processor.py:161} INFO - Started process (PID=1476) to work on /opt/airflow/dags/abc_phones_etl_dag.py
[2026-05-13T16:22:35.786+0000] {processor.py:830} INFO - Processing file /opt/airflow/dags/abc_phones_etl_dag.py for tasks to queue
[2026-05-13T16:22:35.789+0000] {logging_mixin.py:188} INFO - [2026-05-13T16:22:35.788+0000] {dagbag.py:545} INFO - Filling up the DagBag from /opt/airflow/dags/abc_phones_etl_dag.py
[2026-05-13T16:22:36.749+0000] {processor.py:840} INFO - DAG(s) 'abc_phones_etl_pipeline' retrieved from /opt/airflow/dags/abc_phones_etl_dag.py
[2026-05-13T16:22:36.802+0000] {logging_mixin.py:188} INFO - [2026-05-13T16:22:36.801+0000] {dag.py:3089} INFO - Sync 1 DAGs
[2026-05-13T16:22:36.843+0000] {logging_mixin.py:188} INFO - [2026-05-13T16:22:36.843+0000] {dag.py:3947} INFO - Setting next_dagrun for abc_phones_etl_pipeline to 2026-05-12 00:00:00+00:00, run_after=2026-05-13 00:00:00+00:00
[2026-05-13T16:22:36.873+0000] {processor.py:183} INFO - Processing /opt/airflow/dags/abc_phones_etl_dag.py took 1.100 seconds
[2026-05-13T16:23:06.993+0000] {processor.py:161} INFO - Started process (PID=1478) to work on /opt/airflow/dags/abc_phones_etl_dag.py
[2026-05-13T16:23:06.995+0000] {processor.py:830} INFO - Processing file /opt/airflow/dags/abc_phones_etl_dag.py for tasks to queue
[2026-05-13T16:23:07.002+0000] {logging_mixin.py:188} INFO - [2026-05-13T16:23:07.001+0000] {dagbag.py:545} INFO - Filling up the DagBag from /opt/airflow/dags/abc_phones_etl_dag.py
[2026-05-13T16:23:07.670+0000] {processor.py:840} INFO - DAG(s) 'abc_phones_etl_pipeline' retrieved from /opt/airflow/dags/abc_phones_etl_dag.py
[2026-05-13T16:23:07.704+0000] {logging_mixin.py:188} INFO - [2026-05-13T16:23:07.704+0000] {dag.py:3089} INFO - Sync 1 DAGs
[2026-05-13T16:23:07.725+0000] {logging_mixin.py:188} INFO - [2026-05-13T16:23:07.725+0000] {dag.py:3947} INFO - Setting next_dagrun for abc_phones_etl_pipeline to 2026-05-12 00:00:00+00:00, run_after=2026-05-13 00:00:00+00:00
[2026-05-13T16:23:07.751+0000] {processor.py:183} INFO - Processing /opt/airflow/dags/abc_phones_etl_dag.py took 0.774 seconds
[2026-05-13T16:23:38.017+0000] {processor.py:161} INFO - Started process (PID=1480) to work on /opt/airflow/dags/abc_phones_etl_dag.py
[2026-05-13T16:23:38.019+0000] {processor.py:830} INFO - Processing file /opt/airflow/dags/abc_phones_etl_dag.py for tasks to queue
[2026-05-13T16:23:38.023+0000] {logging_mixin.py:188} INFO - [2026-05-13T16:23:38.022+0000] {dagbag.py:545} INFO - Filling up the DagBag from /opt/airflow/dags/abc_phones_etl_dag.py
[2026-05-13T16:23:38.922+0000] {processor.py:840} INFO - DAG(s) 'abc_phones_etl_pipeline' retrieved from /opt/airflow/dags/abc_phones_etl_dag.py
[2026-05-13T16:23:38.967+0000] {logging_mixin.py:188} INFO - [2026-05-13T16:23:38.966+0000] {dag.py:3089} INFO - Sync 1 DAGs
[2026-05-13T16:23:38.993+0000] {logging_mixin.py:188} INFO - [2026-05-13T16:23:38.993+0000] {dag.py:3947} INFO - Setting next_dagrun for abc_phones_etl_pipeline to 2026-05-12 00:00:00+00:00, run_after=2026-05-13 00:00:00+00:00
[2026-05-13T16:23:39.020+0000] {processor.py:183} INFO - Processing /opt/airflow/dags/abc_phones_etl_dag.py took 1.027 seconds
[2026-05-13T16:24:09.200+0000] {processor.py:161} INFO - Started process (PID=1482) to work on /opt/airflow/dags/abc_phones_etl_dag.py
[2026-05-13T16:24:09.201+0000] {processor.py:830} INFO - Processing file /opt/airflow/dags/abc_phones_etl_dag.py for tasks to queue
[2026-05-13T16:24:09.204+0000] {logging_mixin.py:188} INFO - [2026-05-13T16:24:09.204+0000] {dagbag.py:545} INFO - Filling up the DagBag from /opt/airflow/dags/abc_phones_etl_dag.py
[2026-05-13T16:24:09.810+0000] {processor.py:840} INFO - DAG(s) 'abc_phones_etl_pipeline' retrieved from /opt/airflow/dags/abc_phones_etl_dag.py
[2026-05-13T16:24:09.840+0000] {logging_mixin.py:188} INFO - [2026-05-13T16:24:09.839+0000] {dag.py:3089} INFO - Sync 1 DAGs
[2026-05-13T16:24:09.861+0000] {logging_mixin.py:188} INFO - [2026-05-13T16:24:09.861+0000] {dag.py:3947} INFO - Setting next_dagrun for abc_phones_etl_pipeline to 2026-05-12 00:00:00+00:00, run_after=2026-05-13 00:00:00+00:00
[2026-05-13T16:24:09.886+0000] {processor.py:183} INFO - Processing /opt/airflow/dags/abc_phones_etl_dag.py took 0.699 seconds
[2026-05-13T16:24:40.129+0000] {processor.py:161} INFO - Started process (PID=1484) to work on /opt/airflow/dags/abc_phones_etl_dag.py
[2026-05-13T16:24:40.130+0000] {processor.py:830} INFO - Processing file /opt/airflow/dags/abc_phones_etl_dag.py for tasks to queue
[2026-05-13T16:24:40.133+0000] {logging_mixin.py:188} INFO - [2026-05-13T16:24:40.132+0000] {dagbag.py:545} INFO - Filling up the DagBag from /opt/airflow/dags/abc_phones_etl_dag.py
[2026-05-13T16:24:40.872+0000] {processor.py:840} INFO - DAG(s) 'abc_phones_etl_pipeline' retrieved from /opt/airflow/dags/abc_phones_etl_dag.py
[2026-05-13T16:24:40.916+0000] {logging_mixin.py:188} INFO - [2026-05-13T16:24:40.915+0000] {dag.py:3089} INFO - Sync 1 DAGs
[2026-05-13T16:24:40.947+0000] {logging_mixin.py:188} INFO - [2026-05-13T16:24:40.947+0000] {dag.py:3947} INFO - Setting next_dagrun for abc_phones_etl_pipeline to 2026-05-12 00:00:00+00:00, run_after=2026-05-13 00:00:00+00:00
[2026-05-13T16:24:40.983+0000] {processor.py:183} INFO - Processing /opt/airflow/dags/abc_phones_etl_dag.py took 0.868 seconds
[2026-05-13T16:25:11.401+0000] {processor.py:161} INFO - Started process (PID=1486) to work on /opt/airflow/dags/abc_phones_etl_dag.py
[2026-05-13T16:25:11.402+0000] {processor.py:830} INFO - Processing file /opt/airflow/dags/abc_phones_etl_dag.py for tasks to queue
[2026-05-13T16:25:11.404+0000] {logging_mixin.py:188} INFO - [2026-05-13T16:25:11.404+0000] {dagbag.py:545} INFO - Filling up the DagBag from /opt/airflow/dags/abc_phones_etl_dag.py
[2026-05-13T16:25:12.195+0000] {processor.py:840} INFO - DAG(s) 'abc_phones_etl_pipeline' retrieved from /opt/airflow/dags/abc_phones_etl_dag.py
[2026-05-13T16:25:12.269+0000] {logging_mixin.py:188} INFO - [2026-05-13T16:25:12.268+0000] {dag.py:3089} INFO - Sync 1 DAGs
[2026-05-13T16:25:12.310+0000] {logging_mixin.py:188} INFO - [2026-05-13T16:25:12.310+0000] {dag.py:3947} INFO - Setting next_dagrun for abc_phones_etl_pipeline to 2026-05-12 00:00:00+00:00, run_after=2026-05-13 00:00:00+00:00
[2026-05-13T16:25:12.351+0000] {processor.py:183} INFO - Processing /opt/airflow/dags/abc_phones_etl_dag.py took 0.967 seconds
[2026-05-13T16:25:42.668+0000] {processor.py:161} INFO - Started process (PID=1488) to work on /opt/airflow/dags/abc_phones_etl_dag.py
[2026-05-13T16:25:42.669+0000] {processor.py:830} INFO - Processing file /opt/airflow/dags/abc_phones_etl_dag.py for tasks to queue
[2026-05-13T16:25:42.671+0000] {logging_mixin.py:188} INFO - [2026-05-13T16:25:42.671+0000] {dagbag.py:545} INFO - Filling up the DagBag from /opt/airflow/dags/abc_phones_etl_dag.py
[2026-05-13T16:25:43.594+0000] {processor.py:840} INFO - DAG(s) 'abc_phones_etl_pipeline' retrieved from /opt/airflow/dags/abc_phones_etl_dag.py
[2026-05-13T16:25:43.660+0000] {logging_mixin.py:188} INFO - [2026-05-13T16:25:43.659+0000] {dag.py:3089} INFO - Sync 1 DAGs
[2026-05-13T16:25:43.700+0000] {logging_mixin.py:188} INFO - [2026-05-13T16:25:43.700+0000] {dag.py:3947} INFO - Setting next_dagrun for abc_phones_etl_pipeline to 2026-05-12 00:00:00+00:00, run_after=2026-05-13 00:00:00+00:00
[2026-05-13T16:25:43.728+0000] {processor.py:183} INFO - Processing /opt/airflow/dags/abc_phones_etl_dag.py took 1.070 seconds
[2026-05-13T16:26:13.920+0000] {processor.py:161} INFO - Started process (PID=1490) to work on /opt/airflow/dags/abc_phones_etl_dag.py
[2026-05-13T16:26:13.921+0000] {processor.py:830} INFO - Processing file /opt/airflow/dags/abc_phones_etl_dag.py for tasks to queue
[2026-05-13T16:26:13.924+0000] {logging_mixin.py:188} INFO - [2026-05-13T16:26:13.923+0000] {dagbag.py:545} INFO - Filling up the DagBag from /opt/airflow/dags/abc_phones_etl_dag.py
[2026-05-13T16:26:14.700+0000] {processor.py:840} INFO - DAG(s) 'abc_phones_etl_pipeline' retrieved from /opt/airflow/dags/abc_phones_etl_dag.py
[2026-05-13T16:26:14.737+0000] {logging_mixin.py:188} INFO - [2026-05-13T16:26:14.736+0000] {dag.py:3089} INFO - Sync 1 DAGs
[2026-05-13T16:26:14.765+0000] {logging_mixin.py:188} INFO - [2026-05-13T16:26:14.764+0000] {dag.py:3947} INFO - Setting next_dagrun for abc_phones_etl_pipeline to 2026-05-12 00:00:00+00:00, run_after=2026-05-13 00:00:00+00:00
[2026-05-13T16:26:14.792+0000] {processor.py:183} INFO - Processing /opt/airflow/dags/abc_phones_etl_dag.py took 0.881 seconds
[2026-05-13T16:26:45.035+0000] {processor.py:161} INFO - Started process (PID=1492) to work on /opt/airflow/dags/abc_phones_etl_dag.py
[2026-05-13T16:26:45.036+0000] {processor.py:830} INFO - Processing file /opt/airflow/dags/abc_phones_etl_dag.py for tasks to queue
[2026-05-13T16:26:45.038+0000] {logging_mixin.py:188} INFO - [2026-05-13T16:26:45.037+0000] {dagbag.py:545} INFO - Filling up the DagBag from /opt/airflow/dags/abc_phones_etl_dag.py
[2026-05-13T16:26:45.620+0000] {processor.py:840} INFO - DAG(s) 'abc_phones_etl_pipeline' retrieved from /opt/airflow/dags/abc_phones_etl_dag.py
[2026-05-13T16:26:45.660+0000] {logging_mixin.py:188} INFO - [2026-05-13T16:26:45.659+0000] {dag.py:3089} INFO - Sync 1 DAGs
[2026-05-13T16:26:45.682+0000] {logging_mixin.py:188} INFO - [2026-05-13T16:26:45.682+0000] {dag.py:3947} INFO - Setting next_dagrun for abc_phones_etl_pipeline to 2026-05-12 00:00:00+00:00, run_after=2026-05-13 00:00:00+00:00
[2026-05-13T16:26:45.705+0000] {processor.py:183} INFO - Processing /opt/airflow/dags/abc_phones_etl_dag.py took 0.682 seconds
[2026-05-13T16:27:15.979+0000] {processor.py:161} INFO - Started process (PID=1494) to work on /opt/airflow/dags/abc_phones_etl_dag.py
[2026-05-13T16:27:15.980+0000] {processor.py:830} INFO - Processing file /opt/airflow/dags/abc_phones_etl_dag.py for tasks to queue
[2026-05-13T16:27:15.983+0000] {logging_mixin.py:188} INFO - [2026-05-13T16:27:15.982+0000] {dagbag.py:545} INFO - Filling up the DagBag from /opt/airflow/dags/abc_phones_etl_dag.py
[2026-05-13T16:27:16.677+0000] {processor.py:840} INFO - DAG(s) 'abc_phones_etl_pipeline' retrieved from /opt/airflow/dags/abc_phones_etl_dag.py
[2026-05-13T16:27:16.720+0000] {logging_mixin.py:188} INFO - [2026-05-13T16:27:16.719+0000] {dag.py:3089} INFO - Sync 1 DAGs
[2026-05-13T16:27:16.744+0000] {logging_mixin.py:188} INFO - [2026-05-13T16:27:16.744+0000] {dag.py:3947} INFO - Setting next_dagrun for abc_phones_etl_pipeline to 2026-05-12 00:00:00+00:00, run_after=2026-05-13 00:00:00+00:00
[2026-05-13T16:27:16.773+0000] {processor.py:183} INFO - Processing /opt/airflow/dags/abc_phones_etl_dag.py took 0.803 seconds
[2026-05-13T16:27:46.995+0000] {processor.py:161} INFO - Started process (PID=1496) to work on /opt/airflow/dags/abc_phones_etl_dag.py
[2026-05-13T16:27:46.997+0000] {processor.py:830} INFO - Processing file /opt/airflow/dags/abc_phones_etl_dag.py for tasks to queue
[2026-05-13T16:27:47.000+0000] {logging_mixin.py:188} INFO - [2026-05-13T16:27:46.999+0000] {dagbag.py:545} INFO - Filling up the DagBag from /opt/airflow/dags/abc_phones_etl_dag.py
[2026-05-13T16:27:47.772+0000] {processor.py:840} INFO - DAG(s) 'abc_phones_etl_pipeline' retrieved from /opt/airflow/dags/abc_phones_etl_dag.py
[2026-05-13T16:27:47.808+0000] {logging_mixin.py:188} INFO - [2026-05-13T16:27:47.808+0000] {dag.py:3089} INFO - Sync 1 DAGs
[2026-05-13T16:27:47.834+0000] {logging_mixin.py:188} INFO - [2026-05-13T16:27:47.834+0000] {dag.py:3947} INFO - Setting next_dagrun for abc_phones_etl_pipeline to 2026-05-12 00:00:00+00:00, run_after=2026-05-13 00:00:00+00:00
[2026-05-13T16:27:47.863+0000] {processor.py:183} INFO - Processing /opt/airflow/dags/abc_phones_etl_dag.py took 0.880 seconds
[2026-05-13T16:28:18.186+0000] {processor.py:161} INFO - Started process (PID=1504) to work on /opt/airflow/dags/abc_phones_etl_dag.py
[2026-05-13T16:28:18.190+0000] {processor.py:830} INFO - Processing file /opt/airflow/dags/abc_phones_etl_dag.py for tasks to queue
[2026-05-13T16:28:18.195+0000] {logging_mixin.py:188} INFO - [2026-05-13T16:28:18.194+0000] {dagbag.py:545} INFO - Filling up the DagBag from /opt/airflow/dags/abc_phones_etl_dag.py
[2026-05-13T16:28:19.252+0000] {processor.py:840} INFO - DAG(s) 'abc_phones_etl_pipeline' retrieved from /opt/airflow/dags/abc_phones_etl_dag.py
[2026-05-13T16:28:19.348+0000] {logging_mixin.py:188} INFO - [2026-05-13T16:28:19.347+0000] {dag.py:3089} INFO - Sync 1 DAGs
[2026-05-13T16:28:19.402+0000] {logging_mixin.py:188} INFO - [2026-05-13T16:28:19.401+0000] {dag.py:3947} INFO - Setting next_dagrun for abc_phones_etl_pipeline to 2026-05-12 00:00:00+00:00, run_after=2026-05-13 00:00:00+00:00
[2026-05-13T16:28:19.471+0000] {processor.py:183} INFO - Processing /opt/airflow/dags/abc_phones_etl_dag.py took 1.303 seconds
[2026-05-13T16:28:49.944+0000] {processor.py:161} INFO - Started process (PID=1512) to work on /opt/airflow/dags/abc_phones_etl_dag.py
[2026-05-13T16:28:49.946+0000] {processor.py:830} INFO - Processing file /opt/airflow/dags/abc_phones_etl_dag.py for tasks to queue
[2026-05-13T16:28:49.954+0000] {logging_mixin.py:188} INFO - [2026-05-13T16:28:49.953+0000] {dagbag.py:545} INFO - Filling up the DagBag from /opt/airflow/dags/abc_phones_etl_dag.py
[2026-05-13T16:28:51.928+0000] {processor.py:840} INFO - DAG(s) 'abc_phones_etl_pipeline' retrieved from /opt/airflow/dags/abc_phones_etl_dag.py
[2026-05-13T16:28:52.074+0000] {logging_mixin.py:188} INFO - [2026-05-13T16:28:52.073+0000] {dag.py:3089} INFO - Sync 1 DAGs
[2026-05-13T16:28:52.181+0000] {logging_mixin.py:188} INFO - [2026-05-13T16:28:52.181+0000] {dag.py:3947} INFO - Setting next_dagrun for abc_phones_etl_pipeline to 2026-05-12 00:00:00+00:00, run_after=2026-05-13 00:00:00+00:00
[2026-05-13T16:28:52.266+0000] {processor.py:183} INFO - Processing /opt/airflow/dags/abc_phones_etl_dag.py took 2.344 seconds
[2026-05-13T16:29:22.981+0000] {processor.py:161} INFO - Started process (PID=1514) to work on /opt/airflow/dags/abc_phones_etl_dag.py
[2026-05-13T16:29:22.982+0000] {processor.py:830} INFO - Processing file /opt/airflow/dags/abc_phones_etl_dag.py for tasks to queue
[2026-05-13T16:29:22.985+0000] {logging_mixin.py:188} INFO - [2026-05-13T16:29:22.984+0000] {dagbag.py:545} INFO - Filling up the DagBag from /opt/airflow/dags/abc_phones_etl_dag.py
[2026-05-13T16:29:23.924+0000] {processor.py:840} INFO - DAG(s) 'abc_phones_etl_pipeline' retrieved from /opt/airflow/dags/abc_phones_etl_dag.py
[2026-05-13T16:29:23.971+0000] {logging_mixin.py:188} INFO - [2026-05-13T16:29:23.970+0000] {dag.py:3089} INFO - Sync 1 DAGs
[2026-05-13T16:29:24.011+0000] {logging_mixin.py:188} INFO - [2026-05-13T16:29:24.011+0000] {dag.py:3947} INFO - Setting next_dagrun for abc_phones_etl_pipeline to 2026-05-12 00:00:00+00:00, run_after=2026-05-13 00:00:00+00:00
[2026-05-13T16:29:24.041+0000] {processor.py:183} INFO - Processing /opt/airflow/dags/abc_phones_etl_dag.py took 1.074 seconds
[2026-05-13T16:29:54.475+0000] {processor.py:161} INFO - Started process (PID=1516) to work on /opt/airflow/dags/abc_phones_etl_dag.py
[2026-05-13T16:29:54.476+0000] {processor.py:830} INFO - Processing file /opt/airflow/dags/abc_phones_etl_dag.py for tasks to queue
[2026-05-13T16:29:54.480+0000] {logging_mixin.py:188} INFO - [2026-05-13T16:29:54.479+0000] {dagbag.py:545} INFO - Filling up the DagBag from /opt/airflow/dags/abc_phones_etl_dag.py
[2026-05-13T16:29:55.883+0000] {processor.py:840} INFO - DAG(s) 'abc_phones_etl_pipeline' retrieved from /opt/airflow/dags/abc_phones_etl_dag.py
[2026-05-13T16:29:55.996+0000] {logging_mixin.py:188} INFO - [2026-05-13T16:29:55.995+0000] {dag.py:3089} INFO - Sync 1 DAGs
[2026-05-13T16:29:56.079+0000] {logging_mixin.py:188} INFO - [2026-05-13T16:29:56.078+0000] {dag.py:3947} INFO - Setting next_dagrun for abc_phones_etl_pipeline to 2026-05-12 00:00:00+00:00, run_after=2026-05-13 00:00:00+00:00
[2026-05-13T16:29:56.145+0000] {processor.py:183} INFO - Processing /opt/airflow/dags/abc_phones_etl_dag.py took 1.692 seconds
[2026-05-13T16:30:26.405+0000] {processor.py:161} INFO - Started process (PID=1518) to work on /opt/airflow/dags/abc_phones_etl_dag.py
[2026-05-13T16:30:26.406+0000] {processor.py:830} INFO - Processing file /opt/airflow/dags/abc_phones_etl_dag.py for tasks to queue
[2026-05-13T16:30:26.409+0000] {logging_mixin.py:188} INFO - [2026-05-13T16:30:26.409+0000] {dagbag.py:545} INFO - Filling up the DagBag from /opt/airflow/dags/abc_phones_etl_dag.py
[2026-05-13T16:30:27.645+0000] {processor.py:840} INFO - DAG(s) 'abc_phones_etl_pipeline' retrieved from /opt/airflow/dags/abc_phones_etl_dag.py
[2026-05-13T16:30:27.704+0000] {logging_mixin.py:188} INFO - [2026-05-13T16:30:27.704+0000] {dag.py:3089} INFO - Sync 1 DAGs
[2026-05-13T16:30:27.742+0000] {logging_mixin.py:188} INFO - [2026-05-13T16:30:27.742+0000] {dag.py:3947} INFO - Setting next_dagrun for abc_phones_etl_pipeline to 2026-05-12 00:00:00+00:00, run_after=2026-05-13 00:00:00+00:00
[2026-05-13T16:30:27.793+0000] {processor.py:183} INFO - Processing /opt/airflow/dags/abc_phones_etl_dag.py took 1.404 seconds
[2026-05-13T16:30:58.108+0000] {processor.py:161} INFO - Started process (PID=1520) to work on /opt/airflow/dags/abc_phones_etl_dag.py
[2026-05-13T16:30:58.110+0000] {processor.py:830} INFO - Processing file /opt/airflow/dags/abc_phones_etl_dag.py for tasks to queue
[2026-05-13T16:30:58.113+0000] {logging_mixin.py:188} INFO - [2026-05-13T16:30:58.113+0000] {dagbag.py:545} INFO - Filling up the DagBag from /opt/airflow/dags/abc_phones_etl_dag.py
[2026-05-13T16:30:59.087+0000] {processor.py:840} INFO - DAG(s) 'abc_phones_etl_pipeline' retrieved from /opt/airflow/dags/abc_phones_etl_dag.py
[2026-05-13T16:30:59.138+0000] {logging_mixin.py:188} INFO - [2026-05-13T16:30:59.137+0000] {dag.py:3089} INFO - Sync 1 DAGs
[2026-05-13T16:30:59.172+0000] {logging_mixin.py:188} INFO - [2026-05-13T16:30:59.172+0000] {dag.py:3947} INFO - Setting next_dagrun for abc_phones_etl_pipeline to 2026-05-12 00:00:00+00:00, run_after=2026-05-13 00:00:00+00:00
[2026-05-13T16:30:59.230+0000] {processor.py:183} INFO - Processing /opt/airflow/dags/abc_phones_etl_dag.py took 1.139 seconds
[2026-05-13T16:31:29.678+0000] {processor.py:161} INFO - Started process (PID=1523) to work on /opt/airflow/dags/abc_phones_etl_dag.py
[2026-05-13T16:31:29.680+0000] {processor.py:830} INFO - Processing file /opt/airflow/dags/abc_phones_etl_dag.py for tasks to queue
[2026-05-13T16:31:29.684+0000] {logging_mixin.py:188} INFO - [2026-05-13T16:31:29.683+0000] {dagbag.py:545} INFO - Filling up the DagBag from /opt/airflow/dags/abc_phones_etl_dag.py
[2026-05-13T16:31:31.759+0000] {processor.py:840} INFO - DAG(s) 'abc_phones_etl_pipeline' retrieved from /opt/airflow/dags/abc_phones_etl_dag.py
[2026-05-13T16:31:31.952+0000] {logging_mixin.py:188} INFO - [2026-05-13T16:31:31.951+0000] {dag.py:3089} INFO - Sync 1 DAGs
[2026-05-13T16:31:32.066+0000] {logging_mixin.py:188} INFO - [2026-05-13T16:31:32.065+0000] {dag.py:3947} INFO - Setting next_dagrun for abc_phones_etl_pipeline to 2026-05-13 00:00:00+00:00, run_after=2026-05-14 00:00:00+00:00
[2026-05-13T16:31:32.185+0000] {processor.py:183} INFO - Processing /opt/airflow/dags/abc_phones_etl_dag.py took 2.523 seconds
[2026-05-13T16:32:02.967+0000] {processor.py:161} INFO - Started process (PID=1530) to work on /opt/airflow/dags/abc_phones_etl_dag.py
[2026-05-13T16:32:02.976+0000] {processor.py:830} INFO - Processing file /opt/airflow/dags/abc_phones_etl_dag.py for tasks to queue
[2026-05-13T16:32:02.988+0000] {logging_mixin.py:188} INFO - [2026-05-13T16:32:02.987+0000] {dagbag.py:545} INFO - Filling up the DagBag from /opt/airflow/dags/abc_phones_etl_dag.py
[2026-05-13T16:32:04.737+0000] {processor.py:840} INFO - DAG(s) 'abc_phones_etl_pipeline' retrieved from /opt/airflow/dags/abc_phones_etl_dag.py
[2026-05-13T16:32:04.904+0000] {logging_mixin.py:188} INFO - [2026-05-13T16:32:04.903+0000] {dag.py:3089} INFO - Sync 1 DAGs
[2026-05-13T16:32:04.983+0000] {logging_mixin.py:188} INFO - [2026-05-13T16:32:04.980+0000] {dag.py:3947} INFO - Setting next_dagrun for abc_phones_etl_pipeline to 2026-05-13 00:00:00+00:00, run_after=2026-05-14 00:00:00+00:00
[2026-05-13T16:32:05.104+0000] {processor.py:183} INFO - Processing /opt/airflow/dags/abc_phones_etl_dag.py took 2.186 seconds
[2026-05-13T16:32:35.263+0000] {processor.py:161} INFO - Started process (PID=1532) to work on /opt/airflow/dags/abc_phones_etl_dag.py
[2026-05-13T16:32:35.265+0000] {processor.py:830} INFO - Processing file /opt/airflow/dags/abc_phones_etl_dag.py for tasks to queue
[2026-05-13T16:32:35.270+0000] {logging_mixin.py:188} INFO - [2026-05-13T16:32:35.267+0000] {dagbag.py:545} INFO - Filling up the DagBag from /opt/airflow/dags/abc_phones_etl_dag.py
[2026-05-13T16:32:36.760+0000] {processor.py:840} INFO - DAG(s) 'abc_phones_etl_pipeline' retrieved from /opt/airflow/dags/abc_phones_etl_dag.py
[2026-05-13T16:32:36.872+0000] {logging_mixin.py:188} INFO - [2026-05-13T16:32:36.871+0000] {dag.py:3089} INFO - Sync 1 DAGs
[2026-05-13T16:32:36.968+0000] {logging_mixin.py:188} INFO - [2026-05-13T16:32:36.967+0000] {dag.py:3947} INFO - Setting next_dagrun for abc_phones_etl_pipeline to 2026-05-13 00:00:00+00:00, run_after=2026-05-14 00:00:00+00:00
[2026-05-13T16:32:37.130+0000] {processor.py:183} INFO - Processing /opt/airflow/dags/abc_phones_etl_dag.py took 1.885 seconds
[2026-05-13T16:33:07.634+0000] {processor.py:161} INFO - Started process (PID=1534) to work on /opt/airflow/dags/abc_phones_etl_dag.py
[2026-05-13T16:33:07.636+0000] {processor.py:830} INFO - Processing file /opt/airflow/dags/abc_phones_etl_dag.py for tasks to queue
[2026-05-13T16:33:07.643+0000] {logging_mixin.py:188} INFO - [2026-05-13T16:33:07.643+0000] {dagbag.py:545} INFO - Filling up the DagBag from /opt/airflow/dags/abc_phones_etl_dag.py
[2026-05-13T16:33:10.247+0000] {processor.py:840} INFO - DAG(s) 'abc_phones_etl_pipeline' retrieved from /opt/airflow/dags/abc_phones_etl_dag.py
[2026-05-13T16:33:10.310+0000] {logging_mixin.py:188} INFO - [2026-05-13T16:33:10.309+0000] {dag.py:3089} INFO - Sync 1 DAGs
[2026-05-13T16:33:10.355+0000] {logging_mixin.py:188} INFO - [2026-05-13T16:33:10.355+0000] {dag.py:3947} INFO - Setting next_dagrun for abc_phones_etl_pipeline to 2026-05-13 00:00:00+00:00, run_after=2026-05-14 00:00:00+00:00
[2026-05-13T16:33:10.421+0000] {processor.py:183} INFO - Processing /opt/airflow/dags/abc_phones_etl_dag.py took 2.821 seconds
[2026-05-13T16:33:40.778+0000] {processor.py:161} INFO - Started process (PID=1536) to work on /opt/airflow/dags/abc_phones_etl_dag.py
[2026-05-13T16:33:40.780+0000] {processor.py:830} INFO - Processing file /opt/airflow/dags/abc_phones_etl_dag.py for tasks to queue
[2026-05-13T16:33:40.786+0000] {logging_mixin.py:188} INFO - [2026-05-13T16:33:40.785+0000] {dagbag.py:545} INFO - Filling up the DagBag from /opt/airflow/dags/abc_phones_etl_dag.py
[2026-05-13T16:33:41.972+0000] {processor.py:840} INFO - DAG(s) 'abc_phones_etl_pipeline' retrieved from /opt/airflow/dags/abc_phones_etl_dag.py
[2026-05-13T16:33:42.038+0000] {logging_mixin.py:188} INFO - [2026-05-13T16:33:42.037+0000] {dag.py:3089} INFO - Sync 1 DAGs
[2026-05-13T16:33:42.074+0000] {logging_mixin.py:188} INFO - [2026-05-13T16:33:42.073+0000] {dag.py:3947} INFO - Setting next_dagrun for abc_phones_etl_pipeline to 2026-05-13 00:00:00+00:00, run_after=2026-05-14 00:00:00+00:00
[2026-05-13T16:33:42.111+0000] {processor.py:183} INFO - Processing /opt/airflow/dags/abc_phones_etl_dag.py took 1.354 seconds
[2026-05-13T16:34:12.574+0000] {processor.py:161} INFO - Started process (PID=1538) to work on /opt/airflow/dags/abc_phones_etl_dag.py
[2026-05-13T16:34:12.576+0000] {processor.py:830} INFO - Processing file /opt/airflow/dags/abc_phones_etl_dag.py for tasks to queue
[2026-05-13T16:34:12.580+0000] {logging_mixin.py:188} INFO - [2026-05-13T16:34:12.580+0000] {dagbag.py:545} INFO - Filling up the DagBag from /opt/airflow/dags/abc_phones_etl_dag.py
[2026-05-13T16:34:13.757+0000] {processor.py:840} INFO - DAG(s) 'abc_phones_etl_pipeline' retrieved from /opt/airflow/dags/abc_phones_etl_dag.py
[2026-05-13T16:34:13.813+0000] {logging_mixin.py:188} INFO - [2026-05-13T16:34:13.812+0000] {dag.py:3089} INFO - Sync 1 DAGs
[2026-05-13T16:34:13.858+0000] {logging_mixin.py:188} INFO - [2026-05-13T16:34:13.858+0000] {dag.py:3947} INFO - Setting next_dagrun for abc_phones_etl_pipeline to 2026-05-13 00:00:00+00:00, run_after=2026-05-14 00:00:00+00:00
[2026-05-13T16:34:13.896+0000] {processor.py:183} INFO - Processing /opt/airflow/dags/abc_phones_etl_dag.py took 1.338 seconds
[2026-05-13T16:34:44.319+0000] {processor.py:161} INFO - Started process (PID=1540) to work on /opt/airflow/dags/abc_phones_etl_dag.py
[2026-05-13T16:34:44.321+0000] {processor.py:830} INFO - Processing file /opt/airflow/dags/abc_phones_etl_dag.py for tasks to queue
[2026-05-13T16:34:44.325+0000] {logging_mixin.py:188} INFO - [2026-05-13T16:34:44.325+0000] {dagbag.py:545} INFO - Filling up the DagBag from /opt/airflow/dags/abc_phones_etl_dag.py
[2026-05-13T16:34:45.614+0000] {processor.py:840} INFO - DAG(s) 'abc_phones_etl_pipeline' retrieved from /opt/airflow/dags/abc_phones_etl_dag.py
[2026-05-13T16:34:45.685+0000] {logging_mixin.py:188} INFO - [2026-05-13T16:34:45.684+0000] {dag.py:3089} INFO - Sync 1 DAGs
[2026-05-13T16:34:45.728+0000] {logging_mixin.py:188} INFO - [2026-05-13T16:34:45.728+0000] {dag.py:3947} INFO - Setting next_dagrun for abc_phones_etl_pipeline to 2026-05-13 00:00:00+00:00, run_after=2026-05-14 00:00:00+00:00
[2026-05-13T16:34:45.795+0000] {processor.py:183} INFO - Processing /opt/airflow/dags/abc_phones_etl_dag.py took 1.493 seconds
[2026-05-13T16:35:16.115+0000] {processor.py:161} INFO - Started process (PID=1542) to work on /opt/airflow/dags/abc_phones_etl_dag.py
[2026-05-13T16:35:16.117+0000] {processor.py:830} INFO - Processing file /opt/airflow/dags/abc_phones_etl_dag.py for tasks to queue
[2026-05-13T16:35:16.121+0000] {logging_mixin.py:188} INFO - [2026-05-13T16:35:16.120+0000] {dagbag.py:545} INFO - Filling up the DagBag from /opt/airflow/dags/abc_phones_etl_dag.py
[2026-05-13T16:35:17.537+0000] {processor.py:840} INFO - DAG(s) 'abc_phones_etl_pipeline' retrieved from /opt/airflow/dags/abc_phones_etl_dag.py
[2026-05-13T16:35:17.621+0000] {logging_mixin.py:188} INFO - [2026-05-13T16:35:17.620+0000] {dag.py:3089} INFO - Sync 1 DAGs
[2026-05-13T16:35:17.670+0000] {logging_mixin.py:188} INFO - [2026-05-13T16:35:17.669+0000] {dag.py:3947} INFO - Setting next_dagrun for abc_phones_etl_pipeline to 2026-05-13 00:00:00+00:00, run_after=2026-05-14 00:00:00+00:00
[2026-05-13T16:35:17.737+0000] {processor.py:183} INFO - Processing /opt/airflow/dags/abc_phones_etl_dag.py took 1.642 seconds
[2026-05-13T16:35:48.284+0000] {processor.py:161} INFO - Started process (PID=1550) to work on /opt/airflow/dags/abc_phones_etl_dag.py
[2026-05-13T16:35:48.286+0000] {processor.py:830} INFO - Processing file /opt/airflow/dags/abc_phones_etl_dag.py for tasks to queue
[2026-05-13T16:35:48.289+0000] {logging_mixin.py:188} INFO - [2026-05-13T16:35:48.288+0000] {dagbag.py:545} INFO - Filling up the DagBag from /opt/airflow/dags/abc_phones_etl_dag.py
[2026-05-13T16:35:49.526+0000] {processor.py:840} INFO - DAG(s) 'abc_phones_etl_pipeline' retrieved from /opt/airflow/dags/abc_phones_etl_dag.py
[2026-05-13T16:35:49.581+0000] {logging_mixin.py:188} INFO - [2026-05-13T16:35:49.580+0000] {dag.py:3089} INFO - Sync 1 DAGs
[2026-05-13T16:35:49.617+0000] {logging_mixin.py:188} INFO - [2026-05-13T16:35:49.617+0000] {dag.py:3947} INFO - Setting next_dagrun for abc_phones_etl_pipeline to 2026-05-13 00:00:00+00:00, run_after=2026-05-14 00:00:00+00:00
[2026-05-13T16:35:49.675+0000] {processor.py:183} INFO - Processing /opt/airflow/dags/abc_phones_etl_dag.py took 1.417 seconds
[2026-05-13T16:36:19.961+0000] {processor.py:161} INFO - Started process (PID=1564) to work on /opt/airflow/dags/abc_phones_etl_dag.py
[2026-05-13T16:36:19.964+0000] {processor.py:830} INFO - Processing file /opt/airflow/dags/abc_phones_etl_dag.py for tasks to queue
[2026-05-13T16:36:19.968+0000] {logging_mixin.py:188} INFO - [2026-05-13T16:36:19.967+0000] {dagbag.py:545} INFO - Filling up the DagBag from /opt/airflow/dags/abc_phones_etl_dag.py
[2026-05-13T16:36:21.087+0000] {processor.py:840} INFO - DAG(s) 'abc_phones_etl_pipeline' retrieved from /opt/airflow/dags/abc_phones_etl_dag.py
[2026-05-13T16:36:21.139+0000] {logging_mixin.py:188} INFO - [2026-05-13T16:36:21.138+0000] {dag.py:3089} INFO - Sync 1 DAGs
[2026-05-13T16:36:21.178+0000] {logging_mixin.py:188} INFO - [2026-05-13T16:36:21.178+0000] {dag.py:3947} INFO - Setting next_dagrun for abc_phones_etl_pipeline to 2026-05-13 00:00:00+00:00, run_after=2026-05-14 00:00:00+00:00
[2026-05-13T16:36:21.215+0000] {processor.py:183} INFO - Processing /opt/airflow/dags/abc_phones_etl_dag.py took 1.273 seconds
[2026-05-13T16:36:51.532+0000] {processor.py:161} INFO - Started process (PID=1585) to work on /opt/airflow/dags/abc_phones_etl_dag.py
[2026-05-13T16:36:51.534+0000] {processor.py:830} INFO - Processing file /opt/airflow/dags/abc_phones_etl_dag.py for tasks to queue
[2026-05-13T16:36:51.538+0000] {logging_mixin.py:188} INFO - [2026-05-13T16:36:51.538+0000] {dagbag.py:545} INFO - Filling up the DagBag from /opt/airflow/dags/abc_phones_etl_dag.py
[2026-05-13T16:36:52.692+0000] {processor.py:840} INFO - DAG(s) 'abc_phones_etl_pipeline' retrieved from /opt/airflow/dags/abc_phones_etl_dag.py
[2026-05-13T16:36:52.760+0000] {logging_mixin.py:188} INFO - [2026-05-13T16:36:52.759+0000] {dag.py:3089} INFO - Sync 1 DAGs
[2026-05-13T16:36:52.802+0000] {logging_mixin.py:188} INFO - [2026-05-13T16:36:52.801+0000] {dag.py:3947} INFO - Setting next_dagrun for abc_phones_etl_pipeline to 2026-05-13 00:00:00+00:00, run_after=2026-05-14 00:00:00+00:00
[2026-05-13T16:36:52.864+0000] {processor.py:183} INFO - Processing /opt/airflow/dags/abc_phones_etl_dag.py took 1.350 seconds
[2026-05-13T16:37:23.371+0000] {processor.py:161} INFO - Started process (PID=1598) to work on /opt/airflow/dags/abc_phones_etl_dag.py
[2026-05-13T16:37:23.372+0000] {processor.py:830} INFO - Processing file /opt/airflow/dags/abc_phones_etl_dag.py for tasks to queue
[2026-05-13T16:37:23.376+0000] {logging_mixin.py:188} INFO - [2026-05-13T16:37:23.376+0000] {dagbag.py:545} INFO - Filling up the DagBag from /opt/airflow/dags/abc_phones_etl_dag.py
[2026-05-13T16:37:24.291+0000] {processor.py:840} INFO - DAG(s) 'abc_phones_etl_pipeline' retrieved from /opt/airflow/dags/abc_phones_etl_dag.py
[2026-05-13T16:37:24.343+0000] {logging_mixin.py:188} INFO - [2026-05-13T16:37:24.342+0000] {dag.py:3089} INFO - Sync 1 DAGs
[2026-05-13T16:37:24.387+0000] {logging_mixin.py:188} INFO - [2026-05-13T16:37:24.387+0000] {dag.py:3947} INFO - Setting next_dagrun for abc_phones_etl_pipeline to 2026-05-13 00:00:00+00:00, run_after=2026-05-14 00:00:00+00:00
[2026-05-13T16:37:24.437+0000] {processor.py:183} INFO - Processing /opt/airflow/dags/abc_phones_etl_dag.py took 1.081 seconds
[2026-05-13T16:37:55.255+0000] {processor.py:161} INFO - Started process (PID=1600) to work on /opt/airflow/dags/abc_phones_etl_dag.py
[2026-05-13T16:37:55.271+0000] {processor.py:830} INFO - Processing file /opt/airflow/dags/abc_phones_etl_dag.py for tasks to queue
[2026-05-13T16:37:55.291+0000] {logging_mixin.py:188} INFO - [2026-05-13T16:37:55.288+0000] {dagbag.py:545} INFO - Filling up the DagBag from /opt/airflow/dags/abc_phones_etl_dag.py
[2026-05-13T16:37:57.996+0000] {processor.py:840} INFO - DAG(s) 'abc_phones_etl_pipeline' retrieved from /opt/airflow/dags/abc_phones_etl_dag.py
[2026-05-13T16:37:58.194+0000] {logging_mixin.py:188} INFO - [2026-05-13T16:37:58.193+0000] {dag.py:3089} INFO - Sync 1 DAGs
[2026-05-13T16:37:58.300+0000] {logging_mixin.py:188} INFO - [2026-05-13T16:37:58.300+0000] {dag.py:3947} INFO - Setting next_dagrun for abc_phones_etl_pipeline to 2026-05-13 00:00:00+00:00, run_after=2026-05-14 00:00:00+00:00
[2026-05-13T16:37:58.345+0000] {processor.py:183} INFO - Processing /opt/airflow/dags/abc_phones_etl_dag.py took 3.238 seconds
[2026-05-13T16:38:28.851+0000] {processor.py:161} INFO - Started process (PID=1602) to work on /opt/airflow/dags/abc_phones_etl_dag.py
[2026-05-13T16:38:28.853+0000] {processor.py:830} INFO - Processing file /opt/airflow/dags/abc_phones_etl_dag.py for tasks to queue
[2026-05-13T16:38:28.858+0000] {logging_mixin.py:188} INFO - [2026-05-13T16:38:28.856+0000] {dagbag.py:545} INFO - Filling up the DagBag from /opt/airflow/dags/abc_phones_etl_dag.py
[2026-05-13T16:38:29.857+0000] {processor.py:840} INFO - DAG(s) 'abc_phones_etl_pipeline' retrieved from /opt/airflow/dags/abc_phones_etl_dag.py
[2026-05-13T16:38:29.982+0000] {logging_mixin.py:188} INFO - [2026-05-13T16:38:29.980+0000] {dag.py:3089} INFO - Sync 1 DAGs
[2026-05-13T16:38:30.044+0000] {logging_mixin.py:188} INFO - [2026-05-13T16:38:30.044+0000] {dag.py:3947} INFO - Setting next_dagrun for abc_phones_etl_pipeline to 2026-05-13 00:00:00+00:00, run_after=2026-05-14 00:00:00+00:00
[2026-05-13T16:38:30.085+0000] {processor.py:183} INFO - Processing /opt/airflow/dags/abc_phones_etl_dag.py took 1.255 seconds
[2026-05-13T16:39:00.404+0000] {processor.py:161} INFO - Started process (PID=1604) to work on /opt/airflow/dags/abc_phones_etl_dag.py
[2026-05-13T16:39:00.406+0000] {processor.py:830} INFO - Processing file /opt/airflow/dags/abc_phones_etl_dag.py for tasks to queue
[2026-05-13T16:39:00.410+0000] {logging_mixin.py:188} INFO - [2026-05-13T16:39:00.409+0000] {dagbag.py:545} INFO - Filling up the DagBag from /opt/airflow/dags/abc_phones_etl_dag.py
[2026-05-13T16:39:01.651+0000] {processor.py:840} INFO - DAG(s) 'abc_phones_etl_pipeline' retrieved from /opt/airflow/dags/abc_phones_etl_dag.py
[2026-05-13T16:39:01.712+0000] {logging_mixin.py:188} INFO - [2026-05-13T16:39:01.712+0000] {dag.py:3089} INFO - Sync 1 DAGs
[2026-05-13T16:39:01.749+0000] {logging_mixin.py:188} INFO - [2026-05-13T16:39:01.748+0000] {dag.py:3947} INFO - Setting next_dagrun for abc_phones_etl_pipeline to 2026-05-13 00:00:00+00:00, run_after=2026-05-14 00:00:00+00:00
[2026-05-13T16:39:01.784+0000] {processor.py:183} INFO - Processing /opt/airflow/dags/abc_phones_etl_dag.py took 1.395 seconds
[2026-05-13T16:39:32.225+0000] {processor.py:161} INFO - Started process (PID=1606) to work on /opt/airflow/dags/abc_phones_etl_dag.py
[2026-05-13T16:39:32.228+0000] {processor.py:830} INFO - Processing file /opt/airflow/dags/abc_phones_etl_dag.py for tasks to queue
[2026-05-13T16:39:32.231+0000] {logging_mixin.py:188} INFO - [2026-05-13T16:39:32.231+0000] {dagbag.py:545} INFO - Filling up the DagBag from /opt/airflow/dags/abc_phones_etl_dag.py
[2026-05-13T16:39:33.326+0000] {processor.py:840} INFO - DAG(s) 'abc_phones_etl_pipeline' retrieved from /opt/airflow/dags/abc_phones_etl_dag.py
[2026-05-13T16:39:33.376+0000] {logging_mixin.py:188} INFO - [2026-05-13T16:39:33.375+0000] {dag.py:3089} INFO - Sync 1 DAGs
[2026-05-13T16:39:33.408+0000] {logging_mixin.py:188} INFO - [2026-05-13T16:39:33.408+0000] {dag.py:3947} INFO - Setting next_dagrun for abc_phones_etl_pipeline to 2026-05-13 00:00:00+00:00, run_after=2026-05-14 00:00:00+00:00
[2026-05-13T16:39:33.454+0000] {processor.py:183} INFO - Processing /opt/airflow/dags/abc_phones_etl_dag.py took 1.245 seconds
[2026-05-13T16:40:03.806+0000] {processor.py:161} INFO - Started process (PID=1608) to work on /opt/airflow/dags/abc_phones_etl_dag.py
[2026-05-13T16:40:03.808+0000] {processor.py:830} INFO - Processing file /opt/airflow/dags/abc_phones_etl_dag.py for tasks to queue
[2026-05-13T16:40:03.811+0000] {logging_mixin.py:188} INFO - [2026-05-13T16:40:03.810+0000] {dagbag.py:545} INFO - Filling up the DagBag from /opt/airflow/dags/abc_phones_etl_dag.py
[2026-05-13T16:40:04.619+0000] {processor.py:840} INFO - DAG(s) 'abc_phones_etl_pipeline' retrieved from /opt/airflow/dags/abc_phones_etl_dag.py
[2026-05-13T16:40:04.660+0000] {logging_mixin.py:188} INFO - [2026-05-13T16:40:04.659+0000] {dag.py:3089} INFO - Sync 1 DAGs
[2026-05-13T16:40:04.686+0000] {logging_mixin.py:188} INFO - [2026-05-13T16:40:04.686+0000] {dag.py:3947} INFO - Setting next_dagrun for abc_phones_etl_pipeline to 2026-05-13 00:00:00+00:00, run_after=2026-05-14 00:00:00+00:00
[2026-05-13T16:40:04.720+0000] {processor.py:183} INFO - Processing /opt/airflow/dags/abc_phones_etl_dag.py took 0.931 seconds
[2026-05-13T16:40:35.114+0000] {processor.py:161} INFO - Started process (PID=1610) to work on /opt/airflow/dags/abc_phones_etl_dag.py
[2026-05-13T16:40:35.116+0000] {processor.py:830} INFO - Processing file /opt/airflow/dags/abc_phones_etl_dag.py for tasks to queue
[2026-05-13T16:40:35.119+0000] {logging_mixin.py:188} INFO - [2026-05-13T16:40:35.119+0000] {dagbag.py:545} INFO - Filling up the DagBag from /opt/airflow/dags/abc_phones_etl_dag.py
[2026-05-13T16:40:36.065+0000] {processor.py:840} INFO - DAG(s) 'abc_phones_etl_pipeline' retrieved from /opt/airflow/dags/abc_phones_etl_dag.py
[2026-05-13T16:40:36.105+0000] {logging_mixin.py:188} INFO - [2026-05-13T16:40:36.104+0000] {dag.py:3089} INFO - Sync 1 DAGs
[2026-05-13T16:40:36.129+0000] {logging_mixin.py:188} INFO - [2026-05-13T16:40:36.129+0000] {dag.py:3947} INFO - Setting next_dagrun for abc_phones_etl_pipeline to 2026-05-13 00:00:00+00:00, run_after=2026-05-14 00:00:00+00:00
[2026-05-13T16:40:36.182+0000] {processor.py:183} INFO - Processing /opt/airflow/dags/abc_phones_etl_dag.py took 1.082 seconds
[2026-05-13T16:41:06.509+0000] {processor.py:161} INFO - Started process (PID=1612) to work on /opt/airflow/dags/abc_phones_etl_dag.py
[2026-05-13T16:41:06.512+0000] {processor.py:830} INFO - Processing file /opt/airflow/dags/abc_phones_etl_dag.py for tasks to queue
[2026-05-13T16:41:06.517+0000] {logging_mixin.py:188} INFO - [2026-05-13T16:41:06.516+0000] {dagbag.py:545} INFO - Filling up the DagBag from /opt/airflow/dags/abc_phones_etl_dag.py
[2026-05-13T16:41:08.231+0000] {processor.py:840} INFO - DAG(s) 'abc_phones_etl_pipeline' retrieved from /opt/airflow/dags/abc_phones_etl_dag.py
[2026-05-13T16:41:08.436+0000] {logging_mixin.py:188} INFO - [2026-05-13T16:41:08.435+0000] {dag.py:3089} INFO - Sync 1 DAGs
[2026-05-13T16:41:08.601+0000] {logging_mixin.py:188} INFO - [2026-05-13T16:41:08.600+0000] {dag.py:3947} INFO - Setting next_dagrun for abc_phones_etl_pipeline to 2026-05-13 00:00:00+00:00, run_after=2026-05-14 00:00:00+00:00
[2026-05-13T16:41:08.727+0000] {processor.py:183} INFO - Processing /opt/airflow/dags/abc_phones_etl_dag.py took 2.234 seconds
[2026-05-13T18:42:27.009+0000] {processor.py:161} INFO - Started process (PID=1615) to work on /opt/airflow/dags/abc_phones_etl_dag.py
[2026-05-13T18:42:27.012+0000] {processor.py:830} INFO - Processing file /opt/airflow/dags/abc_phones_etl_dag.py for tasks to queue
[2026-05-13T18:42:27.101+0000] {logging_mixin.py:188} INFO - [2026-05-13T18:42:27.099+0000] {dagbag.py:545} INFO - Filling up the DagBag from /opt/airflow/dags/abc_phones_etl_dag.py
[2026-05-13T18:42:50.684+0000] {processor.py:840} INFO - DAG(s) 'abc_phones_etl_pipeline' retrieved from /opt/airflow/dags/abc_phones_etl_dag.py
[2026-05-13T18:42:51.139+0000] {logging_mixin.py:188} INFO - [2026-05-13T18:42:51.138+0000] {dag.py:3089} INFO - Sync 1 DAGs
[2026-05-13T18:42:51.316+0000] {logging_mixin.py:188} INFO - [2026-05-13T18:42:51.315+0000] {dag.py:3947} INFO - Setting next_dagrun for abc_phones_etl_pipeline to 2026-05-13 00:00:00+00:00, run_after=2026-05-14 00:00:00+00:00
[2026-05-13T18:42:51.514+0000] {processor.py:183} INFO - Processing /opt/airflow/dags/abc_phones_etl_dag.py took 24.726 seconds
[2026-05-13T18:43:22.172+0000] {processor.py:161} INFO - Started process (PID=1621) to work on /opt/airflow/dags/abc_phones_etl_dag.py
[2026-05-13T18:43:22.178+0000] {processor.py:830} INFO - Processing file /opt/airflow/dags/abc_phones_etl_dag.py for tasks to queue
[2026-05-13T18:43:22.194+0000] {logging_mixin.py:188} INFO - [2026-05-13T18:43:22.193+0000] {dagbag.py:545} INFO - Filling up the DagBag from /opt/airflow/dags/abc_phones_etl_dag.py
[2026-05-13T18:43:27.911+0000] {processor.py:840} INFO - DAG(s) 'abc_phones_etl_pipeline' retrieved from /opt/airflow/dags/abc_phones_etl_dag.py
[2026-05-13T18:43:28.162+0000] {logging_mixin.py:188} INFO - [2026-05-13T18:43:28.161+0000] {dag.py:3089} INFO - Sync 1 DAGs
[2026-05-13T18:43:28.361+0000] {logging_mixin.py:188} INFO - [2026-05-13T18:43:28.360+0000] {dag.py:3947} INFO - Setting next_dagrun for abc_phones_etl_pipeline to 2026-05-13 00:00:00+00:00, run_after=2026-05-14 00:00:00+00:00
[2026-05-13T18:43:28.486+0000] {processor.py:183} INFO - Processing /opt/airflow/dags/abc_phones_etl_dag.py took 6.366 seconds
[2026-05-13T18:43:59.001+0000] {processor.py:161} INFO - Started process (PID=1630) to work on /opt/airflow/dags/abc_phones_etl_dag.py
[2026-05-13T18:43:59.003+0000] {processor.py:830} INFO - Processing file /opt/airflow/dags/abc_phones_etl_dag.py for tasks to queue
[2026-05-13T18:43:59.012+0000] {logging_mixin.py:188} INFO - [2026-05-13T18:43:59.010+0000] {dagbag.py:545} INFO - Filling up the DagBag from /opt/airflow/dags/abc_phones_etl_dag.py
[2026-05-13T18:44:00.827+0000] {processor.py:840} INFO - DAG(s) 'abc_phones_etl_pipeline' retrieved from /opt/airflow/dags/abc_phones_etl_dag.py
[2026-05-13T18:44:00.877+0000] {logging_mixin.py:188} INFO - [2026-05-13T18:44:00.876+0000] {dag.py:3089} INFO - Sync 1 DAGs
[2026-05-13T18:44:00.907+0000] {logging_mixin.py:188} INFO - [2026-05-13T18:44:00.907+0000] {dag.py:3947} INFO - Setting next_dagrun for abc_phones_etl_pipeline to 2026-05-13 00:00:00+00:00, run_after=2026-05-14 00:00:00+00:00
[2026-05-13T18:44:00.943+0000] {processor.py:183} INFO - Processing /opt/airflow/dags/abc_phones_etl_dag.py took 1.971 seconds
[2026-05-13T18:44:31.341+0000] {processor.py:161} INFO - Started process (PID=1632) to work on /opt/airflow/dags/abc_phones_etl_dag.py
[2026-05-13T18:44:31.342+0000] {processor.py:830} INFO - Processing file /opt/airflow/dags/abc_phones_etl_dag.py for tasks to queue
[2026-05-13T18:44:31.345+0000] {logging_mixin.py:188} INFO - [2026-05-13T18:44:31.345+0000] {dagbag.py:545} INFO - Filling up the DagBag from /opt/airflow/dags/abc_phones_etl_dag.py
[2026-05-13T18:44:32.569+0000] {processor.py:840} INFO - DAG(s) 'abc_phones_etl_pipeline' retrieved from /opt/airflow/dags/abc_phones_etl_dag.py
[2026-05-13T18:44:32.669+0000] {logging_mixin.py:188} INFO - [2026-05-13T18:44:32.668+0000] {dag.py:3089} INFO - Sync 1 DAGs
[2026-05-13T18:44:32.818+0000] {logging_mixin.py:188} INFO - [2026-05-13T18:44:32.808+0000] {dag.py:3947} INFO - Setting next_dagrun for abc_phones_etl_pipeline to 2026-05-13 00:00:00+00:00, run_after=2026-05-14 00:00:00+00:00
[2026-05-13T18:44:32.939+0000] {processor.py:183} INFO - Processing /opt/airflow/dags/abc_phones_etl_dag.py took 1.611 seconds
[2026-05-13T18:45:03.276+0000] {processor.py:161} INFO - Started process (PID=1634) to work on /opt/airflow/dags/abc_phones_etl_dag.py
[2026-05-13T18:45:03.279+0000] {processor.py:830} INFO - Processing file /opt/airflow/dags/abc_phones_etl_dag.py for tasks to queue
[2026-05-13T18:45:03.282+0000] {logging_mixin.py:188} INFO - [2026-05-13T18:45:03.281+0000] {dagbag.py:545} INFO - Filling up the DagBag from /opt/airflow/dags/abc_phones_etl_dag.py
[2026-05-13T18:45:04.082+0000] {processor.py:840} INFO - DAG(s) 'abc_phones_etl_pipeline' retrieved from /opt/airflow/dags/abc_phones_etl_dag.py
[2026-05-13T18:45:04.128+0000] {logging_mixin.py:188} INFO - [2026-05-13T18:45:04.128+0000] {dag.py:3089} INFO - Sync 1 DAGs
[2026-05-13T18:45:04.155+0000] {logging_mixin.py:188} INFO - [2026-05-13T18:45:04.155+0000] {dag.py:3947} INFO - Setting next_dagrun for abc_phones_etl_pipeline to 2026-05-13 00:00:00+00:00, run_after=2026-05-14 00:00:00+00:00
[2026-05-13T18:45:04.223+0000] {processor.py:183} INFO - Processing /opt/airflow/dags/abc_phones_etl_dag.py took 0.965 seconds
[2026-05-13T18:45:34.651+0000] {processor.py:161} INFO - Started process (PID=1636) to work on /opt/airflow/dags/abc_phones_etl_dag.py
[2026-05-13T18:45:34.652+0000] {processor.py:830} INFO - Processing file /opt/airflow/dags/abc_phones_etl_dag.py for tasks to queue
[2026-05-13T18:45:34.655+0000] {logging_mixin.py:188} INFO - [2026-05-13T18:45:34.655+0000] {dagbag.py:545} INFO - Filling up the DagBag from /opt/airflow/dags/abc_phones_etl_dag.py
[2026-05-13T18:45:35.579+0000] {processor.py:840} INFO - DAG(s) 'abc_phones_etl_pipeline' retrieved from /opt/airflow/dags/abc_phones_etl_dag.py
[2026-05-13T18:45:35.630+0000] {logging_mixin.py:188} INFO - [2026-05-13T18:45:35.628+0000] {dag.py:3089} INFO - Sync 1 DAGs
[2026-05-13T18:45:35.670+0000] {logging_mixin.py:188} INFO - [2026-05-13T18:45:35.670+0000] {dag.py:3947} INFO - Setting next_dagrun for abc_phones_etl_pipeline to 2026-05-13 00:00:00+00:00, run_after=2026-05-14 00:00:00+00:00
[2026-05-13T18:45:35.707+0000] {processor.py:183} INFO - Processing /opt/airflow/dags/abc_phones_etl_dag.py took 1.069 seconds
[2026-05-13T18:46:06.024+0000] {processor.py:161} INFO - Started process (PID=1638) to work on /opt/airflow/dags/abc_phones_etl_dag.py
[2026-05-13T18:46:06.026+0000] {processor.py:830} INFO - Processing file /opt/airflow/dags/abc_phones_etl_dag.py for tasks to queue
[2026-05-13T18:46:06.029+0000] {logging_mixin.py:188} INFO - [2026-05-13T18:46:06.028+0000] {dagbag.py:545} INFO - Filling up the DagBag from /opt/airflow/dags/abc_phones_etl_dag.py
[2026-05-13T18:46:07.083+0000] {processor.py:840} INFO - DAG(s) 'abc_phones_etl_pipeline' retrieved from /opt/airflow/dags/abc_phones_etl_dag.py
[2026-05-13T18:46:07.142+0000] {logging_mixin.py:188} INFO - [2026-05-13T18:46:07.141+0000] {dag.py:3089} INFO - Sync 1 DAGs
[2026-05-13T18:46:07.181+0000] {logging_mixin.py:188} INFO - [2026-05-13T18:46:07.181+0000] {dag.py:3947} INFO - Setting next_dagrun for abc_phones_etl_pipeline to 2026-05-13 00:00:00+00:00, run_after=2026-05-14 00:00:00+00:00
[2026-05-13T18:46:07.245+0000] {processor.py:183} INFO - Processing /opt/airflow/dags/abc_phones_etl_dag.py took 1.241 seconds
[2026-05-13T18:46:37.480+0000] {processor.py:161} INFO - Started process (PID=1640) to work on /opt/airflow/dags/abc_phones_etl_dag.py
[2026-05-13T18:46:37.481+0000] {processor.py:830} INFO - Processing file /opt/airflow/dags/abc_phones_etl_dag.py for tasks to queue
[2026-05-13T18:46:37.484+0000] {logging_mixin.py:188} INFO - [2026-05-13T18:46:37.483+0000] {dagbag.py:545} INFO - Filling up the DagBag from /opt/airflow/dags/abc_phones_etl_dag.py
[2026-05-13T18:46:38.234+0000] {processor.py:840} INFO - DAG(s) 'abc_phones_etl_pipeline' retrieved from /opt/airflow/dags/abc_phones_etl_dag.py
[2026-05-13T18:46:38.277+0000] {logging_mixin.py:188} INFO - [2026-05-13T18:46:38.277+0000] {dag.py:3089} INFO - Sync 1 DAGs
[2026-05-13T18:46:38.302+0000] {logging_mixin.py:188} INFO - [2026-05-13T18:46:38.302+0000] {dag.py:3947} INFO - Setting next_dagrun for abc_phones_etl_pipeline to 2026-05-13 00:00:00+00:00, run_after=2026-05-14 00:00:00+00:00
[2026-05-13T18:46:38.357+0000] {processor.py:183} INFO - Processing /opt/airflow/dags/abc_phones_etl_dag.py took 0.900 seconds
[2026-05-13T18:47:08.716+0000] {processor.py:161} INFO - Started process (PID=1642) to work on /opt/airflow/dags/abc_phones_etl_dag.py
[2026-05-13T18:47:08.718+0000] {processor.py:830} INFO - Processing file /opt/airflow/dags/abc_phones_etl_dag.py for tasks to queue
[2026-05-13T18:47:08.720+0000] {logging_mixin.py:188} INFO - [2026-05-13T18:47:08.720+0000] {dagbag.py:545} INFO - Filling up the DagBag from /opt/airflow/dags/abc_phones_etl_dag.py
[2026-05-13T18:47:09.505+0000] {processor.py:840} INFO - DAG(s) 'abc_phones_etl_pipeline' retrieved from /opt/airflow/dags/abc_phones_etl_dag.py
[2026-05-13T18:47:09.549+0000] {logging_mixin.py:188} INFO - [2026-05-13T18:47:09.548+0000] {dag.py:3089} INFO - Sync 1 DAGs
[2026-05-13T18:47:09.575+0000] {logging_mixin.py:188} INFO - [2026-05-13T18:47:09.574+0000] {dag.py:3947} INFO - Setting next_dagrun for abc_phones_etl_pipeline to 2026-05-13 00:00:00+00:00, run_after=2026-05-14 00:00:00+00:00
[2026-05-13T18:47:09.605+0000] {processor.py:183} INFO - Processing /opt/airflow/dags/abc_phones_etl_dag.py took 0.902 seconds
[2026-05-13T18:47:40.099+0000] {processor.py:161} INFO - Started process (PID=1644) to work on /opt/airflow/dags/abc_phones_etl_dag.py
[2026-05-13T18:47:40.101+0000] {processor.py:830} INFO - Processing file /opt/airflow/dags/abc_phones_etl_dag.py for tasks to queue
[2026-05-13T18:47:40.104+0000] {logging_mixin.py:188} INFO - [2026-05-13T18:47:40.104+0000] {dagbag.py:545} INFO - Filling up the DagBag from /opt/airflow/dags/abc_phones_etl_dag.py
[2026-05-13T18:47:40.878+0000] {processor.py:840} INFO - DAG(s) 'abc_phones_etl_pipeline' retrieved from /opt/airflow/dags/abc_phones_etl_dag.py
[2026-05-13T18:47:40.925+0000] {logging_mixin.py:188} INFO - [2026-05-13T18:47:40.924+0000] {dag.py:3089} INFO - Sync 1 DAGs
[2026-05-13T18:47:40.966+0000] {logging_mixin.py:188} INFO - [2026-05-13T18:47:40.966+0000] {dag.py:3947} INFO - Setting next_dagrun for abc_phones_etl_pipeline to 2026-05-13 00:00:00+00:00, run_after=2026-05-14 00:00:00+00:00
[2026-05-13T18:47:41.007+0000] {processor.py:183} INFO - Processing /opt/airflow/dags/abc_phones_etl_dag.py took 0.921 seconds
[2026-05-13T18:48:11.366+0000] {processor.py:161} INFO - Started process (PID=1646) to work on /opt/airflow/dags/abc_phones_etl_dag.py
[2026-05-13T18:48:11.368+0000] {processor.py:830} INFO - Processing file /opt/airflow/dags/abc_phones_etl_dag.py for tasks to queue
[2026-05-13T18:48:11.371+0000] {logging_mixin.py:188} INFO - [2026-05-13T18:48:11.371+0000] {dagbag.py:545} INFO - Filling up the DagBag from /opt/airflow/dags/abc_phones_etl_dag.py
[2026-05-13T18:48:12.214+0000] {processor.py:840} INFO - DAG(s) 'abc_phones_etl_pipeline' retrieved from /opt/airflow/dags/abc_phones_etl_dag.py
[2026-05-13T18:48:12.260+0000] {logging_mixin.py:188} INFO - [2026-05-13T18:48:12.260+0000] {dag.py:3089} INFO - Sync 1 DAGs
[2026-05-13T18:48:12.291+0000] {logging_mixin.py:188} INFO - [2026-05-13T18:48:12.291+0000] {dag.py:3947} INFO - Setting next_dagrun for abc_phones_etl_pipeline to 2026-05-13 00:00:00+00:00, run_after=2026-05-14 00:00:00+00:00
[2026-05-13T18:48:12.329+0000] {processor.py:183} INFO - Processing /opt/airflow/dags/abc_phones_etl_dag.py took 0.975 seconds
[2026-05-13T18:48:42.700+0000] {processor.py:161} INFO - Started process (PID=1648) to work on /opt/airflow/dags/abc_phones_etl_dag.py
[2026-05-13T18:48:42.702+0000] {processor.py:830} INFO - Processing file /opt/airflow/dags/abc_phones_etl_dag.py for tasks to queue
[2026-05-13T18:48:42.706+0000] {logging_mixin.py:188} INFO - [2026-05-13T18:48:42.706+0000] {dagbag.py:545} INFO - Filling up the DagBag from /opt/airflow/dags/abc_phones_etl_dag.py
[2026-05-13T18:48:43.792+0000] {processor.py:840} INFO - DAG(s) 'abc_phones_etl_pipeline' retrieved from /opt/airflow/dags/abc_phones_etl_dag.py
[2026-05-13T18:48:43.834+0000] {logging_mixin.py:188} INFO - [2026-05-13T18:48:43.834+0000] {dag.py:3089} INFO - Sync 1 DAGs
[2026-05-13T18:48:43.863+0000] {logging_mixin.py:188} INFO - [2026-05-13T18:48:43.863+0000] {dag.py:3947} INFO - Setting next_dagrun for abc_phones_etl_pipeline to 2026-05-13 00:00:00+00:00, run_after=2026-05-14 00:00:00+00:00
[2026-05-13T18:48:43.928+0000] {processor.py:183} INFO - Processing /opt/airflow/dags/abc_phones_etl_dag.py took 1.240 seconds
[2026-05-13T18:49:14.053+0000] {processor.py:161} INFO - Started process (PID=1650) to work on /opt/airflow/dags/abc_phones_etl_dag.py
[2026-05-13T18:49:14.055+0000] {processor.py:830} INFO - Processing file /opt/airflow/dags/abc_phones_etl_dag.py for tasks to queue
[2026-05-13T18:49:14.059+0000] {logging_mixin.py:188} INFO - [2026-05-13T18:49:14.058+0000] {dagbag.py:545} INFO - Filling up the DagBag from /opt/airflow/dags/abc_phones_etl_dag.py
[2026-05-13T18:49:14.837+0000] {processor.py:840} INFO - DAG(s) 'abc_phones_etl_pipeline' retrieved from /opt/airflow/dags/abc_phones_etl_dag.py
[2026-05-13T18:49:14.877+0000] {logging_mixin.py:188} INFO - [2026-05-13T18:49:14.876+0000] {dag.py:3089} INFO - Sync 1 DAGs
[2026-05-13T18:49:14.904+0000] {logging_mixin.py:188} INFO - [2026-05-13T18:49:14.904+0000] {dag.py:3947} INFO - Setting next_dagrun for abc_phones_etl_pipeline to 2026-05-13 00:00:00+00:00, run_after=2026-05-14 00:00:00+00:00
[2026-05-13T18:49:14.959+0000] {processor.py:183} INFO - Processing /opt/airflow/dags/abc_phones_etl_dag.py took 0.920 seconds
[2026-05-13T18:49:45.418+0000] {processor.py:161} INFO - Started process (PID=1652) to work on /opt/airflow/dags/abc_phones_etl_dag.py
[2026-05-13T18:49:45.421+0000] {processor.py:830} INFO - Processing file /opt/airflow/dags/abc_phones_etl_dag.py for tasks to queue
[2026-05-13T18:49:45.425+0000] {logging_mixin.py:188} INFO - [2026-05-13T18:49:45.424+0000] {dagbag.py:545} INFO - Filling up the DagBag from /opt/airflow/dags/abc_phones_etl_dag.py
[2026-05-13T18:49:46.281+0000] {processor.py:840} INFO - DAG(s) 'abc_phones_etl_pipeline' retrieved from /opt/airflow/dags/abc_phones_etl_dag.py
[2026-05-13T18:49:46.326+0000] {logging_mixin.py:188} INFO - [2026-05-13T18:49:46.325+0000] {dag.py:3089} INFO - Sync 1 DAGs
[2026-05-13T18:49:46.353+0000] {logging_mixin.py:188} INFO - [2026-05-13T18:49:46.353+0000] {dag.py:3947} INFO - Setting next_dagrun for abc_phones_etl_pipeline to 2026-05-13 00:00:00+00:00, run_after=2026-05-14 00:00:00+00:00
[2026-05-13T18:49:46.408+0000] {processor.py:183} INFO - Processing /opt/airflow/dags/abc_phones_etl_dag.py took 1.004 seconds
[2026-05-13T18:50:16.761+0000] {processor.py:161} INFO - Started process (PID=1654) to work on /opt/airflow/dags/abc_phones_etl_dag.py
[2026-05-13T18:50:16.762+0000] {processor.py:830} INFO - Processing file /opt/airflow/dags/abc_phones_etl_dag.py for tasks to queue
[2026-05-13T18:50:16.765+0000] {logging_mixin.py:188} INFO - [2026-05-13T18:50:16.765+0000] {dagbag.py:545} INFO - Filling up the DagBag from /opt/airflow/dags/abc_phones_etl_dag.py
[2026-05-13T18:50:17.552+0000] {processor.py:840} INFO - DAG(s) 'abc_phones_etl_pipeline' retrieved from /opt/airflow/dags/abc_phones_etl_dag.py
[2026-05-13T18:50:17.627+0000] {logging_mixin.py:188} INFO - [2026-05-13T18:50:17.626+0000] {dag.py:3089} INFO - Sync 1 DAGs
[2026-05-13T18:50:17.670+0000] {logging_mixin.py:188} INFO - [2026-05-13T18:50:17.670+0000] {dag.py:3947} INFO - Setting next_dagrun for abc_phones_etl_pipeline to 2026-05-13 00:00:00+00:00, run_after=2026-05-14 00:00:00+00:00
[2026-05-13T18:50:17.738+0000] {processor.py:183} INFO - Processing /opt/airflow/dags/abc_phones_etl_dag.py took 0.993 seconds
[2026-05-13T18:50:48.144+0000] {processor.py:161} INFO - Started process (PID=1656) to work on /opt/airflow/dags/abc_phones_etl_dag.py
[2026-05-13T18:50:48.145+0000] {processor.py:830} INFO - Processing file /opt/airflow/dags/abc_phones_etl_dag.py for tasks to queue
[2026-05-13T18:50:48.148+0000] {logging_mixin.py:188} INFO - [2026-05-13T18:50:48.148+0000] {dagbag.py:545} INFO - Filling up the DagBag from /opt/airflow/dags/abc_phones_etl_dag.py
[2026-05-13T18:50:48.999+0000] {processor.py:840} INFO - DAG(s) 'abc_phones_etl_pipeline' retrieved from /opt/airflow/dags/abc_phones_etl_dag.py
[2026-05-13T18:50:49.042+0000] {logging_mixin.py:188} INFO - [2026-05-13T18:50:49.041+0000] {dag.py:3089} INFO - Sync 1 DAGs
[2026-05-13T18:50:49.070+0000] {logging_mixin.py:188} INFO - [2026-05-13T18:50:49.069+0000] {dag.py:3947} INFO - Setting next_dagrun for abc_phones_etl_pipeline to 2026-05-13 00:00:00+00:00, run_after=2026-05-14 00:00:00+00:00
[2026-05-13T18:50:49.102+0000] {processor.py:183} INFO - Processing /opt/airflow/dags/abc_phones_etl_dag.py took 0.973 seconds
[2026-05-13T18:51:19.495+0000] {processor.py:161} INFO - Started process (PID=1658) to work on /opt/airflow/dags/abc_phones_etl_dag.py
[2026-05-13T18:51:19.497+0000] {processor.py:830} INFO - Processing file /opt/airflow/dags/abc_phones_etl_dag.py for tasks to queue
[2026-05-13T18:51:19.500+0000] {logging_mixin.py:188} INFO - [2026-05-13T18:51:19.500+0000] {dagbag.py:545} INFO - Filling up the DagBag from /opt/airflow/dags/abc_phones_etl_dag.py
[2026-05-13T18:51:20.504+0000] {processor.py:840} INFO - DAG(s) 'abc_phones_etl_pipeline' retrieved from /opt/airflow/dags/abc_phones_etl_dag.py
[2026-05-13T18:51:20.595+0000] {logging_mixin.py:188} INFO - [2026-05-13T18:51:20.594+0000] {dag.py:3089} INFO - Sync 1 DAGs
[2026-05-13T18:51:20.659+0000] {logging_mixin.py:188} INFO - [2026-05-13T18:51:20.658+0000] {dag.py:3947} INFO - Setting next_dagrun for abc_phones_etl_pipeline to 2026-05-13 00:00:00+00:00, run_after=2026-05-14 00:00:00+00:00
[2026-05-13T18:51:20.699+0000] {processor.py:183} INFO - Processing /opt/airflow/dags/abc_phones_etl_dag.py took 1.220 seconds
[2026-05-13T18:51:52.148+0000] {processor.py:161} INFO - Started process (PID=1660) to work on /opt/airflow/dags/abc_phones_etl_dag.py
[2026-05-13T18:51:52.150+0000] {processor.py:830} INFO - Processing file /opt/airflow/dags/abc_phones_etl_dag.py for tasks to queue
[2026-05-13T18:51:52.164+0000] {logging_mixin.py:188} INFO - [2026-05-13T18:51:52.163+0000] {dagbag.py:545} INFO - Filling up the DagBag from /opt/airflow/dags/abc_phones_etl_dag.py
[2026-05-13T18:52:00.961+0000] {processor.py:840} INFO - DAG(s) 'abc_phones_etl_pipeline' retrieved from /opt/airflow/dags/abc_phones_etl_dag.py
[2026-05-13T18:52:01.760+0000] {logging_mixin.py:188} INFO - [2026-05-13T18:52:01.758+0000] {dag.py:3089} INFO - Sync 1 DAGs
[2026-05-13T18:52:01.918+0000] {logging_mixin.py:188} INFO - [2026-05-13T18:52:01.908+0000] {dag.py:3947} INFO - Setting next_dagrun for abc_phones_etl_pipeline to 2026-05-13 00:00:00+00:00, run_after=2026-05-14 00:00:00+00:00
[2026-05-13T18:52:02.100+0000] {processor.py:183} INFO - Processing /opt/airflow/dags/abc_phones_etl_dag.py took 9.992 seconds
[2026-05-13T18:52:32.505+0000] {processor.py:161} INFO - Started process (PID=1662) to work on /opt/airflow/dags/abc_phones_etl_dag.py
[2026-05-13T18:52:32.507+0000] {processor.py:830} INFO - Processing file /opt/airflow/dags/abc_phones_etl_dag.py for tasks to queue
[2026-05-13T18:52:32.511+0000] {logging_mixin.py:188} INFO - [2026-05-13T18:52:32.510+0000] {dagbag.py:545} INFO - Filling up the DagBag from /opt/airflow/dags/abc_phones_etl_dag.py
[2026-05-13T18:52:33.276+0000] {processor.py:840} INFO - DAG(s) 'abc_phones_etl_pipeline' retrieved from /opt/airflow/dags/abc_phones_etl_dag.py
[2026-05-13T18:52:33.329+0000] {logging_mixin.py:188} INFO - [2026-05-13T18:52:33.327+0000] {dag.py:3089} INFO - Sync 1 DAGs
[2026-05-13T18:52:33.383+0000] {logging_mixin.py:188} INFO - [2026-05-13T18:52:33.382+0000] {dag.py:3947} INFO - Setting next_dagrun for abc_phones_etl_pipeline to 2026-05-13 00:00:00+00:00, run_after=2026-05-14 00:00:00+00:00
[2026-05-13T18:52:33.453+0000] {processor.py:183} INFO - Processing /opt/airflow/dags/abc_phones_etl_dag.py took 0.961 seconds
[2026-05-13T18:53:03.872+0000] {processor.py:161} INFO - Started process (PID=1664) to work on /opt/airflow/dags/abc_phones_etl_dag.py
[2026-05-13T18:53:03.874+0000] {processor.py:830} INFO - Processing file /opt/airflow/dags/abc_phones_etl_dag.py for tasks to queue
[2026-05-13T18:53:03.877+0000] {logging_mixin.py:188} INFO - [2026-05-13T18:53:03.877+0000] {dagbag.py:545} INFO - Filling up the DagBag from /opt/airflow/dags/abc_phones_etl_dag.py
[2026-05-13T18:53:04.753+0000] {processor.py:840} INFO - DAG(s) 'abc_phones_etl_pipeline' retrieved from /opt/airflow/dags/abc_phones_etl_dag.py
[2026-05-13T18:53:04.807+0000] {logging_mixin.py:188} INFO - [2026-05-13T18:53:04.806+0000] {dag.py:3089} INFO - Sync 1 DAGs
[2026-05-13T18:53:04.840+0000] {logging_mixin.py:188} INFO - [2026-05-13T18:53:04.839+0000] {dag.py:3947} INFO - Setting next_dagrun for abc_phones_etl_pipeline to 2026-05-13 00:00:00+00:00, run_after=2026-05-14 00:00:00+00:00
[2026-05-13T18:53:04.874+0000] {processor.py:183} INFO - Processing /opt/airflow/dags/abc_phones_etl_dag.py took 1.015 seconds
[2026-05-13T18:53:35.664+0000] {processor.py:161} INFO - Started process (PID=1666) to work on /opt/airflow/dags/abc_phones_etl_dag.py
[2026-05-13T18:53:35.668+0000] {processor.py:830} INFO - Processing file /opt/airflow/dags/abc_phones_etl_dag.py for tasks to queue
[2026-05-13T18:53:35.672+0000] {logging_mixin.py:188} INFO - [2026-05-13T18:53:35.671+0000] {dagbag.py:545} INFO - Filling up the DagBag from /opt/airflow/dags/abc_phones_etl_dag.py
[2026-05-13T18:53:36.859+0000] {processor.py:840} INFO - DAG(s) 'abc_phones_etl_pipeline' retrieved from /opt/airflow/dags/abc_phones_etl_dag.py
[2026-05-13T18:53:36.907+0000] {logging_mixin.py:188} INFO - [2026-05-13T18:53:36.906+0000] {dag.py:3089} INFO - Sync 1 DAGs
[2026-05-13T18:53:36.949+0000] {logging_mixin.py:188} INFO - [2026-05-13T18:53:36.948+0000] {dag.py:3947} INFO - Setting next_dagrun for abc_phones_etl_pipeline to 2026-05-13 00:00:00+00:00, run_after=2026-05-14 00:00:00+00:00
[2026-05-13T18:53:36.993+0000] {processor.py:183} INFO - Processing /opt/airflow/dags/abc_phones_etl_dag.py took 1.350 seconds
[2026-05-13T18:54:07.143+0000] {processor.py:161} INFO - Started process (PID=1668) to work on /opt/airflow/dags/abc_phones_etl_dag.py
[2026-05-13T18:54:07.145+0000] {processor.py:830} INFO - Processing file /opt/airflow/dags/abc_phones_etl_dag.py for tasks to queue
[2026-05-13T18:54:07.148+0000] {logging_mixin.py:188} INFO - [2026-05-13T18:54:07.147+0000] {dagbag.py:545} INFO - Filling up the DagBag from /opt/airflow/dags/abc_phones_etl_dag.py
[2026-05-13T18:54:08.015+0000] {processor.py:840} INFO - DAG(s) 'abc_phones_etl_pipeline' retrieved from /opt/airflow/dags/abc_phones_etl_dag.py
[2026-05-13T18:54:08.064+0000] {logging_mixin.py:188} INFO - [2026-05-13T18:54:08.063+0000] {dag.py:3089} INFO - Sync 1 DAGs
[2026-05-13T18:54:08.098+0000] {logging_mixin.py:188} INFO - [2026-05-13T18:54:08.097+0000] {dag.py:3947} INFO - Setting next_dagrun for abc_phones_etl_pipeline to 2026-05-13 00:00:00+00:00, run_after=2026-05-14 00:00:00+00:00
[2026-05-13T18:54:08.164+0000] {processor.py:183} INFO - Processing /opt/airflow/dags/abc_phones_etl_dag.py took 1.039 seconds
[2026-05-13T18:54:38.630+0000] {processor.py:161} INFO - Started process (PID=1670) to work on /opt/airflow/dags/abc_phones_etl_dag.py
[2026-05-13T18:54:38.632+0000] {processor.py:830} INFO - Processing file /opt/airflow/dags/abc_phones_etl_dag.py for tasks to queue
[2026-05-13T18:54:38.635+0000] {logging_mixin.py:188} INFO - [2026-05-13T18:54:38.635+0000] {dagbag.py:545} INFO - Filling up the DagBag from /opt/airflow/dags/abc_phones_etl_dag.py
[2026-05-13T18:54:40.119+0000] {processor.py:840} INFO - DAG(s) 'abc_phones_etl_pipeline' retrieved from /opt/airflow/dags/abc_phones_etl_dag.py
[2026-05-13T18:54:40.164+0000] {logging_mixin.py:188} INFO - [2026-05-13T18:54:40.163+0000] {dag.py:3089} INFO - Sync 1 DAGs
[2026-05-13T18:54:40.193+0000] {logging_mixin.py:188} INFO - [2026-05-13T18:54:40.192+0000] {dag.py:3947} INFO - Setting next_dagrun for abc_phones_etl_pipeline to 2026-05-13 00:00:00+00:00, run_after=2026-05-14 00:00:00+00:00
[2026-05-13T18:54:40.251+0000] {processor.py:183} INFO - Processing /opt/airflow/dags/abc_phones_etl_dag.py took 1.636 seconds
[2026-05-13T18:55:10.516+0000] {processor.py:161} INFO - Started process (PID=1672) to work on /opt/airflow/dags/abc_phones_etl_dag.py
[2026-05-13T18:55:10.519+0000] {processor.py:830} INFO - Processing file /opt/airflow/dags/abc_phones_etl_dag.py for tasks to queue
[2026-05-13T18:55:10.524+0000] {logging_mixin.py:188} INFO - [2026-05-13T18:55:10.522+0000] {dagbag.py:545} INFO - Filling up the DagBag from /opt/airflow/dags/abc_phones_etl_dag.py
[2026-05-13T18:55:11.664+0000] {processor.py:840} INFO - DAG(s) 'abc_phones_etl_pipeline' retrieved from /opt/airflow/dags/abc_phones_etl_dag.py
[2026-05-13T18:55:11.758+0000] {logging_mixin.py:188} INFO - [2026-05-13T18:55:11.757+0000] {dag.py:3089} INFO - Sync 1 DAGs
[2026-05-13T18:55:11.880+0000] {logging_mixin.py:188} INFO - [2026-05-13T18:55:11.880+0000] {dag.py:3947} INFO - Setting next_dagrun for abc_phones_etl_pipeline to 2026-05-13 00:00:00+00:00, run_after=2026-05-14 00:00:00+00:00
[2026-05-13T18:55:11.963+0000] {processor.py:183} INFO - Processing /opt/airflow/dags/abc_phones_etl_dag.py took 1.470 seconds
[2026-05-13T18:55:42.174+0000] {processor.py:161} INFO - Started process (PID=1674) to work on /opt/airflow/dags/abc_phones_etl_dag.py
[2026-05-13T18:55:42.177+0000] {processor.py:830} INFO - Processing file /opt/airflow/dags/abc_phones_etl_dag.py for tasks to queue
[2026-05-13T18:55:42.182+0000] {logging_mixin.py:188} INFO - [2026-05-13T18:55:42.181+0000] {dagbag.py:545} INFO - Filling up the DagBag from /opt/airflow/dags/abc_phones_etl_dag.py
[2026-05-13T18:55:43.057+0000] {processor.py:840} INFO - DAG(s) 'abc_phones_etl_pipeline' retrieved from /opt/airflow/dags/abc_phones_etl_dag.py
[2026-05-13T18:55:43.101+0000] {logging_mixin.py:188} INFO - [2026-05-13T18:55:43.101+0000] {dag.py:3089} INFO - Sync 1 DAGs
[2026-05-13T18:55:43.132+0000] {logging_mixin.py:188} INFO - [2026-05-13T18:55:43.132+0000] {dag.py:3947} INFO - Setting next_dagrun for abc_phones_etl_pipeline to 2026-05-13 00:00:00+00:00, run_after=2026-05-14 00:00:00+00:00
[2026-05-13T18:55:43.202+0000] {processor.py:183} INFO - Processing /opt/airflow/dags/abc_phones_etl_dag.py took 1.050 seconds
[2026-05-13T18:56:13.587+0000] {processor.py:161} INFO - Started process (PID=1676) to work on /opt/airflow/dags/abc_phones_etl_dag.py
[2026-05-13T18:56:13.589+0000] {processor.py:830} INFO - Processing file /opt/airflow/dags/abc_phones_etl_dag.py for tasks to queue
[2026-05-13T18:56:13.596+0000] {logging_mixin.py:188} INFO - [2026-05-13T18:56:13.595+0000] {dagbag.py:545} INFO - Filling up the DagBag from /opt/airflow/dags/abc_phones_etl_dag.py
[2026-05-13T18:56:14.796+0000] {processor.py:840} INFO - DAG(s) 'abc_phones_etl_pipeline' retrieved from /opt/airflow/dags/abc_phones_etl_dag.py
[2026-05-13T18:56:14.884+0000] {logging_mixin.py:188} INFO - [2026-05-13T18:56:14.883+0000] {dag.py:3089} INFO - Sync 1 DAGs
[2026-05-13T18:56:14.940+0000] {logging_mixin.py:188} INFO - [2026-05-13T18:56:14.939+0000] {dag.py:3947} INFO - Setting next_dagrun for abc_phones_etl_pipeline to 2026-05-13 00:00:00+00:00, run_after=2026-05-14 00:00:00+00:00
[2026-05-13T18:56:14.997+0000] {processor.py:183} INFO - Processing /opt/airflow/dags/abc_phones_etl_dag.py took 1.430 seconds
[2026-05-13T18:56:45.723+0000] {processor.py:161} INFO - Started process (PID=1678) to work on /opt/airflow/dags/abc_phones_etl_dag.py
[2026-05-13T18:56:45.727+0000] {processor.py:830} INFO - Processing file /opt/airflow/dags/abc_phones_etl_dag.py for tasks to queue
[2026-05-13T18:56:45.739+0000] {logging_mixin.py:188} INFO - [2026-05-13T18:56:45.738+0000] {dagbag.py:545} INFO - Filling up the DagBag from /opt/airflow/dags/abc_phones_etl_dag.py
[2026-05-13T18:56:47.048+0000] {processor.py:840} INFO - DAG(s) 'abc_phones_etl_pipeline' retrieved from /opt/airflow/dags/abc_phones_etl_dag.py
[2026-05-13T18:56:47.089+0000] {logging_mixin.py:188} INFO - [2026-05-13T18:56:47.088+0000] {dag.py:3089} INFO - Sync 1 DAGs
[2026-05-13T18:56:47.121+0000] {logging_mixin.py:188} INFO - [2026-05-13T18:56:47.121+0000] {dag.py:3947} INFO - Setting next_dagrun for abc_phones_etl_pipeline to 2026-05-13 00:00:00+00:00, run_after=2026-05-14 00:00:00+00:00
[2026-05-13T18:56:47.188+0000] {processor.py:183} INFO - Processing /opt/airflow/dags/abc_phones_etl_dag.py took 1.482 seconds
[2026-05-13T18:57:17.438+0000] {processor.py:161} INFO - Started process (PID=1680) to work on /opt/airflow/dags/abc_phones_etl_dag.py
[2026-05-13T18:57:17.440+0000] {processor.py:830} INFO - Processing file /opt/airflow/dags/abc_phones_etl_dag.py for tasks to queue
[2026-05-13T18:57:17.442+0000] {logging_mixin.py:188} INFO - [2026-05-13T18:57:17.442+0000] {dagbag.py:545} INFO - Filling up the DagBag from /opt/airflow/dags/abc_phones_etl_dag.py
[2026-05-13T18:57:18.194+0000] {processor.py:840} INFO - DAG(s) 'abc_phones_etl_pipeline' retrieved from /opt/airflow/dags/abc_phones_etl_dag.py
[2026-05-13T18:57:18.232+0000] {logging_mixin.py:188} INFO - [2026-05-13T18:57:18.231+0000] {dag.py:3089} INFO - Sync 1 DAGs
[2026-05-13T18:57:18.263+0000] {logging_mixin.py:188} INFO - [2026-05-13T18:57:18.262+0000] {dag.py:3947} INFO - Setting next_dagrun for abc_phones_etl_pipeline to 2026-05-13 00:00:00+00:00, run_after=2026-05-14 00:00:00+00:00
[2026-05-13T18:57:18.314+0000] {processor.py:183} INFO - Processing /opt/airflow/dags/abc_phones_etl_dag.py took 0.890 seconds
