[2026-05-11T20:33:01.137+0000] {manager.py:470} INFO - Processing files using up to 2 processes at a time 
[2026-05-11T20:33:01.143+0000] {manager.py:471} INFO - Process each file at most once every 30 seconds
[2026-05-11T20:33:01.145+0000] {manager.py:472} INFO - Checking for new files in /opt/airflow/dags every 300 seconds
[2026-05-11T20:33:01.147+0000] {manager.py:737} INFO - Searching for files in /opt/airflow/dags
[2026-05-11T20:33:01.167+0000] {manager.py:740} INFO - There are 0 files in /opt/airflow/dags
[2026-05-11T20:38:01.660+0000] {manager.py:737} INFO - Searching for files in /opt/airflow/dags
[2026-05-11T20:38:01.670+0000] {manager.py:740} INFO - There are 0 files in /opt/airflow/dags
[2026-05-11T20:43:02.148+0000] {manager.py:737} INFO - Searching for files in /opt/airflow/dags
[2026-05-11T20:43:02.154+0000] {manager.py:740} INFO - There are 0 files in /opt/airflow/dags
[2026-05-11T20:48:02.606+0000] {manager.py:737} INFO - Searching for files in /opt/airflow/dags
[2026-05-11T20:48:02.614+0000] {manager.py:740} INFO - There are 0 files in /opt/airflow/dags
[2026-05-11T20:53:02.929+0000] {manager.py:737} INFO - Searching for files in /opt/airflow/dags
[2026-05-11T20:53:02.936+0000] {manager.py:740} INFO - There are 0 files in /opt/airflow/dags
[2026-05-11T20:58:03.239+0000] {manager.py:737} INFO - Searching for files in /opt/airflow/dags
[2026-05-11T20:58:03.243+0000] {manager.py:740} INFO - There are 0 files in /opt/airflow/dags
[2026-05-11T21:03:03.566+0000] {manager.py:737} INFO - Searching for files in /opt/airflow/dags
[2026-05-11T21:03:03.572+0000] {manager.py:740} INFO - There are 0 files in /opt/airflow/dags
[2026-05-11T21:08:03.917+0000] {manager.py:737} INFO - Searching for files in /opt/airflow/dags
[2026-05-11T21:08:03.922+0000] {manager.py:740} INFO - There are 0 files in /opt/airflow/dags
[2026-05-11T21:13:04.267+0000] {manager.py:737} INFO - Searching for files in /opt/airflow/dags
[2026-05-11T21:13:04.275+0000] {manager.py:740} INFO - There are 0 files in /opt/airflow/dags
[2026-05-11T21:18:04.702+0000] {manager.py:737} INFO - Searching for files in /opt/airflow/dags
[2026-05-11T21:18:04.707+0000] {manager.py:740} INFO - There are 0 files in /opt/airflow/dags
[2026-05-11T21:23:05.131+0000] {manager.py:737} INFO - Searching for files in /opt/airflow/dags
[2026-05-11T21:23:06.084+0000] {manager.py:740} INFO - There are 0 files in /opt/airflow/dags
[2026-05-12T06:18:50.268+0000] {manager.py:737} INFO - Searching for files in /opt/airflow/dags
[2026-05-12T06:18:51.361+0000] {manager.py:740} INFO - There are 0 files in /opt/airflow/dags
[2026-05-12T06:23:50.783+0000] {manager.py:737} INFO - Searching for files in /opt/airflow/dags
[2026-05-12T06:23:50.789+0000] {manager.py:740} INFO - There are 0 files in /opt/airflow/dags
[2026-05-12T06:28:51.104+0000] {manager.py:737} INFO - Searching for files in /opt/airflow/dags
[2026-05-12T06:28:51.166+0000] {manager.py:740} INFO - There are 0 files in /opt/airflow/dags
[2026-05-12T06:33:51.457+0000] {manager.py:737} INFO - Searching for files in /opt/airflow/dags
[2026-05-12T06:33:51.472+0000] {manager.py:740} INFO - There are 0 files in /opt/airflow/dags
[2026-05-12T06:38:51.534+0000] {manager.py:737} INFO - Searching for files in /opt/airflow/dags
[2026-05-12T06:38:51.548+0000] {manager.py:740} INFO - There are 0 files in /opt/airflow/dags
[2026-05-12T06:43:52.448+0000] {manager.py:737} INFO - Searching for files in /opt/airflow/dags
[2026-05-12T06:43:52.454+0000] {manager.py:740} INFO - There are 0 files in /opt/airflow/dags
[2026-05-12T06:48:52.982+0000] {manager.py:737} INFO - Searching for files in /opt/airflow/dags
[2026-05-12T06:48:52.989+0000] {manager.py:740} INFO - There are 0 files in /opt/airflow/dags
[2026-05-12T06:53:53.372+0000] {manager.py:737} INFO - Searching for files in /opt/airflow/dags
[2026-05-12T06:53:53.393+0000] {manager.py:740} INFO - There are 0 files in /opt/airflow/dags
[2026-05-12T06:58:53.912+0000] {manager.py:737} INFO - Searching for files in /opt/airflow/dags
[2026-05-12T06:58:53.918+0000] {manager.py:740} INFO - There are 0 files in /opt/airflow/dags
[2026-05-12T07:03:54.318+0000] {manager.py:737} INFO - Searching for files in /opt/airflow/dags
[2026-05-12T07:03:54.341+0000] {manager.py:740} INFO - There are 1 files in /opt/airflow/dags
[2026-05-12T07:04:00.402+0000] {manager.py:878} INFO - 
================================================================================
DAG File Processing Stats

File Path                                PID    Runtime      # DAGs    # Errors  Last Runtime    Last Run
---------------------------------------  -----  ---------  --------  ----------  --------------  -------------------
/opt/airflow/dags/abc_phones_etl_dag.py                           0           1  0.79s           2026-05-12T07:03:55
================================================================================
[2026-05-12T07:04:30.676+0000] {manager.py:878} INFO - 
================================================================================
DAG File Processing Stats

File Path                                PID    Runtime      # DAGs    # Errors  Last Runtime    Last Run
---------------------------------------  -----  ---------  --------  ----------  --------------  -------------------
/opt/airflow/dags/abc_phones_etl_dag.py                           0           1  0.10s           2026-05-12T07:04:25
================================================================================
[2026-05-12T07:05:00.939+0000] {manager.py:878} INFO - 
================================================================================
DAG File Processing Stats

File Path                                PID    Runtime      # DAGs    # Errors  Last Runtime    Last Run
---------------------------------------  -----  ---------  --------  ----------  --------------  -------------------
/opt/airflow/dags/abc_phones_etl_dag.py                           0           1  0.10s           2026-05-12T07:04:55
================================================================================
[2026-05-12T07:05:31.184+0000] {manager.py:878} INFO - 
================================================================================
DAG File Processing Stats

File Path                                PID    Runtime      # DAGs    # Errors  Last Runtime    Last Run
---------------------------------------  -----  ---------  --------  ----------  --------------  -------------------
/opt/airflow/dags/abc_phones_etl_dag.py                           0           1  0.10s           2026-05-12T07:05:26
================================================================================
[2026-05-12T07:06:01.391+0000] {manager.py:878} INFO - 
================================================================================
DAG File Processing Stats

File Path                                PID    Runtime      # DAGs    # Errors  Last Runtime    Last Run
---------------------------------------  -----  ---------  --------  ----------  --------------  -------------------
/opt/airflow/dags/abc_phones_etl_dag.py                           0           1  0.11s           2026-05-12T07:05:56
================================================================================
[2026-05-12T07:06:31.751+0000] {manager.py:878} INFO - 
================================================================================
DAG File Processing Stats

File Path                                PID    Runtime      # DAGs    # Errors  Last Runtime    Last Run
---------------------------------------  -----  ---------  --------  ----------  --------------  -------------------
/opt/airflow/dags/abc_phones_etl_dag.py                           0           1  0.36s           2026-05-12T07:06:08
================================================================================
[2026-05-12T07:07:02.166+0000] {manager.py:878} INFO - 
================================================================================
DAG File Processing Stats

File Path                                PID    Runtime      # DAGs    # Errors  Last Runtime    Last Run
---------------------------------------  -----  ---------  --------  ----------  --------------  -------------------
/opt/airflow/dags/abc_phones_etl_dag.py                           0           1  0.15s           2026-05-12T07:06:39
================================================================================
[2026-05-12T07:07:32.562+0000] {manager.py:878} INFO - 
================================================================================
DAG File Processing Stats

File Path                                PID    Runtime      # DAGs    # Errors  Last Runtime    Last Run
---------------------------------------  -----  ---------  --------  ----------  --------------  -------------------
/opt/airflow/dags/abc_phones_etl_dag.py                           0           1  0.16s           2026-05-12T07:07:09
================================================================================
[2026-05-12T07:08:02.950+0000] {manager.py:878} INFO - 
================================================================================
DAG File Processing Stats

File Path                                PID    Runtime      # DAGs    # Errors  Last Runtime    Last Run
---------------------------------------  -----  ---------  --------  ----------  --------------  -------------------
/opt/airflow/dags/abc_phones_etl_dag.py                           0           1  0.14s           2026-05-12T07:07:53
================================================================================
[2026-05-12T07:08:33.185+0000] {manager.py:878} INFO - 
================================================================================
DAG File Processing Stats

File Path                                PID    Runtime      # DAGs    # Errors  Last Runtime    Last Run
---------------------------------------  -----  ---------  --------  ----------  --------------  -------------------
/opt/airflow/dags/abc_phones_etl_dag.py                           0           1  0.12s           2026-05-12T07:08:24
================================================================================
[2026-05-12T07:08:54.413+0000] {manager.py:737} INFO - Searching for files in /opt/airflow/dags
[2026-05-12T07:08:54.433+0000] {manager.py:740} INFO - There are 1 files in /opt/airflow/dags
[2026-05-12T07:09:03.531+0000] {manager.py:878} INFO - 
================================================================================
DAG File Processing Stats

File Path                                PID    Runtime      # DAGs    # Errors  Last Runtime    Last Run
---------------------------------------  -----  ---------  --------  ----------  --------------  -------------------
/opt/airflow/dags/abc_phones_etl_dag.py                           0           1  0.12s           2026-05-12T07:08:54
================================================================================
[2026-05-12T07:09:33.796+0000] {manager.py:878} INFO - 
================================================================================
DAG File Processing Stats

File Path                                PID    Runtime      # DAGs    # Errors  Last Runtime    Last Run
---------------------------------------  -----  ---------  --------  ----------  --------------  -------------------
/opt/airflow/dags/abc_phones_etl_dag.py                           0           1  0.12s           2026-05-12T07:09:24
================================================================================
[2026-05-12T07:10:04.037+0000] {manager.py:878} INFO - 
================================================================================
DAG File Processing Stats

File Path                                PID    Runtime      # DAGs    # Errors  Last Runtime    Last Run
---------------------------------------  -----  ---------  --------  ----------  --------------  -------------------
/opt/airflow/dags/abc_phones_etl_dag.py                           0           1  0.31s           2026-05-12T07:09:55
================================================================================
[2026-05-12T07:10:34.266+0000] {manager.py:878} INFO - 
================================================================================
DAG File Processing Stats

File Path                                PID    Runtime      # DAGs    # Errors  Last Runtime    Last Run
---------------------------------------  -----  ---------  --------  ----------  --------------  -------------------
/opt/airflow/dags/abc_phones_etl_dag.py                           0           1  0.10s           2026-05-12T07:10:05
================================================================================
[2026-05-12T07:11:04.593+0000] {manager.py:878} INFO - 
================================================================================
DAG File Processing Stats

File Path                                PID    Runtime      # DAGs    # Errors  Last Runtime    Last Run
---------------------------------------  -----  ---------  --------  ----------  --------------  -------------------
/opt/airflow/dags/abc_phones_etl_dag.py                           0           1  0.11s           2026-05-12T07:10:47
================================================================================
[2026-05-12T07:11:34.930+0000] {manager.py:878} INFO - 
================================================================================
DAG File Processing Stats

File Path                                PID    Runtime      # DAGs    # Errors  Last Runtime    Last Run
---------------------------------------  -----  ---------  --------  ----------  --------------  -------------------
/opt/airflow/dags/abc_phones_etl_dag.py                           0           1  0.13s           2026-05-12T07:11:27
================================================================================
[2026-05-12T07:12:05.173+0000] {manager.py:878} INFO - 
================================================================================
DAG File Processing Stats

File Path                                PID    Runtime      # DAGs    # Errors  Last Runtime    Last Run
---------------------------------------  -----  ---------  --------  ----------  --------------  -------------------
/opt/airflow/dags/abc_phones_etl_dag.py                           0           1  0.09s           2026-05-12T07:11:57
================================================================================
[2026-05-12T07:12:35.434+0000] {manager.py:878} INFO - 
================================================================================
DAG File Processing Stats

File Path                                PID    Runtime      # DAGs    # Errors  Last Runtime    Last Run
---------------------------------------  -----  ---------  --------  ----------  --------------  -------------------
/opt/airflow/dags/abc_phones_etl_dag.py                           0           1  0.12s           2026-05-12T07:12:15
================================================================================
[2026-05-12T07:13:05.636+0000] {manager.py:878} INFO - 
================================================================================
DAG File Processing Stats

File Path                                PID    Runtime      # DAGs    # Errors  Last Runtime    Last Run
---------------------------------------  -----  ---------  --------  ----------  --------------  -------------------
/opt/airflow/dags/abc_phones_etl_dag.py                           0           1  0.12s           2026-05-12T07:12:45
================================================================================
[2026-05-12T07:13:35.892+0000] {manager.py:878} INFO - 
================================================================================
DAG File Processing Stats

File Path                                PID    Runtime      # DAGs    # Errors  Last Runtime    Last Run
---------------------------------------  -----  ---------  --------  ----------  --------------  -------------------
/opt/airflow/dags/abc_phones_etl_dag.py                           0           1  0.09s           2026-05-12T07:13:15
================================================================================
[2026-05-12T07:13:55.018+0000] {manager.py:737} INFO - Searching for files in /opt/airflow/dags
[2026-05-12T07:13:55.045+0000] {manager.py:740} INFO - There are 1 files in /opt/airflow/dags
[2026-05-12T07:14:06.125+0000] {manager.py:878} INFO - 
================================================================================
DAG File Processing Stats

File Path                                PID    Runtime      # DAGs    # Errors  Last Runtime    Last Run
---------------------------------------  -----  ---------  --------  ----------  --------------  -------------------
/opt/airflow/dags/abc_phones_etl_dag.py                           0           1  0.08s           2026-05-12T07:13:46
================================================================================
[2026-05-12T07:14:36.603+0000] {manager.py:878} INFO - 
================================================================================
DAG File Processing Stats

File Path                                PID    Runtime      # DAGs    # Errors  Last Runtime    Last Run
---------------------------------------  -----  ---------  --------  ----------  --------------  -------------------
/opt/airflow/dags/abc_phones_etl_dag.py                           0           1  0.14s           2026-05-12T07:14:16
================================================================================
[2026-05-12T07:15:06.955+0000] {manager.py:878} INFO - 
================================================================================
DAG File Processing Stats

File Path                                PID    Runtime      # DAGs    # Errors  Last Runtime    Last Run
---------------------------------------  -----  ---------  --------  ----------  --------------  -------------------
/opt/airflow/dags/abc_phones_etl_dag.py                           0           1  2.18s           2026-05-12T07:14:49
================================================================================
[2026-05-12T07:15:37.588+0000] {manager.py:878} INFO - 
================================================================================
DAG File Processing Stats

File Path                                  PID  Runtime      # DAGs    # Errors  Last Runtime    Last Run
---------------------------------------  -----  ---------  --------  ----------  --------------  -------------------
/opt/airflow/dags/abc_phones_etl_dag.py     48  0.02s             0           1  0.11s           2026-05-12T07:15:20
================================================================================
[2026-05-12T07:16:08.055+0000] {manager.py:878} INFO - 
================================================================================
DAG File Processing Stats

File Path                                PID    Runtime      # DAGs    # Errors  Last Runtime    Last Run
---------------------------------------  -----  ---------  --------  ----------  --------------  -------------------
/opt/airflow/dags/abc_phones_etl_dag.py                           0           1  0.11s           2026-05-12T07:15:54
================================================================================
[2026-05-12T07:16:36.309+0000] {manager.py:452} INFO - Exiting gracefully upon receiving signal 15
[2026-05-12T07:17:42.428+0000] {manager.py:470} INFO - Processing files using up to 2 processes at a time 
[2026-05-12T07:17:42.430+0000] {manager.py:471} INFO - Process each file at most once every 30 seconds
[2026-05-12T07:17:42.432+0000] {manager.py:472} INFO - Checking for new files in /opt/airflow/dags every 300 seconds
[2026-05-12T07:17:42.434+0000] {manager.py:737} INFO - Searching for files in /opt/airflow/dags
[2026-05-12T07:17:42.467+0000] {manager.py:740} INFO - There are 1 files in /opt/airflow/dags
[2026-05-12T07:17:42.672+0000] {manager.py:878} INFO - 
================================================================================
DAG File Processing Stats

File Path                                  PID  Runtime      # DAGs    # Errors  Last Runtime    Last Run
---------------------------------------  -----  ---------  --------  ----------  --------------  ----------
/opt/airflow/dags/abc_phones_etl_dag.py     20  0.09s             0           0
================================================================================
[2026-05-12T07:18:12.895+0000] {manager.py:878} INFO - 
================================================================================
DAG File Processing Stats

File Path                                  PID  Runtime      # DAGs    # Errors  Last Runtime    Last Run
---------------------------------------  -----  ---------  --------  ----------  --------------  -------------------
/opt/airflow/dags/abc_phones_etl_dag.py     21  0.01s             0           1  0.15s           2026-05-12T07:17:42
================================================================================
[2026-05-12T07:18:43.110+0000] {manager.py:878} INFO - 
================================================================================
DAG File Processing Stats

File Path                                  PID  Runtime      # DAGs    # Errors  Last Runtime    Last Run
---------------------------------------  -----  ---------  --------  ----------  --------------  -------------------
/opt/airflow/dags/abc_phones_etl_dag.py     22  0.01s             0           1  0.14s           2026-05-12T07:18:13
================================================================================
[2026-05-12T07:19:13.375+0000] {manager.py:878} INFO - 
================================================================================
DAG File Processing Stats

File Path                                  PID  Runtime      # DAGs    # Errors  Last Runtime    Last Run
---------------------------------------  -----  ---------  --------  ----------  --------------  -------------------
/opt/airflow/dags/abc_phones_etl_dag.py     23  0.01s             0           1  0.15s           2026-05-12T07:18:43
================================================================================
[2026-05-12T07:19:43.728+0000] {manager.py:878} INFO - 
================================================================================
DAG File Processing Stats

File Path                                  PID  Runtime      # DAGs    # Errors  Last Runtime    Last Run
---------------------------------------  -----  ---------  --------  ----------  --------------  -------------------
/opt/airflow/dags/abc_phones_etl_dag.py     24  0.00s             0           1  0.11s           2026-05-12T07:19:13
================================================================================
[2026-05-12T07:20:14.288+0000] {manager.py:878} INFO - 
================================================================================
DAG File Processing Stats

File Path                                  PID  Runtime      # DAGs    # Errors  Last Runtime    Last Run
---------------------------------------  -----  ---------  --------  ----------  --------------  -------------------
/opt/airflow/dags/abc_phones_etl_dag.py     25  0.01s             0           1  0.10s           2026-05-12T07:19:43
================================================================================
[2026-05-12T07:20:44.641+0000] {manager.py:878} INFO - 
================================================================================
DAG File Processing Stats

File Path                                  PID  Runtime      # DAGs    # Errors  Last Runtime    Last Run
---------------------------------------  -----  ---------  --------  ----------  --------------  -------------------
/opt/airflow/dags/abc_phones_etl_dag.py     26  0.00s             0           1  0.18s           2026-05-12T07:20:14
================================================================================
[2026-05-12T07:21:14.875+0000] {manager.py:878} INFO - 
================================================================================
DAG File Processing Stats

File Path                                  PID  Runtime      # DAGs    # Errors  Last Runtime    Last Run
---------------------------------------  -----  ---------  --------  ----------  --------------  -------------------
/opt/airflow/dags/abc_phones_etl_dag.py     27  0.00s             0           1  0.12s           2026-05-12T07:20:44
================================================================================
[2026-05-12T07:21:45.208+0000] {manager.py:878} INFO - 
================================================================================
DAG File Processing Stats

File Path                                  PID  Runtime      # DAGs    # Errors  Last Runtime    Last Run
---------------------------------------  -----  ---------  --------  ----------  --------------  -------------------
/opt/airflow/dags/abc_phones_etl_dag.py     28  0.00s             0           1  0.09s           2026-05-12T07:21:14
================================================================================
[2026-05-12T07:22:15.426+0000] {manager.py:878} INFO - 
================================================================================
DAG File Processing Stats

File Path                                  PID  Runtime      # DAGs    # Errors  Last Runtime    Last Run
---------------------------------------  -----  ---------  --------  ----------  --------------  -------------------
/opt/airflow/dags/abc_phones_etl_dag.py     29  0.00s             0           1  0.09s           2026-05-12T07:21:45
================================================================================
[2026-05-12T07:22:42.621+0000] {manager.py:737} INFO - Searching for files in /opt/airflow/dags
[2026-05-12T07:22:42.645+0000] {manager.py:740} INFO - There are 1 files in /opt/airflow/dags
[2026-05-12T07:22:45.706+0000] {manager.py:878} INFO - 
================================================================================
DAG File Processing Stats

File Path                                  PID  Runtime      # DAGs    # Errors  Last Runtime    Last Run
---------------------------------------  -----  ---------  --------  ----------  --------------  -------------------
/opt/airflow/dags/abc_phones_etl_dag.py     30  0.01s             0           1  0.11s           2026-05-12T07:22:15
================================================================================
[2026-05-12T07:23:15.926+0000] {manager.py:878} INFO - 
================================================================================
DAG File Processing Stats

File Path                                  PID  Runtime      # DAGs    # Errors  Last Runtime    Last Run
---------------------------------------  -----  ---------  --------  ----------  --------------  -------------------
/opt/airflow/dags/abc_phones_etl_dag.py     31  0.00s             0           1  0.19s           2026-05-12T07:22:45
================================================================================
[2026-05-12T07:23:46.113+0000] {manager.py:878} INFO - 
================================================================================
DAG File Processing Stats

File Path                                  PID  Runtime      # DAGs    # Errors  Last Runtime    Last Run
---------------------------------------  -----  ---------  --------  ----------  --------------  -------------------
/opt/airflow/dags/abc_phones_etl_dag.py     32  0.00s             0           1  0.10s           2026-05-12T07:23:16
================================================================================
[2026-05-12T07:24:16.405+0000] {manager.py:878} INFO - 
================================================================================
DAG File Processing Stats

File Path                                  PID  Runtime      # DAGs    # Errors  Last Runtime    Last Run
---------------------------------------  -----  ---------  --------  ----------  --------------  -------------------
/opt/airflow/dags/abc_phones_etl_dag.py     33  0.00s             0           1  0.10s           2026-05-12T07:23:46
================================================================================
[2026-05-12T07:24:46.680+0000] {manager.py:878} INFO - 
================================================================================
DAG File Processing Stats

File Path                                  PID  Runtime      # DAGs    # Errors  Last Runtime    Last Run
---------------------------------------  -----  ---------  --------  ----------  --------------  -------------------
/opt/airflow/dags/abc_phones_etl_dag.py     34  0.01s             0           1  0.09s           2026-05-12T07:24:16
================================================================================
[2026-05-12T07:25:17.313+0000] {manager.py:878} INFO - 
================================================================================
DAG File Processing Stats

File Path                                  PID  Runtime      # DAGs    # Errors  Last Runtime    Last Run
---------------------------------------  -----  ---------  --------  ----------  --------------  -------------------
/opt/airflow/dags/abc_phones_etl_dag.py     35  0.01s             0           1  0.15s           2026-05-12T07:24:46
================================================================================
[2026-05-12T07:25:47.707+0000] {manager.py:878} INFO - 
================================================================================
DAG File Processing Stats

File Path                                  PID  Runtime      # DAGs    # Errors  Last Runtime    Last Run
---------------------------------------  -----  ---------  --------  ----------  --------------  -------------------
/opt/airflow/dags/abc_phones_etl_dag.py     36  0.00s             0           1  0.19s           2026-05-12T07:25:17
================================================================================
[2026-05-12T07:26:17.907+0000] {manager.py:878} INFO - 
================================================================================
DAG File Processing Stats

File Path                                  PID  Runtime      # DAGs    # Errors  Last Runtime    Last Run
---------------------------------------  -----  ---------  --------  ----------  --------------  -------------------
/opt/airflow/dags/abc_phones_etl_dag.py     37  0.00s             0           1  0.10s           2026-05-12T07:25:47
================================================================================
[2026-05-12T07:26:48.188+0000] {manager.py:878} INFO - 
================================================================================
DAG File Processing Stats

File Path                                  PID  Runtime      # DAGs    # Errors  Last Runtime    Last Run
---------------------------------------  -----  ---------  --------  ----------  --------------  -------------------
/opt/airflow/dags/abc_phones_etl_dag.py     38  0.00s             0           1  0.12s           2026-05-12T07:26:18
================================================================================
[2026-05-12T07:27:18.394+0000] {manager.py:878} INFO - 
================================================================================
DAG File Processing Stats

File Path                                  PID  Runtime      # DAGs    # Errors  Last Runtime    Last Run
---------------------------------------  -----  ---------  --------  ----------  --------------  -------------------
/opt/airflow/dags/abc_phones_etl_dag.py     39  0.01s             0           1  0.10s           2026-05-12T07:26:48
================================================================================
[2026-05-12T07:27:43.613+0000] {manager.py:737} INFO - Searching for files in /opt/airflow/dags
[2026-05-12T07:27:43.638+0000] {manager.py:740} INFO - There are 1 files in /opt/airflow/dags
[2026-05-12T07:27:48.702+0000] {manager.py:878} INFO - 
================================================================================
DAG File Processing Stats

File Path                                  PID  Runtime      # DAGs    # Errors  Last Runtime    Last Run
---------------------------------------  -----  ---------  --------  ----------  --------------  -------------------
/opt/airflow/dags/abc_phones_etl_dag.py     40  0.00s             0           1  0.09s           2026-05-12T07:27:18
================================================================================
[2026-05-12T07:28:18.911+0000] {manager.py:878} INFO - 
================================================================================
DAG File Processing Stats

File Path                                  PID  Runtime      # DAGs    # Errors  Last Runtime    Last Run
---------------------------------------  -----  ---------  --------  ----------  --------------  -------------------
/opt/airflow/dags/abc_phones_etl_dag.py     41  0.00s             0           1  0.11s           2026-05-12T07:27:48
================================================================================
[2026-05-12T07:28:49.315+0000] {manager.py:878} INFO - 
================================================================================
DAG File Processing Stats

File Path                                  PID  Runtime      # DAGs    # Errors  Last Runtime    Last Run
---------------------------------------  -----  ---------  --------  ----------  --------------  -------------------
/opt/airflow/dags/abc_phones_etl_dag.py     42  0.00s             0           1  0.09s           2026-05-12T07:28:18
================================================================================
[2026-05-12T07:29:20.056+0000] {manager.py:878} INFO - 
================================================================================
DAG File Processing Stats

File Path                                  PID  Runtime      # DAGs    # Errors  Last Runtime    Last Run
---------------------------------------  -----  ---------  --------  ----------  --------------  -------------------
/opt/airflow/dags/abc_phones_etl_dag.py     43  0.01s             0           1  0.10s           2026-05-12T07:28:49
================================================================================
[2026-05-12T07:29:50.590+0000] {manager.py:878} INFO - 
================================================================================
DAG File Processing Stats

File Path                                  PID  Runtime      # DAGs    # Errors  Last Runtime    Last Run
---------------------------------------  -----  ---------  --------  ----------  --------------  -------------------
/opt/airflow/dags/abc_phones_etl_dag.py     44  0.00s             0           1  0.34s           2026-05-12T07:29:20
================================================================================
[2026-05-12T07:30:20.816+0000] {manager.py:878} INFO - 
================================================================================
DAG File Processing Stats

File Path                                  PID  Runtime      # DAGs    # Errors  Last Runtime    Last Run
---------------------------------------  -----  ---------  --------  ----------  --------------  -------------------
/opt/airflow/dags/abc_phones_etl_dag.py     45  0.01s             0           1  0.09s           2026-05-12T07:29:50
================================================================================
[2026-05-12T07:30:32.153+0000] {manager.py:452} INFO - Exiting gracefully upon receiving signal 15
[2026-05-12T07:31:24.087+0000] {manager.py:470} INFO - Processing files using up to 2 processes at a time 
[2026-05-12T07:31:24.098+0000] {manager.py:471} INFO - Process each file at most once every 30 seconds
[2026-05-12T07:31:24.102+0000] {manager.py:472} INFO - Checking for new files in /opt/airflow/dags every 300 seconds
[2026-05-12T07:31:24.104+0000] {manager.py:737} INFO - Searching for files in /opt/airflow/dags
[2026-05-12T07:31:24.202+0000] {manager.py:740} INFO - There are 1 files in /opt/airflow/dags
[2026-05-12T07:31:24.474+0000] {manager.py:878} INFO - 
================================================================================
DAG File Processing Stats

File Path                                  PID  Runtime      # DAGs    # Errors  Last Runtime    Last Run
---------------------------------------  -----  ---------  --------  ----------  --------------  ----------
/opt/airflow/dags/abc_phones_etl_dag.py     21  0.15s             0           0
================================================================================
[2026-05-12T07:31:54.693+0000] {manager.py:878} INFO - 
================================================================================
DAG File Processing Stats

File Path                                  PID  Runtime      # DAGs    # Errors  Last Runtime    Last Run
---------------------------------------  -----  ---------  --------  ----------  --------------  -------------------
/opt/airflow/dags/abc_phones_etl_dag.py     22  0.01s             0           1  0.22s           2026-05-12T07:31:24
================================================================================
[2026-05-12T07:32:24.916+0000] {manager.py:878} INFO - 
================================================================================
DAG File Processing Stats

File Path                                  PID  Runtime      # DAGs    # Errors  Last Runtime    Last Run
---------------------------------------  -----  ---------  --------  ----------  --------------  -------------------
/opt/airflow/dags/abc_phones_etl_dag.py     23  0.01s             0           1  0.15s           2026-05-12T07:31:54
================================================================================
[2026-05-12T07:32:55.110+0000] {manager.py:878} INFO - 
================================================================================
DAG File Processing Stats

File Path                                  PID  Runtime      # DAGs    # Errors  Last Runtime    Last Run
---------------------------------------  -----  ---------  --------  ----------  --------------  -------------------
/opt/airflow/dags/abc_phones_etl_dag.py     24  0.01s             0           1  0.16s           2026-05-12T07:32:25
================================================================================
[2026-05-12T07:33:25.486+0000] {manager.py:878} INFO - 
================================================================================
DAG File Processing Stats

File Path                                  PID  Runtime      # DAGs    # Errors  Last Runtime    Last Run
---------------------------------------  -----  ---------  --------  ----------  --------------  -------------------
/opt/airflow/dags/abc_phones_etl_dag.py     25  0.01s             0           1  0.14s           2026-05-12T07:32:55
================================================================================
[2026-05-12T07:33:55.710+0000] {manager.py:878} INFO - 
================================================================================
DAG File Processing Stats

File Path                                  PID  Runtime      # DAGs    # Errors  Last Runtime    Last Run
---------------------------------------  -----  ---------  --------  ----------  --------------  -------------------
/opt/airflow/dags/abc_phones_etl_dag.py     26  0.00s             0           1  0.15s           2026-05-12T07:33:25
================================================================================
[2026-05-12T07:34:26.323+0000] {manager.py:878} INFO - 
================================================================================
DAG File Processing Stats

File Path                                  PID  Runtime      # DAGs    # Errors  Last Runtime    Last Run
---------------------------------------  -----  ---------  --------  ----------  --------------  -------------------
/opt/airflow/dags/abc_phones_etl_dag.py     27  0.00s             0           1  0.33s           2026-05-12T07:33:56
================================================================================
[2026-05-12T07:34:56.815+0000] {manager.py:878} INFO - 
================================================================================
DAG File Processing Stats

File Path                                  PID  Runtime      # DAGs    # Errors  Last Runtime    Last Run
---------------------------------------  -----  ---------  --------  ----------  --------------  -------------------
/opt/airflow/dags/abc_phones_etl_dag.py     28  0.00s             0           1  0.09s           2026-05-12T07:34:26
================================================================================
[2026-05-12T07:35:15.348+0000] {manager.py:452} INFO - Exiting gracefully upon receiving signal 15
[2026-05-12T07:36:31.853+0000] {manager.py:470} INFO - Processing files using up to 2 processes at a time 
[2026-05-12T07:36:31.855+0000] {manager.py:471} INFO - Process each file at most once every 30 seconds
[2026-05-12T07:36:31.857+0000] {manager.py:472} INFO - Checking for new files in /opt/airflow/dags every 300 seconds
[2026-05-12T07:36:31.859+0000] {manager.py:737} INFO - Searching for files in /opt/airflow/dags
[2026-05-12T07:36:31.890+0000] {manager.py:740} INFO - There are 1 files in /opt/airflow/dags
[2026-05-12T07:36:32.238+0000] {manager.py:878} INFO - 
================================================================================
DAG File Processing Stats

File Path                                  PID  Runtime      # DAGs    # Errors  Last Runtime    Last Run
---------------------------------------  -----  ---------  --------  ----------  --------------  ----------
/opt/airflow/dags/abc_phones_etl_dag.py     21  0.21s             0           0
================================================================================
[2026-05-12T07:37:02.714+0000] {manager.py:878} INFO - 
================================================================================
DAG File Processing Stats

File Path                                PID    Runtime      # DAGs    # Errors  Last Runtime    Last Run
---------------------------------------  -----  ---------  --------  ----------  --------------  -------------------
/opt/airflow/dags/abc_phones_etl_dag.py                           1           0  6.94s           2026-05-12T07:36:38
================================================================================
[2026-05-12T07:37:33.070+0000] {manager.py:878} INFO - 
================================================================================
DAG File Processing Stats

File Path                                PID    Runtime      # DAGs    # Errors  Last Runtime    Last Run
---------------------------------------  -----  ---------  --------  ----------  --------------  -------------------
/opt/airflow/dags/abc_phones_etl_dag.py                           1           0  3.79s           2026-05-12T07:37:13
================================================================================
[2026-05-12T07:38:03.415+0000] {manager.py:878} INFO - 
================================================================================
DAG File Processing Stats

File Path                                PID    Runtime      # DAGs    # Errors  Last Runtime    Last Run
---------------------------------------  -----  ---------  --------  ----------  --------------  -------------------
/opt/airflow/dags/abc_phones_etl_dag.py                           1           0  0.95s           2026-05-12T07:37:44
================================================================================
[2026-05-12T07:38:33.638+0000] {manager.py:878} INFO - 
================================================================================
DAG File Processing Stats

File Path                                PID    Runtime      # DAGs    # Errors  Last Runtime    Last Run
---------------------------------------  -----  ---------  --------  ----------  --------------  -------------------
/opt/airflow/dags/abc_phones_etl_dag.py                           1           0  0.74s           2026-05-12T07:38:15
================================================================================
[2026-05-12T07:39:03.852+0000] {manager.py:878} INFO - 
================================================================================
DAG File Processing Stats

File Path                                PID    Runtime      # DAGs    # Errors  Last Runtime    Last Run
---------------------------------------  -----  ---------  --------  ----------  --------------  -------------------
/opt/airflow/dags/abc_phones_etl_dag.py                           1           0  0.65s           2026-05-12T07:38:46
================================================================================
[2026-05-12T07:39:34.174+0000] {manager.py:878} INFO - 
================================================================================
DAG File Processing Stats

File Path                                PID    Runtime      # DAGs    # Errors  Last Runtime    Last Run
---------------------------------------  -----  ---------  --------  ----------  --------------  -------------------
/opt/airflow/dags/abc_phones_etl_dag.py                           1           0  0.56s           2026-05-12T07:39:17
================================================================================
[2026-05-12T07:40:04.362+0000] {manager.py:878} INFO - 
================================================================================
DAG File Processing Stats

File Path                                PID    Runtime      # DAGs    # Errors  Last Runtime    Last Run
---------------------------------------  -----  ---------  --------  ----------  --------------  -------------------
/opt/airflow/dags/abc_phones_etl_dag.py                           1           0  0.55s           2026-05-12T07:39:48
================================================================================
[2026-05-12T07:40:34.643+0000] {manager.py:878} INFO - 
================================================================================
DAG File Processing Stats

File Path                                PID    Runtime      # DAGs    # Errors  Last Runtime    Last Run
---------------------------------------  -----  ---------  --------  ----------  --------------  -------------------
/opt/airflow/dags/abc_phones_etl_dag.py                           1           0  0.50s           2026-05-12T07:40:18
================================================================================
[2026-05-12T07:41:05.079+0000] {manager.py:878} INFO - 
================================================================================
DAG File Processing Stats

File Path                                PID    Runtime      # DAGs    # Errors  Last Runtime    Last Run
---------------------------------------  -----  ---------  --------  ----------  --------------  -------------------
/opt/airflow/dags/abc_phones_etl_dag.py                           1           0  0.70s           2026-05-12T07:40:50
================================================================================
[2026-05-12T07:41:32.577+0000] {manager.py:737} INFO - Searching for files in /opt/airflow/dags
[2026-05-12T07:41:32.598+0000] {manager.py:740} INFO - There are 1 files in /opt/airflow/dags
[2026-05-12T07:41:35.632+0000] {manager.py:878} INFO - 
================================================================================
DAG File Processing Stats

File Path                                PID    Runtime      # DAGs    # Errors  Last Runtime    Last Run
---------------------------------------  -----  ---------  --------  ----------  --------------  -------------------
/opt/airflow/dags/abc_phones_etl_dag.py                           1           0  3.89s           2026-05-12T07:41:24
================================================================================
[2026-05-12T07:42:05.800+0000] {manager.py:878} INFO - 
================================================================================
DAG File Processing Stats

File Path                                PID    Runtime      # DAGs    # Errors  Last Runtime    Last Run
---------------------------------------  -----  ---------  --------  ----------  --------------  -------------------
/opt/airflow/dags/abc_phones_etl_dag.py                           1           0  2.85s           2026-05-12T07:41:57
================================================================================
[2026-05-12T07:42:35.957+0000] {manager.py:878} INFO - 
================================================================================
DAG File Processing Stats

File Path                                PID    Runtime      # DAGs    # Errors  Last Runtime    Last Run
---------------------------------------  -----  ---------  --------  ----------  --------------  -------------------
/opt/airflow/dags/abc_phones_etl_dag.py                           1           0  1.97s           2026-05-12T07:42:29
================================================================================
[2026-05-12T07:43:06.689+0000] {manager.py:878} INFO - 
================================================================================
DAG File Processing Stats

File Path                                PID    Runtime      # DAGs    # Errors  Last Runtime    Last Run
---------------------------------------  -----  ---------  --------  ----------  --------------  -------------------
/opt/airflow/dags/abc_phones_etl_dag.py                           1           0  1.33s           2026-05-12T07:43:01
================================================================================
[2026-05-12T07:43:36.993+0000] {manager.py:878} INFO - 
================================================================================
DAG File Processing Stats

File Path                                PID    Runtime      # DAGs    # Errors  Last Runtime    Last Run
---------------------------------------  -----  ---------  --------  ----------  --------------  -------------------
/opt/airflow/dags/abc_phones_etl_dag.py                           1           0  2.59s           2026-05-12T07:43:34
================================================================================
[2026-05-12T07:44:07.391+0000] {manager.py:878} INFO - 
================================================================================
DAG File Processing Stats

File Path                                PID    Runtime      # DAGs    # Errors  Last Runtime    Last Run
---------------------------------------  -----  ---------  --------  ----------  --------------  -------------------
/opt/airflow/dags/abc_phones_etl_dag.py                           1           0  1.33s           2026-05-12T07:44:05
================================================================================
[2026-05-12T07:44:37.775+0000] {manager.py:878} INFO - 
================================================================================
DAG File Processing Stats

File Path                                PID    Runtime      # DAGs    # Errors  Last Runtime    Last Run
---------------------------------------  -----  ---------  --------  ----------  --------------  -------------------
/opt/airflow/dags/abc_phones_etl_dag.py                           1           0  1.06s           2026-05-12T07:44:36
================================================================================
[2026-05-12T07:45:08.110+0000] {manager.py:878} INFO - 
================================================================================
DAG File Processing Stats

File Path                                  PID  Runtime      # DAGs    # Errors  Last Runtime    Last Run
---------------------------------------  -----  ---------  --------  ----------  --------------  -------------------
/opt/airflow/dags/abc_phones_etl_dag.py     65  1.01s             1           0  1.06s           2026-05-12T07:44:36
================================================================================
[2026-05-12T07:45:38.413+0000] {manager.py:878} INFO - 
================================================================================
DAG File Processing Stats

File Path                                  PID  Runtime      # DAGs    # Errors  Last Runtime    Last Run
---------------------------------------  -----  ---------  --------  ----------  --------------  -------------------
/opt/airflow/dags/abc_phones_etl_dag.py     67  0.01s             1           0  1.26s           2026-05-12T07:45:08
================================================================================
[2026-05-12T07:46:09.107+0000] {manager.py:878} INFO - 
================================================================================
DAG File Processing Stats

File Path                                PID    Runtime      # DAGs    # Errors  Last Runtime    Last Run
---------------------------------------  -----  ---------  --------  ----------  --------------  -------------------
/opt/airflow/dags/abc_phones_etl_dag.py                           1           0  0.99s           2026-05-12T07:45:39
================================================================================
[2026-05-12T07:46:33.376+0000] {manager.py:737} INFO - Searching for files in /opt/airflow/dags
[2026-05-12T07:46:33.438+0000] {manager.py:740} INFO - There are 1 files in /opt/airflow/dags
[2026-05-12T07:46:39.548+0000] {manager.py:878} INFO - 
================================================================================
DAG File Processing Stats

File Path                                PID    Runtime      # DAGs    # Errors  Last Runtime    Last Run
---------------------------------------  -----  ---------  --------  ----------  --------------  -------------------
/opt/airflow/dags/abc_phones_etl_dag.py                           1           0  1.14s           2026-05-12T07:46:11
================================================================================
[2026-05-12T07:47:09.965+0000] {manager.py:878} INFO - 
================================================================================
DAG File Processing Stats

File Path                                PID    Runtime      # DAGs    # Errors  Last Runtime    Last Run
---------------------------------------  -----  ---------  --------  ----------  --------------  -------------------
/opt/airflow/dags/abc_phones_etl_dag.py                           1           0  1.03s           2026-05-12T07:46:42
================================================================================
[2026-05-12T07:47:40.011+0000] {manager.py:878} INFO - 
================================================================================
DAG File Processing Stats

File Path                                PID    Runtime      # DAGs    # Errors  Last Runtime    Last Run
---------------------------------------  -----  ---------  --------  ----------  --------------  -------------------
/opt/airflow/dags/abc_phones_etl_dag.py                           1           0  0.71s           2026-05-12T07:47:13
================================================================================
[2026-05-12T07:48:10.451+0000] {manager.py:878} INFO - 
================================================================================
DAG File Processing Stats

File Path                                PID    Runtime      # DAGs    # Errors  Last Runtime    Last Run
---------------------------------------  -----  ---------  --------  ----------  --------------  -------------------
/opt/airflow/dags/abc_phones_etl_dag.py                           1           0  1.05s           2026-05-12T07:47:45
================================================================================
[2026-05-12T07:48:40.752+0000] {manager.py:878} INFO - 
================================================================================
DAG File Processing Stats

File Path                                PID    Runtime      # DAGs    # Errors  Last Runtime    Last Run
---------------------------------------  -----  ---------  --------  ----------  --------------  -------------------
/opt/airflow/dags/abc_phones_etl_dag.py                           1           0  1.43s           2026-05-12T07:48:16
================================================================================
[2026-05-12T07:49:11.209+0000] {manager.py:878} INFO - 
================================================================================
DAG File Processing Stats

File Path                                PID    Runtime      # DAGs    # Errors  Last Runtime    Last Run
---------------------------------------  -----  ---------  --------  ----------  --------------  -------------------
/opt/airflow/dags/abc_phones_etl_dag.py                           1           0  2.03s           2026-05-12T07:48:49
================================================================================
[2026-05-12T07:49:41.480+0000] {manager.py:878} INFO - 
================================================================================
DAG File Processing Stats

File Path                                PID    Runtime      # DAGs    # Errors  Last Runtime    Last Run
---------------------------------------  -----  ---------  --------  ----------  --------------  -------------------
/opt/airflow/dags/abc_phones_etl_dag.py                           1           0  0.81s           2026-05-12T07:49:20
================================================================================
[2026-05-12T07:50:11.779+0000] {manager.py:878} INFO - 
================================================================================
DAG File Processing Stats

File Path                                PID    Runtime      # DAGs    # Errors  Last Runtime    Last Run
---------------------------------------  -----  ---------  --------  ----------  --------------  -------------------
/opt/airflow/dags/abc_phones_etl_dag.py                           1           0  1.30s           2026-05-12T07:49:51
================================================================================
[2026-05-12T07:50:41.960+0000] {manager.py:878} INFO - 
================================================================================
DAG File Processing Stats

File Path                                PID    Runtime      # DAGs    # Errors  Last Runtime    Last Run
---------------------------------------  -----  ---------  --------  ----------  --------------  -------------------
/opt/airflow/dags/abc_phones_etl_dag.py                           1           0  1.77s           2026-05-12T07:50:23
================================================================================
[2026-05-12T07:51:12.283+0000] {manager.py:878} INFO - 
================================================================================
DAG File Processing Stats

File Path                                PID    Runtime      # DAGs    # Errors  Last Runtime    Last Run
---------------------------------------  -----  ---------  --------  ----------  --------------  -------------------
/opt/airflow/dags/abc_phones_etl_dag.py                           1           0  1.16s           2026-05-12T07:50:55
================================================================================
[2026-05-12T07:51:33.379+0000] {manager.py:737} INFO - Searching for files in /opt/airflow/dags
[2026-05-12T07:51:33.446+0000] {manager.py:740} INFO - There are 1 files in /opt/airflow/dags
[2026-05-12T07:51:42.579+0000] {manager.py:878} INFO - 
================================================================================
DAG File Processing Stats

File Path                                PID    Runtime      # DAGs    # Errors  Last Runtime    Last Run
---------------------------------------  -----  ---------  --------  ----------  --------------  -------------------
/opt/airflow/dags/abc_phones_etl_dag.py                           1           0  0.89s           2026-05-12T07:51:26
================================================================================
[2026-05-12T07:52:12.682+0000] {manager.py:878} INFO - 
================================================================================
DAG File Processing Stats

File Path                                PID    Runtime      # DAGs    # Errors  Last Runtime    Last Run
---------------------------------------  -----  ---------  --------  ----------  --------------  -------------------
/opt/airflow/dags/abc_phones_etl_dag.py                           1           0  0.68s           2026-05-12T07:51:57
================================================================================
[2026-05-12T07:52:43.190+0000] {manager.py:878} INFO - 
================================================================================
DAG File Processing Stats

File Path                                PID    Runtime      # DAGs    # Errors  Last Runtime    Last Run
---------------------------------------  -----  ---------  --------  ----------  --------------  -------------------
/opt/airflow/dags/abc_phones_etl_dag.py                           1           0  1.00s           2026-05-12T07:52:28
================================================================================
[2026-05-12T07:53:13.571+0000] {manager.py:878} INFO - 
================================================================================
DAG File Processing Stats

File Path                                PID    Runtime      # DAGs    # Errors  Last Runtime    Last Run
---------------------------------------  -----  ---------  --------  ----------  --------------  -------------------
/opt/airflow/dags/abc_phones_etl_dag.py                           1           0  1.08s           2026-05-12T07:53:00
================================================================================
[2026-05-12T07:53:44.226+0000] {manager.py:878} INFO - 
================================================================================
DAG File Processing Stats

File Path                                PID    Runtime      # DAGs    # Errors  Last Runtime    Last Run
---------------------------------------  -----  ---------  --------  ----------  --------------  -------------------
/opt/airflow/dags/abc_phones_etl_dag.py                           1           0  0.98s           2026-05-12T07:53:31
================================================================================
[2026-05-12T07:54:14.251+0000] {manager.py:878} INFO - 
================================================================================
DAG File Processing Stats

File Path                                PID    Runtime      # DAGs    # Errors  Last Runtime    Last Run
---------------------------------------  -----  ---------  --------  ----------  --------------  -------------------
/opt/airflow/dags/abc_phones_etl_dag.py                           1           0  1.57s           2026-05-12T07:54:04
================================================================================
[2026-05-12T07:54:44.373+0000] {manager.py:878} INFO - 
================================================================================
DAG File Processing Stats

File Path                                PID    Runtime      # DAGs    # Errors  Last Runtime    Last Run
---------------------------------------  -----  ---------  --------  ----------  --------------  -------------------
/opt/airflow/dags/abc_phones_etl_dag.py                           1           0  0.77s           2026-05-12T07:54:35
================================================================================
[2026-05-12T07:55:14.378+0000] {manager.py:878} INFO - 
================================================================================
DAG File Processing Stats

File Path                                PID    Runtime      # DAGs    # Errors  Last Runtime    Last Run
---------------------------------------  -----  ---------  --------  ----------  --------------  -------------------
/opt/airflow/dags/abc_phones_etl_dag.py                           1           0  0.87s           2026-05-12T07:55:06
================================================================================
[2026-05-12T07:55:44.583+0000] {manager.py:878} INFO - 
================================================================================
DAG File Processing Stats

File Path                                PID    Runtime      # DAGs    # Errors  Last Runtime    Last Run
---------------------------------------  -----  ---------  --------  ----------  --------------  -------------------
/opt/airflow/dags/abc_phones_etl_dag.py                           1           0  0.88s           2026-05-12T07:55:37
================================================================================
[2026-05-12T07:56:15.196+0000] {manager.py:878} INFO - 
================================================================================
DAG File Processing Stats

File Path                                PID    Runtime      # DAGs    # Errors  Last Runtime    Last Run
---------------------------------------  -----  ---------  --------  ----------  --------------  -------------------
/opt/airflow/dags/abc_phones_etl_dag.py                           1           0  2.21s           2026-05-12T07:56:10
================================================================================
[2026-05-12T07:56:33.391+0000] {manager.py:737} INFO - Searching for files in /opt/airflow/dags
[2026-05-12T07:56:33.443+0000] {manager.py:740} INFO - There are 1 files in /opt/airflow/dags
[2026-05-12T07:56:45.598+0000] {manager.py:878} INFO - 
================================================================================
DAG File Processing Stats

File Path                                PID    Runtime      # DAGs    # Errors  Last Runtime    Last Run
---------------------------------------  -----  ---------  --------  ----------  --------------  -------------------
/opt/airflow/dags/abc_phones_etl_dag.py                           1           0  0.99s           2026-05-12T07:56:41
================================================================================
[2026-05-12T07:57:16.010+0000] {manager.py:878} INFO - 
================================================================================
DAG File Processing Stats

File Path                                PID    Runtime      # DAGs    # Errors  Last Runtime    Last Run
---------------------------------------  -----  ---------  --------  ----------  --------------  -------------------
/opt/airflow/dags/abc_phones_etl_dag.py                           1           0  1.57s           2026-05-12T07:57:13
================================================================================
[2026-05-12T07:57:46.551+0000] {manager.py:878} INFO - 
================================================================================
DAG File Processing Stats

File Path                                PID    Runtime      # DAGs    # Errors  Last Runtime    Last Run
---------------------------------------  -----  ---------  --------  ----------  --------------  -------------------
/opt/airflow/dags/abc_phones_etl_dag.py                           1           0  1.44s           2026-05-12T07:57:44
================================================================================
[2026-05-12T07:58:16.754+0000] {manager.py:878} INFO - 
================================================================================
DAG File Processing Stats

File Path                                PID    Runtime      # DAGs    # Errors  Last Runtime    Last Run
---------------------------------------  -----  ---------  --------  ----------  --------------  -------------------
/opt/airflow/dags/abc_phones_etl_dag.py                           1           0  0.73s           2026-05-12T07:58:15
================================================================================
[2026-05-12T07:58:47.016+0000] {manager.py:878} INFO - 
================================================================================
DAG File Processing Stats

File Path                                PID    Runtime      # DAGs    # Errors  Last Runtime    Last Run
---------------------------------------  -----  ---------  --------  ----------  --------------  -------------------
/opt/airflow/dags/abc_phones_etl_dag.py                           1           0  0.82s           2026-05-12T07:58:47
================================================================================
[2026-05-12T07:59:18.019+0000] {manager.py:878} INFO - 
================================================================================
DAG File Processing Stats

File Path                                  PID  Runtime      # DAGs    # Errors  Last Runtime    Last Run
---------------------------------------  -----  ---------  --------  ----------  --------------  -------------------
/opt/airflow/dags/abc_phones_etl_dag.py    143  0.01s             1           0  0.82s           2026-05-12T07:58:47
================================================================================
[2026-05-12T07:59:48.386+0000] {manager.py:878} INFO - 
================================================================================
DAG File Processing Stats

File Path                                PID    Runtime      # DAGs    # Errors  Last Runtime    Last Run
---------------------------------------  -----  ---------  --------  ----------  --------------  -------------------
/opt/airflow/dags/abc_phones_etl_dag.py                           1           0  1.34s           2026-05-12T07:59:19
================================================================================
[2026-05-12T08:00:19.168+0000] {manager.py:878} INFO - 
================================================================================
DAG File Processing Stats

File Path                                PID    Runtime      # DAGs    # Errors  Last Runtime    Last Run
---------------------------------------  -----  ---------  --------  ----------  --------------  -------------------
/opt/airflow/dags/abc_phones_etl_dag.py                           1           0  1.68s           2026-05-12T07:59:51
================================================================================
[2026-05-12T08:00:49.407+0000] {manager.py:878} INFO - 
================================================================================
DAG File Processing Stats

File Path                                PID    Runtime      # DAGs    # Errors  Last Runtime    Last Run
---------------------------------------  -----  ---------  --------  ----------  --------------  -------------------
/opt/airflow/dags/abc_phones_etl_dag.py                           1           0  0.80s           2026-05-12T08:00:22
================================================================================
[2026-05-12T08:01:19.785+0000] {manager.py:878} INFO - 
================================================================================
DAG File Processing Stats

File Path                                PID    Runtime      # DAGs    # Errors  Last Runtime    Last Run
---------------------------------------  -----  ---------  --------  ----------  --------------  -------------------
/opt/airflow/dags/abc_phones_etl_dag.py                           1           0  1.17s           2026-05-12T08:00:53
================================================================================
[2026-05-12T08:01:34.038+0000] {manager.py:737} INFO - Searching for files in /opt/airflow/dags
[2026-05-12T08:01:34.093+0000] {manager.py:740} INFO - There are 1 files in /opt/airflow/dags
[2026-05-12T08:01:50.297+0000] {manager.py:878} INFO - 
================================================================================
DAG File Processing Stats

File Path                                PID    Runtime      # DAGs    # Errors  Last Runtime    Last Run
---------------------------------------  -----  ---------  --------  ----------  --------------  -------------------
/opt/airflow/dags/abc_phones_etl_dag.py                           1           0  1.03s           2026-05-12T08:01:24
================================================================================
[2026-05-12T08:02:20.667+0000] {manager.py:878} INFO - 
================================================================================
DAG File Processing Stats

File Path                                PID    Runtime      # DAGs    # Errors  Last Runtime    Last Run
---------------------------------------  -----  ---------  --------  ----------  --------------  -------------------
/opt/airflow/dags/abc_phones_etl_dag.py                           1           0  0.85s           2026-05-12T08:01:56
================================================================================
[2026-05-12T08:02:50.985+0000] {manager.py:878} INFO - 
================================================================================
DAG File Processing Stats

File Path                                PID    Runtime      # DAGs    # Errors  Last Runtime    Last Run
---------------------------------------  -----  ---------  --------  ----------  --------------  -------------------
/opt/airflow/dags/abc_phones_etl_dag.py                           1           0  1.03s           2026-05-12T08:02:27
================================================================================
[2026-05-12T08:03:21.378+0000] {manager.py:878} INFO - 
================================================================================
DAG File Processing Stats

File Path                                PID    Runtime      # DAGs    # Errors  Last Runtime    Last Run
---------------------------------------  -----  ---------  --------  ----------  --------------  -------------------
/opt/airflow/dags/abc_phones_etl_dag.py                           1           0  1.05s           2026-05-12T08:02:59
================================================================================
[2026-05-12T08:03:51.708+0000] {manager.py:878} INFO - 
================================================================================
DAG File Processing Stats

File Path                                PID    Runtime      # DAGs    # Errors  Last Runtime    Last Run
---------------------------------------  -----  ---------  --------  ----------  --------------  -------------------
/opt/airflow/dags/abc_phones_etl_dag.py                           1           0  1.24s           2026-05-12T08:03:30
================================================================================
[2026-05-12T08:04:21.957+0000] {manager.py:878} INFO - 
================================================================================
DAG File Processing Stats

File Path                                PID    Runtime      # DAGs    # Errors  Last Runtime    Last Run
---------------------------------------  -----  ---------  --------  ----------  --------------  -------------------
/opt/airflow/dags/abc_phones_etl_dag.py                           1           0  0.77s           2026-05-12T08:04:01
================================================================================
[2026-05-12T08:04:52.011+0000] {manager.py:878} INFO - 
================================================================================
DAG File Processing Stats

File Path                                PID    Runtime      # DAGs    # Errors  Last Runtime    Last Run
---------------------------------------  -----  ---------  --------  ----------  --------------  -------------------
/opt/airflow/dags/abc_phones_etl_dag.py                           0           1  0.89s           2026-05-12T08:04:32
================================================================================
[2026-05-12T08:05:22.512+0000] {manager.py:878} INFO - 
================================================================================
DAG File Processing Stats

File Path                                PID    Runtime      # DAGs    # Errors  Last Runtime    Last Run
---------------------------------------  -----  ---------  --------  ----------  --------------  -------------------
/opt/airflow/dags/abc_phones_etl_dag.py                           1           0  1.79s           2026-05-12T08:05:05
================================================================================
[2026-05-12T08:05:52.522+0000] {manager.py:878} INFO - 
================================================================================
DAG File Processing Stats

File Path                                PID    Runtime      # DAGs    # Errors  Last Runtime    Last Run
---------------------------------------  -----  ---------  --------  ----------  --------------  -------------------
/opt/airflow/dags/abc_phones_etl_dag.py                           1           0  0.89s           2026-05-12T08:05:36
================================================================================
[2026-05-12T08:06:22.858+0000] {manager.py:878} INFO - 
================================================================================
DAG File Processing Stats

File Path                                PID    Runtime      # DAGs    # Errors  Last Runtime    Last Run
---------------------------------------  -----  ---------  --------  ----------  --------------  -------------------
/opt/airflow/dags/abc_phones_etl_dag.py                           1           0  1.04s           2026-05-12T08:06:07
================================================================================
[2026-05-12T08:06:34.967+0000] {manager.py:737} INFO - Searching for files in /opt/airflow/dags
[2026-05-12T08:06:34.998+0000] {manager.py:740} INFO - There are 1 files in /opt/airflow/dags
[2026-05-12T08:06:52.993+0000] {manager.py:878} INFO - 
================================================================================
DAG File Processing Stats

File Path                                PID    Runtime      # DAGs    # Errors  Last Runtime    Last Run
---------------------------------------  -----  ---------  --------  ----------  --------------  -------------------
/opt/airflow/dags/abc_phones_etl_dag.py                           1           0  0.78s           2026-05-12T08:06:38
================================================================================
[2026-05-12T08:07:23.230+0000] {manager.py:878} INFO - 
================================================================================
DAG File Processing Stats

File Path                                PID    Runtime      # DAGs    # Errors  Last Runtime    Last Run
---------------------------------------  -----  ---------  --------  ----------  --------------  -------------------
/opt/airflow/dags/abc_phones_etl_dag.py                           1           0  0.87s           2026-05-12T08:07:10
================================================================================
[2026-05-12T08:07:53.365+0000] {manager.py:878} INFO - 
================================================================================
DAG File Processing Stats

File Path                                PID    Runtime      # DAGs    # Errors  Last Runtime    Last Run
---------------------------------------  -----  ---------  --------  ----------  --------------  -------------------
/opt/airflow/dags/abc_phones_etl_dag.py                           1           0  1.57s           2026-05-12T08:07:42
================================================================================
[2026-05-12T08:08:24.388+0000] {manager.py:878} INFO - 
================================================================================
DAG File Processing Stats

File Path                                PID    Runtime      # DAGs    # Errors  Last Runtime    Last Run
---------------------------------------  -----  ---------  --------  ----------  --------------  -------------------
/opt/airflow/dags/abc_phones_etl_dag.py                           1           0  1.04s           2026-05-12T08:08:13
================================================================================
[2026-05-12T08:08:54.777+0000] {manager.py:878} INFO - 
================================================================================
DAG File Processing Stats

File Path                                PID    Runtime      # DAGs    # Errors  Last Runtime    Last Run
---------------------------------------  -----  ---------  --------  ----------  --------------  -------------------
/opt/airflow/dags/abc_phones_etl_dag.py                           1           0  1.01s           2026-05-12T08:08:44
================================================================================
[2026-05-12T08:09:25.219+0000] {manager.py:878} INFO - 
================================================================================
DAG File Processing Stats

File Path                                PID    Runtime      # DAGs    # Errors  Last Runtime    Last Run
---------------------------------------  -----  ---------  --------  ----------  --------------  -------------------
/opt/airflow/dags/abc_phones_etl_dag.py                           1           0  1.13s           2026-05-12T08:09:16
================================================================================
[2026-05-12T08:09:55.508+0000] {manager.py:878} INFO - 
================================================================================
DAG File Processing Stats

File Path                                PID    Runtime      # DAGs    # Errors  Last Runtime    Last Run
---------------------------------------  -----  ---------  --------  ----------  --------------  -------------------
/opt/airflow/dags/abc_phones_etl_dag.py                           1           0  0.83s           2026-05-12T08:09:47
================================================================================
[2026-05-12T08:10:25.385+0000] {manager.py:452} INFO - Exiting gracefully upon receiving signal 15
[2026-05-12T08:11:27.627+0000] {manager.py:470} INFO - Processing files using up to 2 processes at a time 
[2026-05-12T08:11:27.630+0000] {manager.py:471} INFO - Process each file at most once every 30 seconds
[2026-05-12T08:11:27.637+0000] {manager.py:472} INFO - Checking for new files in /opt/airflow/dags every 300 seconds
[2026-05-12T08:11:27.639+0000] {manager.py:737} INFO - Searching for files in /opt/airflow/dags
[2026-05-12T08:11:28.372+0000] {manager.py:740} INFO - There are 1 files in /opt/airflow/dags
[2026-05-12T08:11:28.985+0000] {manager.py:878} INFO - 
================================================================================
DAG File Processing Stats

File Path                                  PID  Runtime      # DAGs    # Errors  Last Runtime    Last Run
---------------------------------------  -----  ---------  --------  ----------  --------------  ----------
/opt/airflow/dags/abc_phones_etl_dag.py     21  0.23s             0           0
================================================================================
[2026-05-12T08:11:59.847+0000] {manager.py:878} INFO - 
================================================================================
DAG File Processing Stats

File Path                                PID    Runtime      # DAGs    # Errors  Last Runtime    Last Run
---------------------------------------  -----  ---------  --------  ----------  --------------  -------------------
/opt/airflow/dags/abc_phones_etl_dag.py                           1           0  7.44s           2026-05-12T08:11:36
================================================================================
[2026-05-12T08:12:30.317+0000] {manager.py:878} INFO - 
================================================================================
DAG File Processing Stats

File Path                                PID    Runtime      # DAGs    # Errors  Last Runtime    Last Run
---------------------------------------  -----  ---------  --------  ----------  --------------  -------------------
/opt/airflow/dags/abc_phones_etl_dag.py                           1           0  3.62s           2026-05-12T08:12:10
================================================================================
[2026-05-12T08:13:00.529+0000] {manager.py:878} INFO - 
================================================================================
DAG File Processing Stats

File Path                                PID    Runtime      # DAGs    # Errors  Last Runtime    Last Run
---------------------------------------  -----  ---------  --------  ----------  --------------  -------------------
/opt/airflow/dags/abc_phones_etl_dag.py                           1           0  0.91s           2026-05-12T08:12:41
================================================================================
[2026-05-12T08:13:30.616+0000] {manager.py:878} INFO - 
================================================================================
DAG File Processing Stats

File Path                                PID    Runtime      # DAGs    # Errors  Last Runtime    Last Run
---------------------------------------  -----  ---------  --------  ----------  --------------  -------------------
/opt/airflow/dags/abc_phones_etl_dag.py                           1           0  0.82s           2026-05-12T08:13:12
================================================================================
[2026-05-12T08:14:00.840+0000] {manager.py:878} INFO - 
================================================================================
DAG File Processing Stats

File Path                                PID    Runtime      # DAGs    # Errors  Last Runtime    Last Run
---------------------------------------  -----  ---------  --------  ----------  --------------  -------------------
/opt/airflow/dags/abc_phones_etl_dag.py                           1           0  0.98s           2026-05-12T08:13:43
================================================================================
[2026-05-12T08:14:31.354+0000] {manager.py:878} INFO - 
================================================================================
DAG File Processing Stats

File Path                                PID    Runtime      # DAGs    # Errors  Last Runtime    Last Run
---------------------------------------  -----  ---------  --------  ----------  --------------  -------------------
/opt/airflow/dags/abc_phones_etl_dag.py                           1           0  0.60s           2026-05-12T08:14:14
================================================================================
[2026-05-12T08:15:01.780+0000] {manager.py:878} INFO - 
================================================================================
DAG File Processing Stats

File Path                                PID    Runtime      # DAGs    # Errors  Last Runtime    Last Run
---------------------------------------  -----  ---------  --------  ----------  --------------  -------------------
/opt/airflow/dags/abc_phones_etl_dag.py                           1           0  1.88s           2026-05-12T08:14:46
================================================================================
[2026-05-12T08:15:32.028+0000] {manager.py:878} INFO - 
================================================================================
DAG File Processing Stats

File Path                                PID    Runtime      # DAGs    # Errors  Last Runtime    Last Run
---------------------------------------  -----  ---------  --------  ----------  --------------  -------------------
/opt/airflow/dags/abc_phones_etl_dag.py                           1           0  1.10s           2026-05-12T08:15:18
================================================================================
[2026-05-12T08:16:02.358+0000] {manager.py:878} INFO - 
================================================================================
DAG File Processing Stats

File Path                                PID    Runtime      # DAGs    # Errors  Last Runtime    Last Run
---------------------------------------  -----  ---------  --------  ----------  --------------  -------------------
/opt/airflow/dags/abc_phones_etl_dag.py                           1           0  2.72s           2026-05-12T08:15:50
================================================================================
[2026-05-12T08:16:27.958+0000] {manager.py:737} INFO - Searching for files in /opt/airflow/dags
[2026-05-12T08:16:27.983+0000] {manager.py:740} INFO - There are 1 files in /opt/airflow/dags
[2026-05-12T08:16:32.421+0000] {manager.py:878} INFO - 
================================================================================
DAG File Processing Stats

File Path                                PID    Runtime      # DAGs    # Errors  Last Runtime    Last Run
---------------------------------------  -----  ---------  --------  ----------  --------------  -------------------
/opt/airflow/dags/abc_phones_etl_dag.py                           1           0  0.93s           2026-05-12T08:16:21
================================================================================
[2026-05-12T08:17:03.058+0000] {manager.py:878} INFO - 
================================================================================
DAG File Processing Stats

File Path                                PID    Runtime      # DAGs    # Errors  Last Runtime    Last Run
---------------------------------------  -----  ---------  --------  ----------  --------------  -------------------
/opt/airflow/dags/abc_phones_etl_dag.py                           1           0  1.08s           2026-05-12T08:16:53
================================================================================
[2026-05-12T08:17:33.435+0000] {manager.py:878} INFO - 
================================================================================
DAG File Processing Stats

File Path                                PID    Runtime      # DAGs    # Errors  Last Runtime    Last Run
---------------------------------------  -----  ---------  --------  ----------  --------------  -------------------
/opt/airflow/dags/abc_phones_etl_dag.py                           1           0  1.07s           2026-05-12T08:17:25
================================================================================
[2026-05-12T08:18:03.541+0000] {manager.py:878} INFO - 
================================================================================
DAG File Processing Stats

File Path                                PID    Runtime      # DAGs    # Errors  Last Runtime    Last Run
---------------------------------------  -----  ---------  --------  ----------  --------------  -------------------
/opt/airflow/dags/abc_phones_etl_dag.py                           1           0  0.72s           2026-05-12T08:17:56
================================================================================
[2026-05-12T08:18:34.397+0000] {manager.py:878} INFO - 
================================================================================
DAG File Processing Stats

File Path                                PID    Runtime      # DAGs    # Errors  Last Runtime    Last Run
---------------------------------------  -----  ---------  --------  ----------  --------------  -------------------
/opt/airflow/dags/abc_phones_etl_dag.py                           1           0  0.73s           2026-05-12T08:18:27
================================================================================
[2026-05-12T08:19:04.662+0000] {manager.py:452} INFO - Exiting gracefully upon receiving signal 15
[2026-05-12T08:21:57.765+0000] {manager.py:470} INFO - Processing files using up to 2 processes at a time 
[2026-05-12T08:21:57.767+0000] {manager.py:471} INFO - Process each file at most once every 30 seconds
[2026-05-12T08:21:57.775+0000] {manager.py:472} INFO - Checking for new files in /opt/airflow/dags every 300 seconds
[2026-05-12T08:21:57.779+0000] {manager.py:737} INFO - Searching for files in /opt/airflow/dags
[2026-05-12T08:21:57.831+0000] {manager.py:740} INFO - There are 1 files in /opt/airflow/dags
[2026-05-12T08:21:58.202+0000] {manager.py:878} INFO - 
================================================================================
DAG File Processing Stats

File Path                                  PID  Runtime      # DAGs    # Errors  Last Runtime    Last Run
---------------------------------------  -----  ---------  --------  ----------  --------------  ----------
/opt/airflow/dags/abc_phones_etl_dag.py     21  0.14s             0           0
================================================================================
[2026-05-12T08:22:28.433+0000] {manager.py:878} INFO - 
================================================================================
DAG File Processing Stats

File Path                                PID    Runtime      # DAGs    # Errors  Last Runtime    Last Run
---------------------------------------  -----  ---------  --------  ----------  --------------  -------------------
/opt/airflow/dags/abc_phones_etl_dag.py                           1           0  13.19s          2026-05-12T08:22:11
================================================================================
[2026-05-12T08:22:58.993+0000] {manager.py:878} INFO - 
================================================================================
DAG File Processing Stats

File Path                                PID    Runtime      # DAGs    # Errors  Last Runtime    Last Run
---------------------------------------  -----  ---------  --------  ----------  --------------  -------------------
/opt/airflow/dags/abc_phones_etl_dag.py                           1           0  2.26s           2026-05-12T08:22:43
================================================================================
[2026-05-12T08:23:29.551+0000] {manager.py:878} INFO - 
================================================================================
DAG File Processing Stats

File Path                                PID    Runtime      # DAGs    # Errors  Last Runtime    Last Run
---------------------------------------  -----  ---------  --------  ----------  --------------  -------------------
/opt/airflow/dags/abc_phones_etl_dag.py                           1           0  0.95s           2026-05-12T08:23:15
================================================================================
[2026-05-12T08:23:59.733+0000] {manager.py:878} INFO - 
================================================================================
DAG File Processing Stats

File Path                                PID    Runtime      # DAGs    # Errors  Last Runtime    Last Run
---------------------------------------  -----  ---------  --------  ----------  --------------  -------------------
/opt/airflow/dags/abc_phones_etl_dag.py                           1           0  0.74s           2026-05-12T08:23:46
================================================================================
[2026-05-12T08:24:30.223+0000] {manager.py:878} INFO - 
================================================================================
DAG File Processing Stats

File Path                                PID    Runtime      # DAGs    # Errors  Last Runtime    Last Run
---------------------------------------  -----  ---------  --------  ----------  --------------  -------------------
/opt/airflow/dags/abc_phones_etl_dag.py                           1           0  1.27s           2026-05-12T08:24:18
================================================================================
[2026-05-12T08:25:00.865+0000] {manager.py:878} INFO - 
================================================================================
DAG File Processing Stats

File Path                                PID    Runtime      # DAGs    # Errors  Last Runtime    Last Run
---------------------------------------  -----  ---------  --------  ----------  --------------  -------------------
/opt/airflow/dags/abc_phones_etl_dag.py                           1           0  0.61s           2026-05-12T08:24:48
================================================================================
[2026-05-12T08:25:31.028+0000] {manager.py:878} INFO - 
================================================================================
DAG File Processing Stats

File Path                                PID    Runtime      # DAGs    # Errors  Last Runtime    Last Run
---------------------------------------  -----  ---------  --------  ----------  --------------  -------------------
/opt/airflow/dags/abc_phones_etl_dag.py                           1           0  1.26s           2026-05-12T08:25:20
================================================================================
[2026-05-12T08:26:01.425+0000] {manager.py:878} INFO - 
================================================================================
DAG File Processing Stats

File Path                                PID    Runtime      # DAGs    # Errors  Last Runtime    Last Run
---------------------------------------  -----  ---------  --------  ----------  --------------  -------------------
/opt/airflow/dags/abc_phones_etl_dag.py                           1           0  0.80s           2026-05-12T08:25:51
================================================================================
[2026-05-12T08:26:31.665+0000] {manager.py:878} INFO - 
================================================================================
DAG File Processing Stats

File Path                                PID    Runtime      # DAGs    # Errors  Last Runtime    Last Run
---------------------------------------  -----  ---------  --------  ----------  --------------  -------------------
/opt/airflow/dags/abc_phones_etl_dag.py                           1           0  1.70s           2026-05-12T08:26:23
================================================================================
[2026-05-12T08:26:58.210+0000] {manager.py:737} INFO - Searching for files in /opt/airflow/dags
[2026-05-12T08:26:58.237+0000] {manager.py:740} INFO - There are 1 files in /opt/airflow/dags
[2026-05-12T08:27:02.293+0000] {manager.py:878} INFO - 
================================================================================
DAG File Processing Stats

File Path                                PID    Runtime      # DAGs    # Errors  Last Runtime    Last Run
---------------------------------------  -----  ---------  --------  ----------  --------------  -------------------
/opt/airflow/dags/abc_phones_etl_dag.py                           1           0  1.25s           2026-05-12T08:26:55
================================================================================
[2026-05-12T08:27:32.526+0000] {manager.py:878} INFO - 
================================================================================
DAG File Processing Stats

File Path                                PID    Runtime      # DAGs    # Errors  Last Runtime    Last Run
---------------------------------------  -----  ---------  --------  ----------  --------------  -------------------
/opt/airflow/dags/abc_phones_etl_dag.py                           1           0  3.12s           2026-05-12T08:27:29
================================================================================
[2026-05-12T08:28:02.742+0000] {manager.py:878} INFO - 
================================================================================
DAG File Processing Stats

File Path                                PID    Runtime      # DAGs    # Errors  Last Runtime    Last Run
---------------------------------------  -----  ---------  --------  ----------  --------------  -------------------
/opt/airflow/dags/abc_phones_etl_dag.py                           1           0  1.66s           2026-05-12T08:28:01
================================================================================
[2026-05-12T08:28:32.973+0000] {manager.py:878} INFO - 
================================================================================
DAG File Processing Stats

File Path                                  PID  Runtime      # DAGs    # Errors  Last Runtime    Last Run
---------------------------------------  -----  ---------  --------  ----------  --------------  -------------------
/opt/airflow/dags/abc_phones_etl_dag.py     69  1.02s             1           0  1.66s           2026-05-12T08:28:01
================================================================================
[2026-05-12T08:29:03.311+0000] {manager.py:878} INFO - 
================================================================================
DAG File Processing Stats

File Path                                  PID  Runtime      # DAGs    # Errors  Last Runtime    Last Run
---------------------------------------  -----  ---------  --------  ----------  --------------  -------------------
/opt/airflow/dags/abc_phones_etl_dag.py     71  0.01s             1           0  1.29s           2026-05-12T08:28:33
================================================================================
[2026-05-12T08:29:33.513+0000] {manager.py:878} INFO - 
================================================================================
DAG File Processing Stats

File Path                                PID    Runtime      # DAGs    # Errors  Last Runtime    Last Run
---------------------------------------  -----  ---------  --------  ----------  --------------  -------------------
/opt/airflow/dags/abc_phones_etl_dag.py                           1           0  1.24s           2026-05-12T08:29:04
================================================================================
[2026-05-12T08:30:04.178+0000] {manager.py:878} INFO - 
================================================================================
DAG File Processing Stats

File Path                                PID    Runtime      # DAGs    # Errors  Last Runtime    Last Run
---------------------------------------  -----  ---------  --------  ----------  --------------  -------------------
/opt/airflow/dags/abc_phones_etl_dag.py                           1           0  1.14s           2026-05-12T08:29:35
================================================================================
[2026-05-12T08:30:34.260+0000] {manager.py:878} INFO - 
================================================================================
DAG File Processing Stats

File Path                                PID    Runtime      # DAGs    # Errors  Last Runtime    Last Run
---------------------------------------  -----  ---------  --------  ----------  --------------  -------------------
/opt/airflow/dags/abc_phones_etl_dag.py                           1           0  0.78s           2026-05-12T08:30:06
================================================================================
[2026-05-12T08:31:04.638+0000] {manager.py:878} INFO - 
================================================================================
DAG File Processing Stats

File Path                                PID    Runtime      # DAGs    # Errors  Last Runtime    Last Run
---------------------------------------  -----  ---------  --------  ----------  --------------  -------------------
/opt/airflow/dags/abc_phones_etl_dag.py                           1           0  1.37s           2026-05-12T08:30:38
================================================================================
[2026-05-12T08:31:35.003+0000] {manager.py:878} INFO - 
================================================================================
DAG File Processing Stats

File Path                                PID    Runtime      # DAGs    # Errors  Last Runtime    Last Run
---------------------------------------  -----  ---------  --------  ----------  --------------  -------------------
/opt/airflow/dags/abc_phones_etl_dag.py                           1           0  0.74s           2026-05-12T08:31:10
================================================================================
[2026-05-12T08:31:58.735+0000] {manager.py:737} INFO - Searching for files in /opt/airflow/dags
[2026-05-12T08:31:58.768+0000] {manager.py:740} INFO - There are 1 files in /opt/airflow/dags
[2026-05-12T08:32:05.018+0000] {manager.py:878} INFO - 
================================================================================
DAG File Processing Stats

File Path                                PID    Runtime      # DAGs    # Errors  Last Runtime    Last Run
---------------------------------------  -----  ---------  --------  ----------  --------------  -------------------
/opt/airflow/dags/abc_phones_etl_dag.py                           1           0  1.64s           2026-05-12T08:31:42
================================================================================
[2026-05-12T08:32:35.227+0000] {manager.py:878} INFO - 
================================================================================
DAG File Processing Stats

File Path                                PID    Runtime      # DAGs    # Errors  Last Runtime    Last Run
---------------------------------------  -----  ---------  --------  ----------  --------------  -------------------
/opt/airflow/dags/abc_phones_etl_dag.py                           1           0  1.17s           2026-05-12T08:32:14
================================================================================
[2026-05-12T08:33:05.903+0000] {manager.py:878} INFO - 
================================================================================
DAG File Processing Stats

File Path                                PID    Runtime      # DAGs    # Errors  Last Runtime    Last Run
---------------------------------------  -----  ---------  --------  ----------  --------------  -------------------
/opt/airflow/dags/abc_phones_etl_dag.py                           1           0  1.39s           2026-05-12T08:32:45
================================================================================
[2026-05-12T08:33:36.223+0000] {manager.py:878} INFO - 
================================================================================
DAG File Processing Stats

File Path                                PID    Runtime      # DAGs    # Errors  Last Runtime    Last Run
---------------------------------------  -----  ---------  --------  ----------  --------------  -------------------
/opt/airflow/dags/abc_phones_etl_dag.py                           1           0  0.70s           2026-05-12T08:33:16
================================================================================
[2026-05-12T08:34:06.491+0000] {manager.py:878} INFO - 
================================================================================
DAG File Processing Stats

File Path                                PID    Runtime      # DAGs    # Errors  Last Runtime    Last Run
---------------------------------------  -----  ---------  --------  ----------  --------------  -------------------
/opt/airflow/dags/abc_phones_etl_dag.py                           1           0  0.63s           2026-05-12T08:33:47
================================================================================
[2026-05-12T08:34:36.715+0000] {manager.py:878} INFO - 
================================================================================
DAG File Processing Stats

File Path                                PID    Runtime      # DAGs    # Errors  Last Runtime    Last Run
---------------------------------------  -----  ---------  --------  ----------  --------------  -------------------
/opt/airflow/dags/abc_phones_etl_dag.py                           1           0  0.63s           2026-05-12T08:34:18
================================================================================
[2026-05-12T08:35:07.036+0000] {manager.py:878} INFO - 
================================================================================
DAG File Processing Stats

File Path                                PID    Runtime      # DAGs    # Errors  Last Runtime    Last Run
---------------------------------------  -----  ---------  --------  ----------  --------------  -------------------
/opt/airflow/dags/abc_phones_etl_dag.py                           1           0  0.74s           2026-05-12T08:34:49
================================================================================
[2026-05-12T08:35:37.277+0000] {manager.py:878} INFO - 
================================================================================
DAG File Processing Stats

File Path                                PID    Runtime      # DAGs    # Errors  Last Runtime    Last Run
---------------------------------------  -----  ---------  --------  ----------  --------------  -------------------
/opt/airflow/dags/abc_phones_etl_dag.py                           1           0  0.97s           2026-05-12T08:35:20
================================================================================
[2026-05-12T08:36:08.011+0000] {manager.py:878} INFO - 
================================================================================
DAG File Processing Stats

File Path                                PID    Runtime      # DAGs    # Errors  Last Runtime    Last Run
---------------------------------------  -----  ---------  --------  ----------  --------------  -------------------
/opt/airflow/dags/abc_phones_etl_dag.py                           1           0  1.48s           2026-05-12T08:35:52
================================================================================
[2026-05-12T08:36:38.674+0000] {manager.py:878} INFO - 
================================================================================
DAG File Processing Stats

File Path                                PID    Runtime      # DAGs    # Errors  Last Runtime    Last Run
---------------------------------------  -----  ---------  --------  ----------  --------------  -------------------
/opt/airflow/dags/abc_phones_etl_dag.py                           1           0  1.39s           2026-05-12T08:36:24
================================================================================
[2026-05-12T08:36:58.798+0000] {manager.py:737} INFO - Searching for files in /opt/airflow/dags
[2026-05-12T08:36:58.819+0000] {manager.py:740} INFO - There are 1 files in /opt/airflow/dags
[2026-05-12T08:37:08.952+0000] {manager.py:878} INFO - 
================================================================================
DAG File Processing Stats

File Path                                PID    Runtime      # DAGs    # Errors  Last Runtime    Last Run
---------------------------------------  -----  ---------  --------  ----------  --------------  -------------------
/opt/airflow/dags/abc_phones_etl_dag.py                           1           0  1.01s           2026-05-12T08:36:56
================================================================================
[2026-05-12T08:37:39.020+0000] {manager.py:878} INFO - 
================================================================================
DAG File Processing Stats

File Path                                PID    Runtime      # DAGs    # Errors  Last Runtime    Last Run
---------------------------------------  -----  ---------  --------  ----------  --------------  -------------------
/opt/airflow/dags/abc_phones_etl_dag.py                           1           0  0.64s           2026-05-12T08:37:26
================================================================================
[2026-05-12T08:38:09.159+0000] {manager.py:878} INFO - 
================================================================================
DAG File Processing Stats

File Path                                PID    Runtime      # DAGs    # Errors  Last Runtime    Last Run
---------------------------------------  -----  ---------  --------  ----------  --------------  -------------------
/opt/airflow/dags/abc_phones_etl_dag.py                           1           0  0.81s           2026-05-12T08:37:57
================================================================================
[2026-05-12T08:38:31.049+0000] {manager.py:452} INFO - Exiting gracefully upon receiving signal 15
[2026-05-12T08:39:56.357+0000] {manager.py:470} INFO - Processing files using up to 2 processes at a time 
[2026-05-12T08:39:56.360+0000] {manager.py:471} INFO - Process each file at most once every 30 seconds
[2026-05-12T08:39:56.364+0000] {manager.py:472} INFO - Checking for new files in /opt/airflow/dags every 300 seconds
[2026-05-12T08:39:56.366+0000] {manager.py:737} INFO - Searching for files in /opt/airflow/dags
[2026-05-12T08:39:56.458+0000] {manager.py:740} INFO - There are 1 files in /opt/airflow/dags
[2026-05-12T08:39:56.882+0000] {manager.py:878} INFO - 
================================================================================
DAG File Processing Stats

File Path                                  PID  Runtime      # DAGs    # Errors  Last Runtime    Last Run
---------------------------------------  -----  ---------  --------  ----------  --------------  ----------
/opt/airflow/dags/abc_phones_etl_dag.py     21  0.17s             0           0
================================================================================
[2026-05-12T08:40:27.534+0000] {manager.py:878} INFO - 
================================================================================
DAG File Processing Stats

File Path                                PID    Runtime      # DAGs    # Errors  Last Runtime    Last Run
---------------------------------------  -----  ---------  --------  ----------  --------------  -------------------
/opt/airflow/dags/abc_phones_etl_dag.py                           1           0  7.36s           2026-05-12T08:40:04
================================================================================
[2026-05-12T08:40:57.552+0000] {manager.py:878} INFO - 
================================================================================
DAG File Processing Stats

File Path                                PID    Runtime      # DAGs    # Errors  Last Runtime    Last Run
---------------------------------------  -----  ---------  --------  ----------  --------------  -------------------
/opt/airflow/dags/abc_phones_etl_dag.py                           1           0  0.84s           2026-05-12T08:40:35
================================================================================
[2026-05-12T08:41:27.560+0000] {manager.py:878} INFO - 
================================================================================
DAG File Processing Stats

File Path                                PID    Runtime      # DAGs    # Errors  Last Runtime    Last Run
---------------------------------------  -----  ---------  --------  ----------  --------------  -------------------
/opt/airflow/dags/abc_phones_etl_dag.py                           1           0  0.85s           2026-05-12T08:41:06
================================================================================
[2026-05-12T08:41:57.650+0000] {manager.py:878} INFO - 
================================================================================
DAG File Processing Stats

File Path                                PID    Runtime      # DAGs    # Errors  Last Runtime    Last Run
---------------------------------------  -----  ---------  --------  ----------  --------------  -------------------
/opt/airflow/dags/abc_phones_etl_dag.py                           1           0  0.78s           2026-05-12T08:41:37
================================================================================
[2026-05-12T08:42:28.045+0000] {manager.py:878} INFO - 
================================================================================
DAG File Processing Stats

File Path                                PID    Runtime      # DAGs    # Errors  Last Runtime    Last Run
---------------------------------------  -----  ---------  --------  ----------  --------------  -------------------
/opt/airflow/dags/abc_phones_etl_dag.py                           1           0  0.64s           2026-05-12T08:42:08
================================================================================
[2026-05-12T08:42:58.253+0000] {manager.py:878} INFO - 
================================================================================
DAG File Processing Stats

File Path                                PID    Runtime      # DAGs    # Errors  Last Runtime    Last Run
---------------------------------------  -----  ---------  --------  ----------  --------------  -------------------
/opt/airflow/dags/abc_phones_etl_dag.py                           1           0  0.57s           2026-05-12T08:42:39
================================================================================
[2026-05-12T08:43:28.561+0000] {manager.py:878} INFO - 
================================================================================
DAG File Processing Stats

File Path                                PID    Runtime      # DAGs    # Errors  Last Runtime    Last Run
---------------------------------------  -----  ---------  --------  ----------  --------------  -------------------
/opt/airflow/dags/abc_phones_etl_dag.py                           1           0  1.05s           2026-05-12T08:43:11
================================================================================
[2026-05-12T08:43:58.619+0000] {manager.py:878} INFO - 
================================================================================
DAG File Processing Stats

File Path                                PID    Runtime      # DAGs    # Errors  Last Runtime    Last Run
---------------------------------------  -----  ---------  --------  ----------  --------------  -------------------
/opt/airflow/dags/abc_phones_etl_dag.py                           1           0  0.80s           2026-05-12T08:43:42
================================================================================
[2026-05-12T08:44:29.429+0000] {manager.py:878} INFO - 
================================================================================
DAG File Processing Stats

File Path                                PID    Runtime      # DAGs    # Errors  Last Runtime    Last Run
---------------------------------------  -----  ---------  --------  ----------  --------------  -------------------
/opt/airflow/dags/abc_phones_etl_dag.py                           0           1  1.14s           2026-05-12T08:44:14
================================================================================
[2026-05-12T08:44:56.685+0000] {manager.py:737} INFO - Searching for files in /opt/airflow/dags
[2026-05-12T08:44:56.708+0000] {manager.py:740} INFO - There are 1 files in /opt/airflow/dags
[2026-05-12T08:44:59.756+0000] {manager.py:878} INFO - 
================================================================================
DAG File Processing Stats

File Path                                PID    Runtime      # DAGs    # Errors  Last Runtime    Last Run
---------------------------------------  -----  ---------  --------  ----------  --------------  -------------------
/opt/airflow/dags/abc_phones_etl_dag.py                           0           1  0.57s           2026-05-12T08:44:45
================================================================================
[2026-05-12T08:45:30.530+0000] {manager.py:878} INFO - 
================================================================================
DAG File Processing Stats

File Path                                PID    Runtime      # DAGs    # Errors  Last Runtime    Last Run
---------------------------------------  -----  ---------  --------  ----------  --------------  -------------------
/opt/airflow/dags/abc_phones_etl_dag.py                           0           1  0.80s           2026-05-12T08:45:16
================================================================================
[2026-05-12T08:46:00.703+0000] {manager.py:878} INFO - 
================================================================================
DAG File Processing Stats

File Path                                PID    Runtime      # DAGs    # Errors  Last Runtime    Last Run
---------------------------------------  -----  ---------  --------  ----------  --------------  -------------------
/opt/airflow/dags/abc_phones_etl_dag.py                           0           1  0.62s           2026-05-12T08:45:47
================================================================================
[2026-05-12T08:46:30.855+0000] {manager.py:878} INFO - 
================================================================================
DAG File Processing Stats

File Path                                PID    Runtime      # DAGs    # Errors  Last Runtime    Last Run
---------------------------------------  -----  ---------  --------  ----------  --------------  -------------------
/opt/airflow/dags/abc_phones_etl_dag.py                           0           1  2.83s           2026-05-12T08:46:20
================================================================================
[2026-05-12T08:47:01.155+0000] {manager.py:878} INFO - 
================================================================================
DAG File Processing Stats

File Path                                PID    Runtime      # DAGs    # Errors  Last Runtime    Last Run
---------------------------------------  -----  ---------  --------  ----------  --------------  -------------------
/opt/airflow/dags/abc_phones_etl_dag.py                           0           1  1.41s           2026-05-12T08:46:52
================================================================================
[2026-05-12T08:47:31.511+0000] {manager.py:878} INFO - 
================================================================================
DAG File Processing Stats

File Path                                PID    Runtime      # DAGs    # Errors  Last Runtime    Last Run
---------------------------------------  -----  ---------  --------  ----------  --------------  -------------------
/opt/airflow/dags/abc_phones_etl_dag.py                           0           1  1.92s           2026-05-12T08:47:24
================================================================================
[2026-05-12T08:48:01.664+0000] {manager.py:878} INFO - 
================================================================================
DAG File Processing Stats

File Path                                PID    Runtime      # DAGs    # Errors  Last Runtime    Last Run
---------------------------------------  -----  ---------  --------  ----------  --------------  -------------------
/opt/airflow/dags/abc_phones_etl_dag.py                           0           1  0.67s           2026-05-12T08:47:55
================================================================================
[2026-05-12T08:48:31.993+0000] {manager.py:878} INFO - 
================================================================================
DAG File Processing Stats

File Path                                PID    Runtime      # DAGs    # Errors  Last Runtime    Last Run
---------------------------------------  -----  ---------  --------  ----------  --------------  -------------------
/opt/airflow/dags/abc_phones_etl_dag.py                           0           1  0.57s           2026-05-12T08:48:26
================================================================================
[2026-05-12T08:49:02.300+0000] {manager.py:878} INFO - 
================================================================================
DAG File Processing Stats

File Path                                PID    Runtime      # DAGs    # Errors  Last Runtime    Last Run
---------------------------------------  -----  ---------  --------  ----------  --------------  -------------------
/opt/airflow/dags/abc_phones_etl_dag.py                           0           1  0.59s           2026-05-12T08:48:57
================================================================================
[2026-05-12T08:49:32.320+0000] {manager.py:878} INFO - 
================================================================================
DAG File Processing Stats

File Path                                PID    Runtime      # DAGs    # Errors  Last Runtime    Last Run
---------------------------------------  -----  ---------  --------  ----------  --------------  -------------------
/opt/airflow/dags/abc_phones_etl_dag.py                           0           1  0.50s           2026-05-12T08:49:28
================================================================================
[2026-05-12T08:49:56.947+0000] {manager.py:737} INFO - Searching for files in /opt/airflow/dags
[2026-05-12T08:49:56.971+0000] {manager.py:740} INFO - There are 1 files in /opt/airflow/dags
[2026-05-12T08:50:02.507+0000] {manager.py:878} INFO - 
================================================================================
DAG File Processing Stats

File Path                                PID    Runtime      # DAGs    # Errors  Last Runtime    Last Run
---------------------------------------  -----  ---------  --------  ----------  --------------  -------------------
/opt/airflow/dags/abc_phones_etl_dag.py                           0           1  0.46s           2026-05-12T08:49:58
================================================================================
[2026-05-12T08:50:32.556+0000] {manager.py:878} INFO - 
================================================================================
DAG File Processing Stats

File Path                                PID    Runtime      # DAGs    # Errors  Last Runtime    Last Run
---------------------------------------  -----  ---------  --------  ----------  --------------  -------------------
/opt/airflow/dags/abc_phones_etl_dag.py                           0           1  0.44s           2026-05-12T08:50:29
================================================================================
[2026-05-12T08:51:03.298+0000] {manager.py:878} INFO - 
================================================================================
DAG File Processing Stats

File Path                                PID    Runtime      # DAGs    # Errors  Last Runtime    Last Run
---------------------------------------  -----  ---------  --------  ----------  --------------  -------------------
/opt/airflow/dags/abc_phones_etl_dag.py                           0           1  0.58s           2026-05-12T08:51:00
================================================================================
[2026-05-12T08:51:33.516+0000] {manager.py:878} INFO - 
================================================================================
DAG File Processing Stats

File Path                                PID    Runtime      # DAGs    # Errors  Last Runtime    Last Run
---------------------------------------  -----  ---------  --------  ----------  --------------  -------------------
/opt/airflow/dags/abc_phones_etl_dag.py                           0           1  0.52s           2026-05-12T08:51:30
================================================================================
[2026-05-12T08:52:03.697+0000] {manager.py:878} INFO - 
================================================================================
DAG File Processing Stats

File Path                                PID    Runtime      # DAGs    # Errors  Last Runtime    Last Run
---------------------------------------  -----  ---------  --------  ----------  --------------  -------------------
/opt/airflow/dags/abc_phones_etl_dag.py                           0           1  0.50s           2026-05-12T08:52:01
================================================================================
[2026-05-12T08:52:33.865+0000] {manager.py:878} INFO - 
================================================================================
DAG File Processing Stats

File Path                                PID    Runtime      # DAGs    # Errors  Last Runtime    Last Run
---------------------------------------  -----  ---------  --------  ----------  --------------  -------------------
/opt/airflow/dags/abc_phones_etl_dag.py                           0           1  0.43s           2026-05-12T08:52:32
================================================================================
[2026-05-12T08:53:03.958+0000] {manager.py:878} INFO - 
================================================================================
DAG File Processing Stats

File Path                                PID    Runtime      # DAGs    # Errors  Last Runtime    Last Run
---------------------------------------  -----  ---------  --------  ----------  --------------  -------------------
/opt/airflow/dags/abc_phones_etl_dag.py                           0           1  0.50s           2026-05-12T08:53:02
================================================================================
[2026-05-12T08:53:34.176+0000] {manager.py:878} INFO - 
================================================================================
DAG File Processing Stats

File Path                                  PID  Runtime      # DAGs    # Errors  Last Runtime    Last Run
---------------------------------------  -----  ---------  --------  ----------  --------------  -------------------
/opt/airflow/dags/abc_phones_etl_dag.py     73  1.02s             0           1  0.50s           2026-05-12T08:53:02
================================================================================
[2026-05-12T08:54:04.380+0000] {manager.py:878} INFO - 
================================================================================
DAG File Processing Stats

File Path                                  PID  Runtime      # DAGs    # Errors  Last Runtime    Last Run
---------------------------------------  -----  ---------  --------  ----------  --------------  -------------------
/opt/airflow/dags/abc_phones_etl_dag.py     75  0.00s             0           1  1.20s           2026-05-12T08:53:34
================================================================================
[2026-05-12T08:54:34.726+0000] {manager.py:878} INFO - 
================================================================================
DAG File Processing Stats

File Path                                PID    Runtime      # DAGs    # Errors  Last Runtime    Last Run
---------------------------------------  -----  ---------  --------  ----------  --------------  -------------------
/opt/airflow/dags/abc_phones_etl_dag.py                           0           1  0.43s           2026-05-12T08:54:04
================================================================================
[2026-05-12T08:54:57.080+0000] {manager.py:737} INFO - Searching for files in /opt/airflow/dags
[2026-05-12T08:54:57.099+0000] {manager.py:740} INFO - There are 1 files in /opt/airflow/dags
[2026-05-12T08:55:05.156+0000] {manager.py:878} INFO - 
================================================================================
DAG File Processing Stats

File Path                                PID    Runtime      # DAGs    # Errors  Last Runtime    Last Run
---------------------------------------  -----  ---------  --------  ----------  --------------  -------------------
/opt/airflow/dags/abc_phones_etl_dag.py                           0           1  0.43s           2026-05-12T08:54:35
================================================================================
[2026-05-12T08:55:35.258+0000] {manager.py:878} INFO - 
================================================================================
DAG File Processing Stats

File Path                                PID    Runtime      # DAGs    # Errors  Last Runtime    Last Run
---------------------------------------  -----  ---------  --------  ----------  --------------  -------------------
/opt/airflow/dags/abc_phones_etl_dag.py                           0           1  0.54s           2026-05-12T08:55:06
================================================================================
[2026-05-12T08:56:05.427+0000] {manager.py:878} INFO - 
================================================================================
DAG File Processing Stats

File Path                                PID    Runtime      # DAGs    # Errors  Last Runtime    Last Run
---------------------------------------  -----  ---------  --------  ----------  --------------  -------------------
/opt/airflow/dags/abc_phones_etl_dag.py                           0           1  0.42s           2026-05-12T08:55:36
================================================================================
[2026-05-12T08:56:35.457+0000] {manager.py:878} INFO - 
================================================================================
DAG File Processing Stats

File Path                                PID    Runtime      # DAGs    # Errors  Last Runtime    Last Run
---------------------------------------  -----  ---------  --------  ----------  --------------  -------------------
/opt/airflow/dags/abc_phones_etl_dag.py                           0           1  0.45s           2026-05-12T08:56:07
================================================================================
[2026-05-12T08:57:05.637+0000] {manager.py:878} INFO - 
================================================================================
DAG File Processing Stats

File Path                                PID    Runtime      # DAGs    # Errors  Last Runtime    Last Run
---------------------------------------  -----  ---------  --------  ----------  --------------  -------------------
/opt/airflow/dags/abc_phones_etl_dag.py                           0           1  0.43s           2026-05-12T08:56:37
================================================================================
[2026-05-12T08:57:35.674+0000] {manager.py:878} INFO - 
================================================================================
DAG File Processing Stats

File Path                                PID    Runtime      # DAGs    # Errors  Last Runtime    Last Run
---------------------------------------  -----  ---------  --------  ----------  --------------  -------------------
/opt/airflow/dags/abc_phones_etl_dag.py                           0           1  0.43s           2026-05-12T08:57:08
================================================================================
[2026-05-12T08:58:05.861+0000] {manager.py:878} INFO - 
================================================================================
DAG File Processing Stats

File Path                                PID    Runtime      # DAGs    # Errors  Last Runtime    Last Run
---------------------------------------  -----  ---------  --------  ----------  --------------  -------------------
/opt/airflow/dags/abc_phones_etl_dag.py                           0           1  0.41s           2026-05-12T08:57:39
================================================================================
[2026-05-12T08:58:36.465+0000] {manager.py:878} INFO - 
================================================================================
DAG File Processing Stats

File Path                                PID    Runtime      # DAGs    # Errors  Last Runtime    Last Run
---------------------------------------  -----  ---------  --------  ----------  --------------  -------------------
/opt/airflow/dags/abc_phones_etl_dag.py                           0           1  0.41s           2026-05-12T08:58:09
================================================================================
[2026-05-12T08:59:06.757+0000] {manager.py:878} INFO - 
================================================================================
DAG File Processing Stats

File Path                                PID    Runtime      # DAGs    # Errors  Last Runtime    Last Run
---------------------------------------  -----  ---------  --------  ----------  --------------  -------------------
/opt/airflow/dags/abc_phones_etl_dag.py                           0           1  0.58s           2026-05-12T08:58:40
================================================================================
[2026-05-12T08:59:36.912+0000] {manager.py:878} INFO - 
================================================================================
DAG File Processing Stats

File Path                                PID    Runtime      # DAGs    # Errors  Last Runtime    Last Run
---------------------------------------  -----  ---------  --------  ----------  --------------  -------------------
/opt/airflow/dags/abc_phones_etl_dag.py                           0           1  0.93s           2026-05-12T08:59:11
================================================================================
[2026-05-12T08:59:57.456+0000] {manager.py:737} INFO - Searching for files in /opt/airflow/dags
[2026-05-12T08:59:57.477+0000] {manager.py:740} INFO - There are 1 files in /opt/airflow/dags
[2026-05-12T09:00:07.544+0000] {manager.py:878} INFO - 
================================================================================
DAG File Processing Stats

File Path                                PID    Runtime      # DAGs    # Errors  Last Runtime    Last Run
---------------------------------------  -----  ---------  --------  ----------  --------------  -------------------
/opt/airflow/dags/abc_phones_etl_dag.py                           0           1  0.59s           2026-05-12T08:59:42
================================================================================
[2026-05-12T09:00:37.890+0000] {manager.py:878} INFO - 
================================================================================
DAG File Processing Stats

File Path                                PID    Runtime      # DAGs    # Errors  Last Runtime    Last Run
---------------------------------------  -----  ---------  --------  ----------  --------------  -------------------
/opt/airflow/dags/abc_phones_etl_dag.py                           0           1  0.45s           2026-05-12T09:00:13
================================================================================
[2026-05-12T09:01:08.428+0000] {manager.py:878} INFO - 
================================================================================
DAG File Processing Stats

File Path                                PID    Runtime      # DAGs    # Errors  Last Runtime    Last Run
---------------------------------------  -----  ---------  --------  ----------  --------------  -------------------
/opt/airflow/dags/abc_phones_etl_dag.py                           0           1  0.43s           2026-05-12T09:00:43
================================================================================
[2026-05-12T09:01:38.666+0000] {manager.py:878} INFO - 
================================================================================
DAG File Processing Stats

File Path                                PID    Runtime      # DAGs    # Errors  Last Runtime    Last Run
---------------------------------------  -----  ---------  --------  ----------  --------------  -------------------
/opt/airflow/dags/abc_phones_etl_dag.py                           0           1  0.61s           2026-05-12T09:01:14
================================================================================
[2026-05-12T09:02:08.869+0000] {manager.py:878} INFO - 
================================================================================
DAG File Processing Stats

File Path                                PID    Runtime      # DAGs    # Errors  Last Runtime    Last Run
---------------------------------------  -----  ---------  --------  ----------  --------------  -------------------
/opt/airflow/dags/abc_phones_etl_dag.py                           0           1  0.52s           2026-05-12T09:01:45
================================================================================
[2026-05-12T09:02:38.985+0000] {manager.py:878} INFO - 
================================================================================
DAG File Processing Stats

File Path                                PID    Runtime      # DAGs    # Errors  Last Runtime    Last Run
---------------------------------------  -----  ---------  --------  ----------  --------------  -------------------
/opt/airflow/dags/abc_phones_etl_dag.py                           0           1  0.44s           2026-05-12T09:02:15
================================================================================
[2026-05-12T09:03:09.736+0000] {manager.py:878} INFO - 
================================================================================
DAG File Processing Stats

File Path                                PID    Runtime      # DAGs    # Errors  Last Runtime    Last Run
---------------------------------------  -----  ---------  --------  ----------  --------------  -------------------
/opt/airflow/dags/abc_phones_etl_dag.py                           0           1  0.58s           2026-05-12T09:02:46
================================================================================
[2026-05-12T09:03:40.043+0000] {manager.py:878} INFO - 
================================================================================
DAG File Processing Stats

File Path                                PID    Runtime      # DAGs    # Errors  Last Runtime    Last Run
---------------------------------------  -----  ---------  --------  ----------  --------------  -------------------
/opt/airflow/dags/abc_phones_etl_dag.py                           0           1  0.52s           2026-05-12T09:03:17
================================================================================
[2026-05-12T09:04:10.259+0000] {manager.py:878} INFO - 
================================================================================
DAG File Processing Stats

File Path                                PID    Runtime      # DAGs    # Errors  Last Runtime    Last Run
---------------------------------------  -----  ---------  --------  ----------  --------------  -------------------
/opt/airflow/dags/abc_phones_etl_dag.py                           1           0  0.78s           2026-05-12T09:03:48
================================================================================
[2026-05-12T09:04:40.268+0000] {manager.py:878} INFO - 
================================================================================
DAG File Processing Stats

File Path                                PID    Runtime      # DAGs    # Errors  Last Runtime    Last Run
---------------------------------------  -----  ---------  --------  ----------  --------------  -------------------
/opt/airflow/dags/abc_phones_etl_dag.py                           1           0  0.74s           2026-05-12T09:04:19
================================================================================
[2026-05-12T09:04:57.820+0000] {manager.py:737} INFO - Searching for files in /opt/airflow/dags
[2026-05-12T09:04:57.839+0000] {manager.py:740} INFO - There are 1 files in /opt/airflow/dags
[2026-05-12T09:05:10.934+0000] {manager.py:878} INFO - 
================================================================================
DAG File Processing Stats

File Path                                PID    Runtime      # DAGs    # Errors  Last Runtime    Last Run
---------------------------------------  -----  ---------  --------  ----------  --------------  -------------------
/opt/airflow/dags/abc_phones_etl_dag.py                           1           0  0.59s           2026-05-12T09:04:49
================================================================================
[2026-05-12T09:05:41.243+0000] {manager.py:878} INFO - 
================================================================================
DAG File Processing Stats

File Path                                PID    Runtime      # DAGs    # Errors  Last Runtime    Last Run
---------------------------------------  -----  ---------  --------  ----------  --------------  -------------------
/opt/airflow/dags/abc_phones_etl_dag.py                           1           0  0.49s           2026-05-12T09:05:20
================================================================================
[2026-05-12T09:06:11.521+0000] {manager.py:878} INFO - 
================================================================================
DAG File Processing Stats

File Path                                PID    Runtime      # DAGs    # Errors  Last Runtime    Last Run
---------------------------------------  -----  ---------  --------  ----------  --------------  -------------------
/opt/airflow/dags/abc_phones_etl_dag.py                           1           0  0.87s           2026-05-12T09:05:51
================================================================================
[2026-05-12T09:06:41.843+0000] {manager.py:878} INFO - 
================================================================================
DAG File Processing Stats

File Path                                PID    Runtime      # DAGs    # Errors  Last Runtime    Last Run
---------------------------------------  -----  ---------  --------  ----------  --------------  -------------------
/opt/airflow/dags/abc_phones_etl_dag.py                           1           0  1.23s           2026-05-12T09:06:22
================================================================================
[2026-05-12T09:07:12.057+0000] {manager.py:878} INFO - 
================================================================================
DAG File Processing Stats

File Path                                PID    Runtime      # DAGs    # Errors  Last Runtime    Last Run
---------------------------------------  -----  ---------  --------  ----------  --------------  -------------------
/opt/airflow/dags/abc_phones_etl_dag.py                           1           0  1.04s           2026-05-12T09:06:53
================================================================================
[2026-05-12T09:07:42.802+0000] {manager.py:878} INFO - 
================================================================================
DAG File Processing Stats

File Path                                PID    Runtime      # DAGs    # Errors  Last Runtime    Last Run
---------------------------------------  -----  ---------  --------  ----------  --------------  -------------------
/opt/airflow/dags/abc_phones_etl_dag.py                           1           0  1.33s           2026-05-12T09:07:25
================================================================================
[2026-05-12T09:08:13.015+0000] {manager.py:878} INFO - 
================================================================================
DAG File Processing Stats

File Path                                PID    Runtime      # DAGs    # Errors  Last Runtime    Last Run
---------------------------------------  -----  ---------  --------  ----------  --------------  -------------------
/opt/airflow/dags/abc_phones_etl_dag.py                           1           0  0.80s           2026-05-12T09:07:56
================================================================================
[2026-05-12T09:08:43.283+0000] {manager.py:878} INFO - 
================================================================================
DAG File Processing Stats

File Path                                PID    Runtime      # DAGs    # Errors  Last Runtime    Last Run
---------------------------------------  -----  ---------  --------  ----------  --------------  -------------------
/opt/airflow/dags/abc_phones_etl_dag.py                           1           0  1.09s           2026-05-12T09:08:28
================================================================================
[2026-05-12T09:09:13.509+0000] {manager.py:878} INFO - 
================================================================================
DAG File Processing Stats

File Path                                PID    Runtime      # DAGs    # Errors  Last Runtime    Last Run
---------------------------------------  -----  ---------  --------  ----------  --------------  -------------------
/opt/airflow/dags/abc_phones_etl_dag.py                           1           0  1.37s           2026-05-12T09:08:59
================================================================================
[2026-05-12T09:09:43.868+0000] {manager.py:878} INFO - 
================================================================================
DAG File Processing Stats

File Path                                PID    Runtime      # DAGs    # Errors  Last Runtime    Last Run
---------------------------------------  -----  ---------  --------  ----------  --------------  -------------------
/opt/airflow/dags/abc_phones_etl_dag.py                           1           0  0.73s           2026-05-12T09:09:30
================================================================================
[2026-05-12T09:09:57.956+0000] {manager.py:737} INFO - Searching for files in /opt/airflow/dags
[2026-05-12T09:09:57.978+0000] {manager.py:740} INFO - There are 1 files in /opt/airflow/dags
[2026-05-12T09:10:14.122+0000] {manager.py:878} INFO - 
================================================================================
DAG File Processing Stats

File Path                                PID    Runtime      # DAGs    # Errors  Last Runtime    Last Run
---------------------------------------  -----  ---------  --------  ----------  --------------  -------------------
/opt/airflow/dags/abc_phones_etl_dag.py                           1           0  0.57s           2026-05-12T09:10:01
================================================================================
[2026-05-12T09:10:44.305+0000] {manager.py:878} INFO - 
================================================================================
DAG File Processing Stats

File Path                                PID    Runtime      # DAGs    # Errors  Last Runtime    Last Run
---------------------------------------  -----  ---------  --------  ----------  --------------  -------------------
/opt/airflow/dags/abc_phones_etl_dag.py                           1           0  0.50s           2026-05-12T09:10:32
================================================================================
[2026-05-12T09:11:14.589+0000] {manager.py:878} INFO - 
================================================================================
DAG File Processing Stats

File Path                                PID    Runtime      # DAGs    # Errors  Last Runtime    Last Run
---------------------------------------  -----  ---------  --------  ----------  --------------  -------------------
/opt/airflow/dags/abc_phones_etl_dag.py                           1           0  0.47s           2026-05-12T09:11:02
================================================================================
[2026-05-12T09:11:44.604+0000] {manager.py:878} INFO - 
================================================================================
DAG File Processing Stats

File Path                                PID    Runtime      # DAGs    # Errors  Last Runtime    Last Run
---------------------------------------  -----  ---------  --------  ----------  --------------  -------------------
/opt/airflow/dags/abc_phones_etl_dag.py                           1           0  0.48s           2026-05-12T09:11:33
================================================================================
[2026-05-12T09:12:14.789+0000] {manager.py:878} INFO - 
================================================================================
DAG File Processing Stats

File Path                                PID    Runtime      # DAGs    # Errors  Last Runtime    Last Run
---------------------------------------  -----  ---------  --------  ----------  --------------  -------------------
/opt/airflow/dags/abc_phones_etl_dag.py                           1           0  1.17s           2026-05-12T09:12:04
================================================================================
[2026-05-12T09:12:45.423+0000] {manager.py:878} INFO - 
================================================================================
DAG File Processing Stats

File Path                                PID    Runtime      # DAGs    # Errors  Last Runtime    Last Run
---------------------------------------  -----  ---------  --------  ----------  --------------  -------------------
/opt/airflow/dags/abc_phones_etl_dag.py                           1           0  0.56s           2026-05-12T09:12:35
================================================================================
[2026-05-12T09:13:15.669+0000] {manager.py:878} INFO - 
================================================================================
DAG File Processing Stats

File Path                                PID    Runtime      # DAGs    # Errors  Last Runtime    Last Run
---------------------------------------  -----  ---------  --------  ----------  --------------  -------------------
/opt/airflow/dags/abc_phones_etl_dag.py                           1           0  0.83s           2026-05-12T09:13:06
================================================================================
[2026-05-12T09:13:45.945+0000] {manager.py:878} INFO - 
================================================================================
DAG File Processing Stats

File Path                                PID    Runtime      # DAGs    # Errors  Last Runtime    Last Run
---------------------------------------  -----  ---------  --------  ----------  --------------  -------------------
/opt/airflow/dags/abc_phones_etl_dag.py                           1           0  1.05s           2026-05-12T09:13:37
================================================================================
[2026-05-12T09:14:16.307+0000] {manager.py:878} INFO - 
================================================================================
DAG File Processing Stats

File Path                                PID    Runtime      # DAGs    # Errors  Last Runtime    Last Run
---------------------------------------  -----  ---------  --------  ----------  --------------  -------------------
/opt/airflow/dags/abc_phones_etl_dag.py                           1           0  0.63s           2026-05-12T09:14:08
================================================================================
[2026-05-12T09:14:46.596+0000] {manager.py:878} INFO - 
================================================================================
DAG File Processing Stats

File Path                                PID    Runtime      # DAGs    # Errors  Last Runtime    Last Run
---------------------------------------  -----  ---------  --------  ----------  --------------  -------------------
/opt/airflow/dags/abc_phones_etl_dag.py                           1           0  1.45s           2026-05-12T09:14:40
================================================================================
[2026-05-12T09:14:58.219+0000] {manager.py:737} INFO - Searching for files in /opt/airflow/dags
[2026-05-12T09:14:58.247+0000] {manager.py:740} INFO - There are 1 files in /opt/airflow/dags
[2026-05-12T09:15:16.803+0000] {manager.py:878} INFO - 
================================================================================
DAG File Processing Stats

File Path                                PID    Runtime      # DAGs    # Errors  Last Runtime    Last Run
---------------------------------------  -----  ---------  --------  ----------  --------------  -------------------
/opt/airflow/dags/abc_phones_etl_dag.py                           1           0  0.98s           2026-05-12T09:15:11
================================================================================
[2026-05-12T09:15:46.845+0000] {manager.py:878} INFO - 
================================================================================
DAG File Processing Stats

File Path                                PID    Runtime      # DAGs    # Errors  Last Runtime    Last Run
---------------------------------------  -----  ---------  --------  ----------  --------------  -------------------
/opt/airflow/dags/abc_phones_etl_dag.py                           1           0  1.97s           2026-05-12T09:15:44
================================================================================
[2026-05-12T09:16:16.960+0000] {manager.py:878} INFO - 
================================================================================
DAG File Processing Stats

File Path                                  PID  Runtime      # DAGs    # Errors  Last Runtime    Last Run
---------------------------------------  -----  ---------  --------  ----------  --------------  -------------------
/opt/airflow/dags/abc_phones_etl_dag.py    250  2.04s             1           0  1.97s           2026-05-12T09:15:44
================================================================================
[2026-05-12T09:16:47.338+0000] {manager.py:878} INFO - 
================================================================================
DAG File Processing Stats

File Path                                  PID  Runtime      # DAGs    # Errors  Last Runtime    Last Run
---------------------------------------  -----  ---------  --------  ----------  --------------  -------------------
/opt/airflow/dags/abc_phones_etl_dag.py    258  0.01s             1           0  2.24s           2026-05-12T09:16:17
================================================================================
[2026-05-12T09:17:17.548+0000] {manager.py:878} INFO - 
================================================================================
DAG File Processing Stats

File Path                                PID    Runtime      # DAGs    # Errors  Last Runtime    Last Run
---------------------------------------  -----  ---------  --------  ----------  --------------  -------------------
/opt/airflow/dags/abc_phones_etl_dag.py                           1           0  1.25s           2026-05-12T09:16:48
================================================================================
[2026-05-12T09:17:47.584+0000] {manager.py:878} INFO - 
================================================================================
DAG File Processing Stats

File Path                                PID    Runtime      # DAGs    # Errors  Last Runtime    Last Run
---------------------------------------  -----  ---------  --------  ----------  --------------  -------------------
/opt/airflow/dags/abc_phones_etl_dag.py                           1           0  0.67s           2026-05-12T09:17:19
================================================================================
[2026-05-12T09:18:17.666+0000] {manager.py:878} INFO - 
================================================================================
DAG File Processing Stats

File Path                                PID    Runtime      # DAGs    # Errors  Last Runtime    Last Run
---------------------------------------  -----  ---------  --------  ----------  --------------  -------------------
/opt/airflow/dags/abc_phones_etl_dag.py                           1           0  0.74s           2026-05-12T09:17:50
================================================================================
[2026-05-12T09:18:47.940+0000] {manager.py:878} INFO - 
================================================================================
DAG File Processing Stats

File Path                                PID    Runtime      # DAGs    # Errors  Last Runtime    Last Run
---------------------------------------  -----  ---------  --------  ----------  --------------  -------------------
/opt/airflow/dags/abc_phones_etl_dag.py                           1           0  0.76s           2026-05-12T09:18:21
================================================================================
[2026-05-12T09:19:18.148+0000] {manager.py:878} INFO - 
================================================================================
DAG File Processing Stats

File Path                                PID    Runtime      # DAGs    # Errors  Last Runtime    Last Run
---------------------------------------  -----  ---------  --------  ----------  --------------  -------------------
/opt/airflow/dags/abc_phones_etl_dag.py                           1           0  0.76s           2026-05-12T09:18:52
================================================================================
[2026-05-12T09:19:48.627+0000] {manager.py:878} INFO - 
================================================================================
DAG File Processing Stats

File Path                                PID    Runtime      # DAGs    # Errors  Last Runtime    Last Run
---------------------------------------  -----  ---------  --------  ----------  --------------  -------------------
/opt/airflow/dags/abc_phones_etl_dag.py                           1           0  0.61s           2026-05-12T09:19:23
================================================================================
[2026-05-12T09:19:58.411+0000] {manager.py:737} INFO - Searching for files in /opt/airflow/dags
[2026-05-12T09:19:58.434+0000] {manager.py:740} INFO - There are 1 files in /opt/airflow/dags
[2026-05-12T09:20:18.857+0000] {manager.py:878} INFO - 
================================================================================
DAG File Processing Stats

File Path                                PID    Runtime      # DAGs    # Errors  Last Runtime    Last Run
---------------------------------------  -----  ---------  --------  ----------  --------------  -------------------
/opt/airflow/dags/abc_phones_etl_dag.py                           1           0  0.67s           2026-05-12T09:19:54
================================================================================
[2026-05-12T09:20:49.036+0000] {manager.py:878} INFO - 
================================================================================
DAG File Processing Stats

File Path                                PID    Runtime      # DAGs    # Errors  Last Runtime    Last Run
---------------------------------------  -----  ---------  --------  ----------  --------------  -------------------
/opt/airflow/dags/abc_phones_etl_dag.py                           1           0  1.46s           2026-05-12T09:20:26
================================================================================
[2026-05-12T09:21:19.465+0000] {manager.py:878} INFO - 
================================================================================
DAG File Processing Stats

File Path                                PID    Runtime      # DAGs    # Errors  Last Runtime    Last Run
---------------------------------------  -----  ---------  --------  ----------  --------------  -------------------
/opt/airflow/dags/abc_phones_etl_dag.py                           1           0  1.48s           2026-05-12T09:20:57
================================================================================
[2026-05-12T09:21:49.688+0000] {manager.py:878} INFO - 
================================================================================
DAG File Processing Stats

File Path                                PID    Runtime      # DAGs    # Errors  Last Runtime    Last Run
---------------------------------------  -----  ---------  --------  ----------  --------------  -------------------
/opt/airflow/dags/abc_phones_etl_dag.py                           1           0  0.94s           2026-05-12T09:21:28
================================================================================
[2026-05-12T09:22:20.535+0000] {manager.py:878} INFO - 
================================================================================
DAG File Processing Stats

File Path                                PID    Runtime      # DAGs    # Errors  Last Runtime    Last Run
---------------------------------------  -----  ---------  --------  ----------  --------------  -------------------
/opt/airflow/dags/abc_phones_etl_dag.py                           1           0  2.00s           2026-05-12T09:22:00
================================================================================
[2026-05-12T09:22:50.648+0000] {manager.py:878} INFO - 
================================================================================
DAG File Processing Stats

File Path                                PID    Runtime      # DAGs    # Errors  Last Runtime    Last Run
---------------------------------------  -----  ---------  --------  ----------  --------------  -------------------
/opt/airflow/dags/abc_phones_etl_dag.py                           1           0  0.78s           2026-05-12T09:22:32
================================================================================
[2026-05-12T09:23:20.993+0000] {manager.py:878} INFO - 
================================================================================
DAG File Processing Stats

File Path                                PID    Runtime      # DAGs    # Errors  Last Runtime    Last Run
---------------------------------------  -----  ---------  --------  ----------  --------------  -------------------
/opt/airflow/dags/abc_phones_etl_dag.py                           1           0  1.33s           2026-05-12T09:23:04
================================================================================
[2026-05-12T09:23:51.459+0000] {manager.py:878} INFO - 
================================================================================
DAG File Processing Stats

File Path                                PID    Runtime      # DAGs    # Errors  Last Runtime    Last Run
---------------------------------------  -----  ---------  --------  ----------  --------------  -------------------
/opt/airflow/dags/abc_phones_etl_dag.py                           1           0  1.18s           2026-05-12T09:23:35
================================================================================
[2026-05-12T09:24:21.508+0000] {manager.py:878} INFO - 
================================================================================
DAG File Processing Stats

File Path                                PID    Runtime      # DAGs    # Errors  Last Runtime    Last Run
---------------------------------------  -----  ---------  --------  ----------  --------------  -------------------
/opt/airflow/dags/abc_phones_etl_dag.py                           1           0  0.83s           2026-05-12T09:24:06
================================================================================
[2026-05-12T09:24:51.708+0000] {manager.py:878} INFO - 
================================================================================
DAG File Processing Stats

File Path                                PID    Runtime      # DAGs    # Errors  Last Runtime    Last Run
---------------------------------------  -----  ---------  --------  ----------  --------------  -------------------
/opt/airflow/dags/abc_phones_etl_dag.py                           1           0  1.10s           2026-05-12T09:24:37
================================================================================
[2026-05-12T09:24:58.748+0000] {manager.py:737} INFO - Searching for files in /opt/airflow/dags
[2026-05-12T09:24:58.772+0000] {manager.py:740} INFO - There are 1 files in /opt/airflow/dags
[2026-05-12T09:25:22.540+0000] {manager.py:878} INFO - 
================================================================================
DAG File Processing Stats

File Path                                PID    Runtime      # DAGs    # Errors  Last Runtime    Last Run
---------------------------------------  -----  ---------  --------  ----------  --------------  -------------------
/opt/airflow/dags/abc_phones_etl_dag.py                           1           0  0.50s           2026-05-12T09:25:08
================================================================================
[2026-05-12T09:25:52.824+0000] {manager.py:878} INFO - 
================================================================================
DAG File Processing Stats

File Path                                PID    Runtime      # DAGs    # Errors  Last Runtime    Last Run
---------------------------------------  -----  ---------  --------  ----------  --------------  -------------------
/opt/airflow/dags/abc_phones_etl_dag.py                           1           0  0.63s           2026-05-12T09:25:39
================================================================================
[2026-05-12T09:26:23.096+0000] {manager.py:878} INFO - 
================================================================================
DAG File Processing Stats

File Path                                PID    Runtime      # DAGs    # Errors  Last Runtime    Last Run
---------------------------------------  -----  ---------  --------  ----------  --------------  -------------------
/opt/airflow/dags/abc_phones_etl_dag.py                           1           0  0.81s           2026-05-12T09:26:10
================================================================================
[2026-05-12T09:26:53.279+0000] {manager.py:878} INFO - 
================================================================================
DAG File Processing Stats

File Path                                PID    Runtime      # DAGs    # Errors  Last Runtime    Last Run
---------------------------------------  -----  ---------  --------  ----------  --------------  -------------------
/opt/airflow/dags/abc_phones_etl_dag.py                           1           0  1.34s           2026-05-12T09:26:42
================================================================================
[2026-05-12T09:27:23.455+0000] {manager.py:878} INFO - 
================================================================================
DAG File Processing Stats

File Path                                PID    Runtime      # DAGs    # Errors  Last Runtime    Last Run
---------------------------------------  -----  ---------  --------  ----------  --------------  -------------------
/opt/airflow/dags/abc_phones_etl_dag.py                           1           0  0.67s           2026-05-12T09:27:13
================================================================================
[2026-05-12T09:27:53.516+0000] {manager.py:878} INFO - 
================================================================================
DAG File Processing Stats

File Path                                PID    Runtime      # DAGs    # Errors  Last Runtime    Last Run
---------------------------------------  -----  ---------  --------  ----------  --------------  -------------------
/opt/airflow/dags/abc_phones_etl_dag.py                           1           0  0.81s           2026-05-12T09:27:44
================================================================================
[2026-05-12T09:28:23.727+0000] {manager.py:878} INFO - 
================================================================================
DAG File Processing Stats

File Path                                PID    Runtime      # DAGs    # Errors  Last Runtime    Last Run
---------------------------------------  -----  ---------  --------  ----------  --------------  -------------------
/opt/airflow/dags/abc_phones_etl_dag.py                           1           0  1.00s           2026-05-12T09:28:16
================================================================================
[2026-05-12T09:28:54.171+0000] {manager.py:878} INFO - 
================================================================================
DAG File Processing Stats

File Path                                PID    Runtime      # DAGs    # Errors  Last Runtime    Last Run
---------------------------------------  -----  ---------  --------  ----------  --------------  -------------------
/opt/airflow/dags/abc_phones_etl_dag.py                           1           0  0.59s           2026-05-12T09:28:47
================================================================================
[2026-05-12T09:29:24.748+0000] {manager.py:878} INFO - 
================================================================================
DAG File Processing Stats

File Path                                PID    Runtime      # DAGs    # Errors  Last Runtime    Last Run
---------------------------------------  -----  ---------  --------  ----------  --------------  -------------------
/opt/airflow/dags/abc_phones_etl_dag.py                           1           0  0.60s           2026-05-12T09:29:18
================================================================================
[2026-05-12T09:29:54.997+0000] {manager.py:878} INFO - 
================================================================================
DAG File Processing Stats

File Path                                PID    Runtime      # DAGs    # Errors  Last Runtime    Last Run
---------------------------------------  -----  ---------  --------  ----------  --------------  -------------------
/opt/airflow/dags/abc_phones_etl_dag.py                           1           0  1.61s           2026-05-12T09:29:50
================================================================================
[2026-05-12T09:29:59.039+0000] {manager.py:737} INFO - Searching for files in /opt/airflow/dags
[2026-05-12T09:29:59.062+0000] {manager.py:740} INFO - There are 1 files in /opt/airflow/dags
[2026-05-12T09:30:25.144+0000] {manager.py:878} INFO - 
================================================================================
DAG File Processing Stats

File Path                                PID    Runtime      # DAGs    # Errors  Last Runtime    Last Run
---------------------------------------  -----  ---------  --------  ----------  --------------  -------------------
/opt/airflow/dags/abc_phones_etl_dag.py                           1           0  0.80s           2026-05-12T09:30:21
================================================================================
[2026-05-12T09:30:55.369+0000] {manager.py:878} INFO - 
================================================================================
DAG File Processing Stats

File Path                                PID    Runtime      # DAGs    # Errors  Last Runtime    Last Run
---------------------------------------  -----  ---------  --------  ----------  --------------  -------------------
/opt/airflow/dags/abc_phones_etl_dag.py                           1           0  0.68s           2026-05-12T09:30:52
================================================================================
[2026-05-12T09:31:25.377+0000] {manager.py:878} INFO - 
================================================================================
DAG File Processing Stats

File Path                                PID    Runtime      # DAGs    # Errors  Last Runtime    Last Run
---------------------------------------  -----  ---------  --------  ----------  --------------  -------------------
/opt/airflow/dags/abc_phones_etl_dag.py                           1           0  0.72s           2026-05-12T09:31:23
================================================================================
[2026-05-12T09:31:55.641+0000] {manager.py:878} INFO - 
================================================================================
DAG File Processing Stats

File Path                                PID    Runtime      # DAGs    # Errors  Last Runtime    Last Run
---------------------------------------  -----  ---------  --------  ----------  --------------  -------------------
/opt/airflow/dags/abc_phones_etl_dag.py                           1           0  0.57s           2026-05-12T09:31:54
================================================================================
[2026-05-12T09:32:25.834+0000] {manager.py:878} INFO - 
================================================================================
DAG File Processing Stats

File Path                                PID    Runtime      # DAGs    # Errors  Last Runtime    Last Run
---------------------------------------  -----  ---------  --------  ----------  --------------  -------------------
/opt/airflow/dags/abc_phones_etl_dag.py                           1           0  0.82s           2026-05-12T09:32:25
================================================================================
[2026-05-12T09:32:56.264+0000] {manager.py:878} INFO - 
================================================================================
DAG File Processing Stats

File Path                                  PID  Runtime      # DAGs    # Errors  Last Runtime    Last Run
---------------------------------------  -----  ---------  --------  ----------  --------------  -------------------
/opt/airflow/dags/abc_phones_etl_dag.py    338  1.01s             1           0  0.82s           2026-05-12T09:32:25
================================================================================
[2026-05-12T09:33:27.158+0000] {manager.py:878} INFO - 
================================================================================
DAG File Processing Stats

File Path                                  PID  Runtime      # DAGs    # Errors  Last Runtime    Last Run
---------------------------------------  -----  ---------  --------  ----------  --------------  -------------------
/opt/airflow/dags/abc_phones_etl_dag.py    340  0.00s             1           0  1.04s           2026-05-12T09:32:56
================================================================================
[2026-05-12T09:33:57.474+0000] {manager.py:878} INFO - 
================================================================================
DAG File Processing Stats

File Path                                PID    Runtime      # DAGs    # Errors  Last Runtime    Last Run
---------------------------------------  -----  ---------  --------  ----------  --------------  -------------------
/opt/airflow/dags/abc_phones_etl_dag.py                           1           0  2.12s           2026-05-12T09:33:29
================================================================================
[2026-05-12T09:34:28.090+0000] {manager.py:878} INFO - 
================================================================================
DAG File Processing Stats

File Path                                PID    Runtime      # DAGs    # Errors  Last Runtime    Last Run
---------------------------------------  -----  ---------  --------  ----------  --------------  -------------------
/opt/airflow/dags/abc_phones_etl_dag.py                           1           0  0.93s           2026-05-12T09:34:00
================================================================================
[2026-05-12T09:34:58.338+0000] {manager.py:878} INFO - 
================================================================================
DAG File Processing Stats

File Path                                PID    Runtime      # DAGs    # Errors  Last Runtime    Last Run
---------------------------------------  -----  ---------  --------  ----------  --------------  -------------------
/opt/airflow/dags/abc_phones_etl_dag.py                           1           0  0.66s           2026-05-12T09:34:31
================================================================================
[2026-05-12T09:34:59.421+0000] {manager.py:737} INFO - Searching for files in /opt/airflow/dags
[2026-05-12T09:34:59.458+0000] {manager.py:740} INFO - There are 1 files in /opt/airflow/dags
[2026-05-12T09:35:28.714+0000] {manager.py:878} INFO - 
================================================================================
DAG File Processing Stats

File Path                                PID    Runtime      # DAGs    # Errors  Last Runtime    Last Run
---------------------------------------  -----  ---------  --------  ----------  --------------  -------------------
/opt/airflow/dags/abc_phones_etl_dag.py                           1           0  0.97s           2026-05-12T09:35:02
================================================================================
[2026-05-12T09:35:59.235+0000] {manager.py:878} INFO - 
================================================================================
DAG File Processing Stats

File Path                                PID    Runtime      # DAGs    # Errors  Last Runtime    Last Run
---------------------------------------  -----  ---------  --------  ----------  --------------  -------------------
/opt/airflow/dags/abc_phones_etl_dag.py                           1           0  0.74s           2026-05-12T09:35:33
================================================================================
[2026-05-12T09:36:29.457+0000] {manager.py:878} INFO - 
================================================================================
DAG File Processing Stats

File Path                                PID    Runtime      # DAGs    # Errors  Last Runtime    Last Run
---------------------------------------  -----  ---------  --------  ----------  --------------  -------------------
/opt/airflow/dags/abc_phones_etl_dag.py                           1           0  0.73s           2026-05-12T09:36:05
================================================================================
[2026-05-12T09:36:59.659+0000] {manager.py:878} INFO - 
================================================================================
DAG File Processing Stats

File Path                                PID    Runtime      # DAGs    # Errors  Last Runtime    Last Run
---------------------------------------  -----  ---------  --------  ----------  --------------  -------------------
/opt/airflow/dags/abc_phones_etl_dag.py                           1           0  0.93s           2026-05-12T09:36:36
================================================================================
[2026-05-12T09:37:29.846+0000] {manager.py:878} INFO - 
================================================================================
DAG File Processing Stats

File Path                                PID    Runtime      # DAGs    # Errors  Last Runtime    Last Run
---------------------------------------  -----  ---------  --------  ----------  --------------  -------------------
/opt/airflow/dags/abc_phones_etl_dag.py                           1           0  0.87s           2026-05-12T09:37:07
================================================================================
[2026-05-12T09:38:00.047+0000] {manager.py:878} INFO - 
================================================================================
DAG File Processing Stats

File Path                                PID    Runtime      # DAGs    # Errors  Last Runtime    Last Run
---------------------------------------  -----  ---------  --------  ----------  --------------  -------------------
/opt/airflow/dags/abc_phones_etl_dag.py                           1           0  0.99s           2026-05-12T09:37:38
================================================================================
[2026-05-12T09:38:30.571+0000] {manager.py:878} INFO - 
================================================================================
DAG File Processing Stats

File Path                                PID    Runtime      # DAGs    # Errors  Last Runtime    Last Run
---------------------------------------  -----  ---------  --------  ----------  --------------  -------------------
/opt/airflow/dags/abc_phones_etl_dag.py                           1           0  0.67s           2026-05-12T09:38:09
================================================================================
[2026-05-12T09:39:01.270+0000] {manager.py:878} INFO - 
================================================================================
DAG File Processing Stats

File Path                                PID    Runtime      # DAGs    # Errors  Last Runtime    Last Run
---------------------------------------  -----  ---------  --------  ----------  --------------  -------------------
/opt/airflow/dags/abc_phones_etl_dag.py                           1           0  1.27s           2026-05-12T09:38:41
================================================================================
[2026-05-12T09:39:31.704+0000] {manager.py:878} INFO - 
================================================================================
DAG File Processing Stats

File Path                                PID    Runtime      # DAGs    # Errors  Last Runtime    Last Run
---------------------------------------  -----  ---------  --------  ----------  --------------  -------------------
/opt/airflow/dags/abc_phones_etl_dag.py                           1           0  1.52s           2026-05-12T09:39:12
================================================================================
[2026-05-12T09:39:59.916+0000] {manager.py:737} INFO - Searching for files in /opt/airflow/dags
[2026-05-12T09:39:59.942+0000] {manager.py:740} INFO - There are 1 files in /opt/airflow/dags
[2026-05-12T09:40:01.972+0000] {manager.py:878} INFO - 
================================================================================
DAG File Processing Stats

File Path                                PID    Runtime      # DAGs    # Errors  Last Runtime    Last Run
---------------------------------------  -----  ---------  --------  ----------  --------------  -------------------
/opt/airflow/dags/abc_phones_etl_dag.py                           1           0  0.70s           2026-05-12T09:39:43
================================================================================
[2026-05-12T09:40:32.344+0000] {manager.py:878} INFO - 
================================================================================
DAG File Processing Stats

File Path                                PID    Runtime      # DAGs    # Errors  Last Runtime    Last Run
---------------------------------------  -----  ---------  --------  ----------  --------------  -------------------
/opt/airflow/dags/abc_phones_etl_dag.py                           1           0  0.61s           2026-05-12T09:40:14
================================================================================
[2026-05-12T09:41:02.519+0000] {manager.py:878} INFO - 
================================================================================
DAG File Processing Stats

File Path                                PID    Runtime      # DAGs    # Errors  Last Runtime    Last Run
---------------------------------------  -----  ---------  --------  ----------  --------------  -------------------
/opt/airflow/dags/abc_phones_etl_dag.py                           1           0  0.62s           2026-05-12T09:40:45
================================================================================
[2026-05-12T09:41:32.599+0000] {manager.py:878} INFO - 
================================================================================
DAG File Processing Stats

File Path                                PID    Runtime      # DAGs    # Errors  Last Runtime    Last Run
---------------------------------------  -----  ---------  --------  ----------  --------------  -------------------
/opt/airflow/dags/abc_phones_etl_dag.py                           1           0  0.80s           2026-05-12T09:41:16
================================================================================
[2026-05-12T09:42:03.195+0000] {manager.py:878} INFO - 
================================================================================
DAG File Processing Stats

File Path                                PID    Runtime      # DAGs    # Errors  Last Runtime    Last Run
---------------------------------------  -----  ---------  --------  ----------  --------------  -------------------
/opt/airflow/dags/abc_phones_etl_dag.py                           1           0  1.53s           2026-05-12T09:41:48
================================================================================
[2026-05-12T09:42:33.257+0000] {manager.py:878} INFO - 
================================================================================
DAG File Processing Stats

File Path                                PID    Runtime      # DAGs    # Errors  Last Runtime    Last Run
---------------------------------------  -----  ---------  --------  ----------  --------------  -------------------
/opt/airflow/dags/abc_phones_etl_dag.py                           1           0  0.80s           2026-05-12T09:42:19
================================================================================
[2026-05-12T09:43:03.447+0000] {manager.py:878} INFO - 
================================================================================
DAG File Processing Stats

File Path                                PID    Runtime      # DAGs    # Errors  Last Runtime    Last Run
---------------------------------------  -----  ---------  --------  ----------  --------------  -------------------
/opt/airflow/dags/abc_phones_etl_dag.py                           1           0  1.33s           2026-05-12T09:42:50
================================================================================
[2026-05-12T09:43:33.757+0000] {manager.py:878} INFO - 
================================================================================
DAG File Processing Stats

File Path                                PID    Runtime      # DAGs    # Errors  Last Runtime    Last Run
---------------------------------------  -----  ---------  --------  ----------  --------------  -------------------
/opt/airflow/dags/abc_phones_etl_dag.py                           1           0  1.06s           2026-05-12T09:43:22
================================================================================
[2026-05-12T09:44:03.840+0000] {manager.py:878} INFO - 
================================================================================
DAG File Processing Stats

File Path                                PID    Runtime      # DAGs    # Errors  Last Runtime    Last Run
---------------------------------------  -----  ---------  --------  ----------  --------------  -------------------
/opt/airflow/dags/abc_phones_etl_dag.py                           1           0  0.58s           2026-05-12T09:43:53
================================================================================
[2026-05-12T09:44:34.048+0000] {manager.py:878} INFO - 
================================================================================
DAG File Processing Stats

File Path                                PID    Runtime      # DAGs    # Errors  Last Runtime    Last Run
---------------------------------------  -----  ---------  --------  ----------  --------------  -------------------
/opt/airflow/dags/abc_phones_etl_dag.py                           1           0  0.56s           2026-05-12T09:44:24
================================================================================
[2026-05-12T09:45:00.261+0000] {manager.py:737} INFO - Searching for files in /opt/airflow/dags
[2026-05-12T09:45:00.285+0000] {manager.py:740} INFO - There are 1 files in /opt/airflow/dags
[2026-05-12T09:45:04.327+0000] {manager.py:878} INFO - 
================================================================================
DAG File Processing Stats

File Path                                PID    Runtime      # DAGs    # Errors  Last Runtime    Last Run
---------------------------------------  -----  ---------  --------  ----------  --------------  -------------------
/opt/airflow/dags/abc_phones_etl_dag.py                           1           0  0.82s           2026-05-12T09:44:55
================================================================================
[2026-05-12T09:45:34.625+0000] {manager.py:878} INFO - 
================================================================================
DAG File Processing Stats

File Path                                PID    Runtime      # DAGs    # Errors  Last Runtime    Last Run
---------------------------------------  -----  ---------  --------  ----------  --------------  -------------------
/opt/airflow/dags/abc_phones_etl_dag.py                           1           0  1.36s           2026-05-12T09:45:26
================================================================================
[2026-05-12T09:46:04.748+0000] {manager.py:878} INFO - 
================================================================================
DAG File Processing Stats

File Path                                PID    Runtime      # DAGs    # Errors  Last Runtime    Last Run
---------------------------------------  -----  ---------  --------  ----------  --------------  -------------------
/opt/airflow/dags/abc_phones_etl_dag.py                           1           0  0.68s           2026-05-12T09:45:57
================================================================================
[2026-05-12T09:46:34.801+0000] {manager.py:878} INFO - 
================================================================================
DAG File Processing Stats

File Path                                PID    Runtime      # DAGs    # Errors  Last Runtime    Last Run
---------------------------------------  -----  ---------  --------  ----------  --------------  -------------------
/opt/airflow/dags/abc_phones_etl_dag.py                           1           0  0.81s           2026-05-12T09:46:28
================================================================================
[2026-05-12T09:47:04.946+0000] {manager.py:878} INFO - 
================================================================================
DAG File Processing Stats

File Path                                PID    Runtime      # DAGs    # Errors  Last Runtime    Last Run
---------------------------------------  -----  ---------  --------  ----------  --------------  -------------------
/opt/airflow/dags/abc_phones_etl_dag.py                           1           0  0.72s           2026-05-12T09:46:59
================================================================================
[2026-05-12T09:47:35.239+0000] {manager.py:878} INFO - 
================================================================================
DAG File Processing Stats

File Path                                PID    Runtime      # DAGs    # Errors  Last Runtime    Last Run
---------------------------------------  -----  ---------  --------  ----------  --------------  -------------------
/opt/airflow/dags/abc_phones_etl_dag.py                           1           0  0.94s           2026-05-12T09:47:30
================================================================================
[2026-05-12T09:48:05.423+0000] {manager.py:878} INFO - 
================================================================================
DAG File Processing Stats

File Path                                PID    Runtime      # DAGs    # Errors  Last Runtime    Last Run
---------------------------------------  -----  ---------  --------  ----------  --------------  -------------------
/opt/airflow/dags/abc_phones_etl_dag.py                           1           0  0.87s           2026-05-12T09:48:02
================================================================================
[2026-05-12T09:48:35.447+0000] {manager.py:878} INFO - 
================================================================================
DAG File Processing Stats

File Path                                PID    Runtime      # DAGs    # Errors  Last Runtime    Last Run
---------------------------------------  -----  ---------  --------  ----------  --------------  -------------------
/opt/airflow/dags/abc_phones_etl_dag.py                           1           0  0.88s           2026-05-12T09:48:33
================================================================================
[2026-05-12T09:49:06.144+0000] {manager.py:878} INFO - 
================================================================================
DAG File Processing Stats

File Path                                PID    Runtime      # DAGs    # Errors  Last Runtime    Last Run
---------------------------------------  -----  ---------  --------  ----------  --------------  -------------------
/opt/airflow/dags/abc_phones_etl_dag.py                           1           0  0.76s           2026-05-12T09:49:04
================================================================================
[2026-05-12T09:49:36.355+0000] {manager.py:878} INFO - 
================================================================================
DAG File Processing Stats

File Path                                PID    Runtime      # DAGs    # Errors  Last Runtime    Last Run
---------------------------------------  -----  ---------  --------  ----------  --------------  -------------------
/opt/airflow/dags/abc_phones_etl_dag.py                           1           0  0.48s           2026-05-12T09:49:35
================================================================================
[2026-05-12T09:50:00.512+0000] {manager.py:737} INFO - Searching for files in /opt/airflow/dags
[2026-05-12T09:50:00.540+0000] {manager.py:740} INFO - There are 1 files in /opt/airflow/dags
[2026-05-12T09:50:06.625+0000] {manager.py:878} INFO - 
================================================================================
DAG File Processing Stats

File Path                                PID    Runtime      # DAGs    # Errors  Last Runtime    Last Run
---------------------------------------  -----  ---------  --------  ----------  --------------  -------------------
/opt/airflow/dags/abc_phones_etl_dag.py                           1           0  0.67s           2026-05-12T09:50:06
================================================================================
[2026-05-12T09:50:36.675+0000] {manager.py:878} INFO - 
================================================================================
DAG File Processing Stats

File Path                                  PID  Runtime      # DAGs    # Errors  Last Runtime    Last Run
---------------------------------------  -----  ---------  --------  ----------  --------------  -------------------
/opt/airflow/dags/abc_phones_etl_dag.py    406  0.00s             1           0  0.67s           2026-05-12T09:50:06
================================================================================
[2026-05-12T09:51:07.157+0000] {manager.py:878} INFO - 
================================================================================
DAG File Processing Stats

File Path                                PID    Runtime      # DAGs    # Errors  Last Runtime    Last Run
---------------------------------------  -----  ---------  --------  ----------  --------------  -------------------
/opt/airflow/dags/abc_phones_etl_dag.py                           1           0  1.43s           2026-05-12T09:50:38
================================================================================
[2026-05-12T09:51:37.226+0000] {manager.py:878} INFO - 
================================================================================
DAG File Processing Stats

File Path                                PID    Runtime      # DAGs    # Errors  Last Runtime    Last Run
---------------------------------------  -----  ---------  --------  ----------  --------------  -------------------
/opt/airflow/dags/abc_phones_etl_dag.py                           1           0  0.88s           2026-05-12T09:51:09
================================================================================
[2026-05-12T09:52:07.241+0000] {manager.py:878} INFO - 
================================================================================
DAG File Processing Stats

File Path                                PID    Runtime      # DAGs    # Errors  Last Runtime    Last Run
---------------------------------------  -----  ---------  --------  ----------  --------------  -------------------
/opt/airflow/dags/abc_phones_etl_dag.py                           1           0  0.75s           2026-05-12T09:51:40
================================================================================
[2026-05-12T09:52:37.459+0000] {manager.py:878} INFO - 
================================================================================
DAG File Processing Stats

File Path                                PID    Runtime      # DAGs    # Errors  Last Runtime    Last Run
---------------------------------------  -----  ---------  --------  ----------  --------------  -------------------
/opt/airflow/dags/abc_phones_etl_dag.py                           1           0  1.04s           2026-05-12T09:52:11
================================================================================
[2026-05-12T09:53:07.728+0000] {manager.py:878} INFO - 
================================================================================
DAG File Processing Stats

File Path                                PID    Runtime      # DAGs    # Errors  Last Runtime    Last Run
---------------------------------------  -----  ---------  --------  ----------  --------------  -------------------
/opt/airflow/dags/abc_phones_etl_dag.py                           1           0  0.55s           2026-05-12T09:52:42
================================================================================
[2026-05-12T09:53:37.744+0000] {manager.py:878} INFO - 
================================================================================
DAG File Processing Stats

File Path                                PID    Runtime      # DAGs    # Errors  Last Runtime    Last Run
---------------------------------------  -----  ---------  --------  ----------  --------------  -------------------
/opt/airflow/dags/abc_phones_etl_dag.py                           1           0  1.11s           2026-05-12T09:53:13
================================================================================
[2026-05-12T09:54:08.044+0000] {manager.py:878} INFO - 
================================================================================
DAG File Processing Stats

File Path                                PID    Runtime      # DAGs    # Errors  Last Runtime    Last Run
---------------------------------------  -----  ---------  --------  ----------  --------------  -------------------
/opt/airflow/dags/abc_phones_etl_dag.py                           1           0  1.13s           2026-05-12T09:53:44
================================================================================
[2026-05-12T09:54:38.912+0000] {manager.py:878} INFO - 
================================================================================
DAG File Processing Stats

File Path                                PID    Runtime      # DAGs    # Errors  Last Runtime    Last Run
---------------------------------------  -----  ---------  --------  ----------  --------------  -------------------
/opt/airflow/dags/abc_phones_etl_dag.py                           1           0  1.97s           2026-05-12T09:54:17
================================================================================
[2026-05-12T09:55:01.049+0000] {manager.py:737} INFO - Searching for files in /opt/airflow/dags
[2026-05-12T09:55:01.086+0000] {manager.py:740} INFO - There are 1 files in /opt/airflow/dags
[2026-05-12T09:55:09.157+0000] {manager.py:878} INFO - 
================================================================================
DAG File Processing Stats

File Path                                PID    Runtime      # DAGs    # Errors  Last Runtime    Last Run
---------------------------------------  -----  ---------  --------  ----------  --------------  -------------------
/opt/airflow/dags/abc_phones_etl_dag.py                           1           0  1.07s           2026-05-12T09:54:49
================================================================================
[2026-05-12T09:55:39.381+0000] {manager.py:878} INFO - 
================================================================================
DAG File Processing Stats

File Path                                PID    Runtime      # DAGs    # Errors  Last Runtime    Last Run
---------------------------------------  -----  ---------  --------  ----------  --------------  -------------------
/opt/airflow/dags/abc_phones_etl_dag.py                           1           0  1.23s           2026-05-12T09:55:20
================================================================================
[2026-05-12T09:56:09.537+0000] {manager.py:878} INFO - 
================================================================================
DAG File Processing Stats

File Path                                PID    Runtime      # DAGs    # Errors  Last Runtime    Last Run
---------------------------------------  -----  ---------  --------  ----------  --------------  -------------------
/opt/airflow/dags/abc_phones_etl_dag.py                           1           0  0.76s           2026-05-12T09:55:51
================================================================================
[2026-05-12T09:56:39.777+0000] {manager.py:878} INFO - 
================================================================================
DAG File Processing Stats

File Path                                PID    Runtime      # DAGs    # Errors  Last Runtime    Last Run
---------------------------------------  -----  ---------  --------  ----------  --------------  -------------------
/opt/airflow/dags/abc_phones_etl_dag.py                           1           0  1.27s           2026-05-12T09:56:22
================================================================================
[2026-05-12T09:57:10.274+0000] {manager.py:878} INFO - 
================================================================================
DAG File Processing Stats

File Path                                PID    Runtime      # DAGs    # Errors  Last Runtime    Last Run
---------------------------------------  -----  ---------  --------  ----------  --------------  -------------------
/opt/airflow/dags/abc_phones_etl_dag.py                           1           0  1.26s           2026-05-12T09:56:54
================================================================================
[2026-05-12T09:57:41.075+0000] {manager.py:878} INFO - 
================================================================================
DAG File Processing Stats

File Path                                PID    Runtime      # DAGs    # Errors  Last Runtime    Last Run
---------------------------------------  -----  ---------  --------  ----------  --------------  -------------------
/opt/airflow/dags/abc_phones_etl_dag.py                           1           0  1.23s           2026-05-12T09:57:25
================================================================================
[2026-05-12T09:58:11.632+0000] {manager.py:878} INFO - 
================================================================================
DAG File Processing Stats

File Path                                PID    Runtime      # DAGs    # Errors  Last Runtime    Last Run
---------------------------------------  -----  ---------  --------  ----------  --------------  -------------------
/opt/airflow/dags/abc_phones_etl_dag.py                           1           0  1.48s           2026-05-12T09:57:57
================================================================================
[2026-05-12T09:58:42.281+0000] {manager.py:878} INFO - 
================================================================================
DAG File Processing Stats

File Path                                PID    Runtime      # DAGs    # Errors  Last Runtime    Last Run
---------------------------------------  -----  ---------  --------  ----------  --------------  -------------------
/opt/airflow/dags/abc_phones_etl_dag.py                           1           0  2.39s           2026-05-12T09:58:30
================================================================================
[2026-05-12T09:59:12.479+0000] {manager.py:878} INFO - 
================================================================================
DAG File Processing Stats

File Path                                PID    Runtime      # DAGs    # Errors  Last Runtime    Last Run
---------------------------------------  -----  ---------  --------  ----------  --------------  -------------------
/opt/airflow/dags/abc_phones_etl_dag.py                           1           0  0.64s           2026-05-12T09:59:01
================================================================================
[2026-05-12T09:59:42.695+0000] {manager.py:878} INFO - 
================================================================================
DAG File Processing Stats

File Path                                PID    Runtime      # DAGs    # Errors  Last Runtime    Last Run
---------------------------------------  -----  ---------  --------  ----------  --------------  -------------------
/opt/airflow/dags/abc_phones_etl_dag.py                           1           0  0.64s           2026-05-12T09:59:32
================================================================================
[2026-05-12T10:00:01.429+0000] {manager.py:737} INFO - Searching for files in /opt/airflow/dags
[2026-05-12T10:00:01.459+0000] {manager.py:740} INFO - There are 1 files in /opt/airflow/dags
[2026-05-12T10:00:12.786+0000] {manager.py:878} INFO - 
================================================================================
DAG File Processing Stats

File Path                                PID    Runtime      # DAGs    # Errors  Last Runtime    Last Run
---------------------------------------  -----  ---------  --------  ----------  --------------  -------------------
/opt/airflow/dags/abc_phones_etl_dag.py                           1           0  1.14s           2026-05-12T10:00:03
================================================================================
[2026-05-12T10:00:42.960+0000] {manager.py:878} INFO - 
================================================================================
DAG File Processing Stats

File Path                                PID    Runtime      # DAGs    # Errors  Last Runtime    Last Run
---------------------------------------  -----  ---------  --------  ----------  --------------  -------------------
/opt/airflow/dags/abc_phones_etl_dag.py                           1           0  0.98s           2026-05-12T10:00:34
================================================================================
[2026-05-12T10:01:13.212+0000] {manager.py:878} INFO - 
================================================================================
DAG File Processing Stats

File Path                                PID    Runtime      # DAGs    # Errors  Last Runtime    Last Run
---------------------------------------  -----  ---------  --------  ----------  --------------  -------------------
/opt/airflow/dags/abc_phones_etl_dag.py                           1           0  0.83s           2026-05-12T10:01:06
================================================================================
[2026-05-12T10:01:43.625+0000] {manager.py:878} INFO - 
================================================================================
DAG File Processing Stats

File Path                                PID    Runtime      # DAGs    # Errors  Last Runtime    Last Run
---------------------------------------  -----  ---------  --------  ----------  --------------  -------------------
/opt/airflow/dags/abc_phones_etl_dag.py                           1           0  0.77s           2026-05-12T10:01:37
================================================================================
[2026-05-12T10:02:13.825+0000] {manager.py:878} INFO - 
================================================================================
DAG File Processing Stats

File Path                                PID    Runtime      # DAGs    # Errors  Last Runtime    Last Run
---------------------------------------  -----  ---------  --------  ----------  --------------  -------------------
/opt/airflow/dags/abc_phones_etl_dag.py                           1           0  0.88s           2026-05-12T10:02:08
================================================================================
[2026-05-12T10:02:44.093+0000] {manager.py:878} INFO - 
================================================================================
DAG File Processing Stats

File Path                                PID    Runtime      # DAGs    # Errors  Last Runtime    Last Run
---------------------------------------  -----  ---------  --------  ----------  --------------  -------------------
/opt/airflow/dags/abc_phones_etl_dag.py                           1           0  0.89s           2026-05-12T10:02:39
================================================================================
[2026-05-12T10:03:14.264+0000] {manager.py:878} INFO - 
================================================================================
DAG File Processing Stats

File Path                                PID    Runtime      # DAGs    # Errors  Last Runtime    Last Run
---------------------------------------  -----  ---------  --------  ----------  --------------  -------------------
/opt/airflow/dags/abc_phones_etl_dag.py                           1           0  0.68s           2026-05-12T10:03:10
================================================================================
[2026-05-12T10:03:44.397+0000] {manager.py:878} INFO - 
================================================================================
DAG File Processing Stats

File Path                                PID    Runtime      # DAGs    # Errors  Last Runtime    Last Run
---------------------------------------  -----  ---------  --------  ----------  --------------  -------------------
/opt/airflow/dags/abc_phones_etl_dag.py                           1           0  0.90s           2026-05-12T10:03:41
================================================================================
[2026-05-12T10:04:14.794+0000] {manager.py:878} INFO - 
================================================================================
DAG File Processing Stats

File Path                                PID    Runtime      # DAGs    # Errors  Last Runtime    Last Run
---------------------------------------  -----  ---------  --------  ----------  --------------  -------------------
/opt/airflow/dags/abc_phones_etl_dag.py                           1           0  0.66s           2026-05-12T10:04:12
================================================================================
[2026-05-12T10:04:44.998+0000] {manager.py:878} INFO - 
================================================================================
DAG File Processing Stats

File Path                                PID    Runtime      # DAGs    # Errors  Last Runtime    Last Run
---------------------------------------  -----  ---------  --------  ----------  --------------  -------------------
/opt/airflow/dags/abc_phones_etl_dag.py                           1           0  1.47s           2026-05-12T10:04:43
================================================================================
[2026-05-12T10:05:01.836+0000] {manager.py:737} INFO - Searching for files in /opt/airflow/dags
[2026-05-12T10:05:01.883+0000] {manager.py:740} INFO - There are 1 files in /opt/airflow/dags
[2026-05-12T10:05:15.088+0000] {manager.py:878} INFO - 
================================================================================
DAG File Processing Stats

File Path                                  PID  Runtime      # DAGs    # Errors  Last Runtime    Last Run
---------------------------------------  -----  ---------  --------  ----------  --------------  -------------------
/opt/airflow/dags/abc_phones_etl_dag.py    498  1.01s             1           0  1.47s           2026-05-12T10:04:43
================================================================================
[2026-05-12T10:05:46.051+0000] {manager.py:878} INFO - 
================================================================================
DAG File Processing Stats

File Path                                  PID  Runtime      # DAGs    # Errors  Last Runtime    Last Run
---------------------------------------  -----  ---------  --------  ----------  --------------  -------------------
/opt/airflow/dags/abc_phones_etl_dag.py    506  0.05s             1           0  1.34s           2026-05-12T10:05:15
================================================================================
[2026-05-12T10:06:16.728+0000] {manager.py:878} INFO - 
================================================================================
DAG File Processing Stats

File Path                                PID    Runtime      # DAGs    # Errors  Last Runtime    Last Run
---------------------------------------  -----  ---------  --------  ----------  --------------  -------------------
/opt/airflow/dags/abc_phones_etl_dag.py                           1           0  3.53s           2026-05-12T10:05:49
================================================================================
[2026-05-12T10:06:47.076+0000] {manager.py:878} INFO - 
================================================================================
DAG File Processing Stats

File Path                                PID    Runtime      # DAGs    # Errors  Last Runtime    Last Run
---------------------------------------  -----  ---------  --------  ----------  --------------  -------------------
/opt/airflow/dags/abc_phones_etl_dag.py                           1           0  2.07s           2026-05-12T10:06:21
================================================================================
[2026-05-12T10:07:17.187+0000] {manager.py:878} INFO - 
================================================================================
DAG File Processing Stats

File Path                                PID    Runtime      # DAGs    # Errors  Last Runtime    Last Run
---------------------------------------  -----  ---------  --------  ----------  --------------  -------------------
/opt/airflow/dags/abc_phones_etl_dag.py                           1           0  0.94s           2026-05-12T10:06:53
================================================================================
[2026-05-12T10:07:47.680+0000] {manager.py:878} INFO - 
================================================================================
DAG File Processing Stats

File Path                                PID    Runtime      # DAGs    # Errors  Last Runtime    Last Run
---------------------------------------  -----  ---------  --------  ----------  --------------  -------------------
/opt/airflow/dags/abc_phones_etl_dag.py                           1           0  1.28s           2026-05-12T10:07:24
================================================================================
[2026-05-12T10:08:18.206+0000] {manager.py:878} INFO - 
================================================================================
DAG File Processing Stats

File Path                                PID    Runtime      # DAGs    # Errors  Last Runtime    Last Run
---------------------------------------  -----  ---------  --------  ----------  --------------  -------------------
/opt/airflow/dags/abc_phones_etl_dag.py                           1           0  0.99s           2026-05-12T10:07:55
================================================================================
[2026-05-12T10:08:48.250+0000] {manager.py:878} INFO - 
================================================================================
DAG File Processing Stats

File Path                                PID    Runtime      # DAGs    # Errors  Last Runtime    Last Run
---------------------------------------  -----  ---------  --------  ----------  --------------  -------------------
/opt/airflow/dags/abc_phones_etl_dag.py                           1           0  1.77s           2026-05-12T10:08:28
================================================================================
[2026-05-12T10:09:18.539+0000] {manager.py:878} INFO - 
================================================================================
DAG File Processing Stats

File Path                                PID    Runtime      # DAGs    # Errors  Last Runtime    Last Run
---------------------------------------  -----  ---------  --------  ----------  --------------  -------------------
/opt/airflow/dags/abc_phones_etl_dag.py                           1           0  1.18s           2026-05-12T10:08:59
================================================================================
[2026-05-12T10:09:48.938+0000] {manager.py:878} INFO - 
================================================================================
DAG File Processing Stats

File Path                                PID    Runtime      # DAGs    # Errors  Last Runtime    Last Run
---------------------------------------  -----  ---------  --------  ----------  --------------  -------------------
/opt/airflow/dags/abc_phones_etl_dag.py                           1           0  1.17s           2026-05-12T10:09:30
================================================================================
[2026-05-12T10:10:02.080+0000] {manager.py:737} INFO - Searching for files in /opt/airflow/dags
[2026-05-12T10:10:02.103+0000] {manager.py:740} INFO - There are 1 files in /opt/airflow/dags
[2026-05-12T10:10:19.263+0000] {manager.py:878} INFO - 
================================================================================
DAG File Processing Stats

File Path                                PID    Runtime      # DAGs    # Errors  Last Runtime    Last Run
---------------------------------------  -----  ---------  --------  ----------  --------------  -------------------
/opt/airflow/dags/abc_phones_etl_dag.py                           1           0  0.96s           2026-05-12T10:10:02
================================================================================
[2026-05-12T10:10:49.523+0000] {manager.py:878} INFO - 
================================================================================
DAG File Processing Stats

File Path                                PID    Runtime      # DAGs    # Errors  Last Runtime    Last Run
---------------------------------------  -----  ---------  --------  ----------  --------------  -------------------
/opt/airflow/dags/abc_phones_etl_dag.py                           1           0  1.46s           2026-05-12T10:10:33
================================================================================
[2026-05-12T10:11:19.748+0000] {manager.py:878} INFO - 
================================================================================
DAG File Processing Stats

File Path                                PID    Runtime      # DAGs    # Errors  Last Runtime    Last Run
---------------------------------------  -----  ---------  --------  ----------  --------------  -------------------
/opt/airflow/dags/abc_phones_etl_dag.py                           1           0  0.74s           2026-05-12T10:11:04
================================================================================
[2026-05-12T10:11:49.886+0000] {manager.py:878} INFO - 
================================================================================
DAG File Processing Stats

File Path                                PID    Runtime      # DAGs    # Errors  Last Runtime    Last Run
---------------------------------------  -----  ---------  --------  ----------  --------------  -------------------
/opt/airflow/dags/abc_phones_etl_dag.py                           1           0  0.68s           2026-05-12T10:11:35
================================================================================
[2026-05-12T10:12:20.620+0000] {manager.py:878} INFO - 
================================================================================
DAG File Processing Stats

File Path                                PID    Runtime      # DAGs    # Errors  Last Runtime    Last Run
---------------------------------------  -----  ---------  --------  ----------  --------------  -------------------
/opt/airflow/dags/abc_phones_etl_dag.py                           1           0  0.76s           2026-05-12T10:12:06
================================================================================
[2026-05-12T10:12:50.931+0000] {manager.py:878} INFO - 
================================================================================
DAG File Processing Stats

File Path                                PID    Runtime      # DAGs    # Errors  Last Runtime    Last Run
---------------------------------------  -----  ---------  --------  ----------  --------------  -------------------
/opt/airflow/dags/abc_phones_etl_dag.py                           1           0  1.11s           2026-05-12T10:12:37
================================================================================
[2026-05-12T10:13:21.218+0000] {manager.py:878} INFO - 
================================================================================
DAG File Processing Stats

File Path                                PID    Runtime      # DAGs    # Errors  Last Runtime    Last Run
---------------------------------------  -----  ---------  --------  ----------  --------------  -------------------
/opt/airflow/dags/abc_phones_etl_dag.py                           1           0  0.94s           2026-05-12T10:13:09
================================================================================
[2026-05-12T10:13:51.286+0000] {manager.py:878} INFO - 
================================================================================
DAG File Processing Stats

File Path                                PID    Runtime      # DAGs    # Errors  Last Runtime    Last Run
---------------------------------------  -----  ---------  --------  ----------  --------------  -------------------
/opt/airflow/dags/abc_phones_etl_dag.py                           1           0  1.14s           2026-05-12T10:13:41
================================================================================
[2026-05-12T10:14:21.540+0000] {manager.py:878} INFO - 
================================================================================
DAG File Processing Stats

File Path                                PID    Runtime      # DAGs    # Errors  Last Runtime    Last Run
---------------------------------------  -----  ---------  --------  ----------  --------------  -------------------
/opt/airflow/dags/abc_phones_etl_dag.py                           1           0  0.67s           2026-05-12T10:14:12
================================================================================
[2026-05-12T10:14:52.343+0000] {manager.py:878} INFO - 
================================================================================
DAG File Processing Stats

File Path                                PID    Runtime      # DAGs    # Errors  Last Runtime    Last Run
---------------------------------------  -----  ---------  --------  ----------  --------------  -------------------
/opt/airflow/dags/abc_phones_etl_dag.py                           1           0  1.22s           2026-05-12T10:14:43
================================================================================
[2026-05-12T10:15:02.412+0000] {manager.py:737} INFO - Searching for files in /opt/airflow/dags
[2026-05-12T10:15:02.431+0000] {manager.py:740} INFO - There are 1 files in /opt/airflow/dags
[2026-05-12T10:15:22.439+0000] {manager.py:878} INFO - 
================================================================================
DAG File Processing Stats

File Path                                PID    Runtime      # DAGs    # Errors  Last Runtime    Last Run
---------------------------------------  -----  ---------  --------  ----------  --------------  -------------------
/opt/airflow/dags/abc_phones_etl_dag.py                           1           0  0.78s           2026-05-12T10:15:14
================================================================================
[2026-05-12T10:15:52.680+0000] {manager.py:878} INFO - 
================================================================================
DAG File Processing Stats

File Path                                PID    Runtime      # DAGs    # Errors  Last Runtime    Last Run
---------------------------------------  -----  ---------  --------  ----------  --------------  -------------------
/opt/airflow/dags/abc_phones_etl_dag.py                           1           0  0.76s           2026-05-12T10:15:45
================================================================================
[2026-05-12T10:16:23.012+0000] {manager.py:878} INFO - 
================================================================================
DAG File Processing Stats

File Path                                PID    Runtime      # DAGs    # Errors  Last Runtime    Last Run
---------------------------------------  -----  ---------  --------  ----------  --------------  -------------------
/opt/airflow/dags/abc_phones_etl_dag.py                           1           0  1.12s           2026-05-12T10:16:17
================================================================================
[2026-05-12T10:16:53.312+0000] {manager.py:878} INFO - 
================================================================================
DAG File Processing Stats

File Path                                PID    Runtime      # DAGs    # Errors  Last Runtime    Last Run
---------------------------------------  -----  ---------  --------  ----------  --------------  -------------------
/opt/airflow/dags/abc_phones_etl_dag.py                           1           0  1.43s           2026-05-12T10:16:48
================================================================================
[2026-05-12T10:17:23.538+0000] {manager.py:878} INFO - 
================================================================================
DAG File Processing Stats

File Path                                PID    Runtime      # DAGs    # Errors  Last Runtime    Last Run
---------------------------------------  -----  ---------  --------  ----------  --------------  -------------------
/opt/airflow/dags/abc_phones_etl_dag.py                           1           0  0.71s           2026-05-12T10:17:19
================================================================================
[2026-05-12T10:17:53.622+0000] {manager.py:878} INFO - 
================================================================================
DAG File Processing Stats

File Path                                PID    Runtime      # DAGs    # Errors  Last Runtime    Last Run
---------------------------------------  -----  ---------  --------  ----------  --------------  -------------------
/opt/airflow/dags/abc_phones_etl_dag.py                           1           0  0.89s           2026-05-12T10:17:50
================================================================================
[2026-05-12T10:18:23.981+0000] {manager.py:878} INFO - 
================================================================================
DAG File Processing Stats

File Path                                PID    Runtime      # DAGs    # Errors  Last Runtime    Last Run
---------------------------------------  -----  ---------  --------  ----------  --------------  -------------------
/opt/airflow/dags/abc_phones_etl_dag.py                           1           0  0.68s           2026-05-12T10:18:21
================================================================================
[2026-05-12T10:18:54.160+0000] {manager.py:878} INFO - 
================================================================================
DAG File Processing Stats

File Path                                PID    Runtime      # DAGs    # Errors  Last Runtime    Last Run
---------------------------------------  -----  ---------  --------  ----------  --------------  -------------------
/opt/airflow/dags/abc_phones_etl_dag.py                           1           0  0.73s           2026-05-12T10:18:52
================================================================================
[2026-05-12T10:19:24.632+0000] {manager.py:878} INFO - 
================================================================================
DAG File Processing Stats

File Path                                PID    Runtime      # DAGs    # Errors  Last Runtime    Last Run
---------------------------------------  -----  ---------  --------  ----------  --------------  -------------------
/opt/airflow/dags/abc_phones_etl_dag.py                           1           0  0.71s           2026-05-12T10:19:23
================================================================================
[2026-05-12T10:19:54.849+0000] {manager.py:878} INFO - 
================================================================================
DAG File Processing Stats

File Path                                  PID  Runtime      # DAGs    # Errors  Last Runtime    Last Run
---------------------------------------  -----  ---------  --------  ----------  --------------  -------------------
/opt/airflow/dags/abc_phones_etl_dag.py    578  1.05s             1           0  0.71s           2026-05-12T10:19:23
================================================================================
[2026-05-12T10:20:02.960+0000] {manager.py:737} INFO - Searching for files in /opt/airflow/dags
[2026-05-12T10:20:02.994+0000] {manager.py:740} INFO - There are 1 files in /opt/airflow/dags
[2026-05-12T10:20:25.038+0000] {manager.py:878} INFO - 
================================================================================
DAG File Processing Stats

File Path                                PID    Runtime      # DAGs    # Errors  Last Runtime    Last Run
---------------------------------------  -----  ---------  --------  ----------  --------------  -------------------
/opt/airflow/dags/abc_phones_etl_dag.py                           1           0  2.38s           2026-05-12T10:19:56
================================================================================
[2026-05-12T10:20:55.824+0000] {manager.py:878} INFO - 
================================================================================
DAG File Processing Stats

File Path                                PID    Runtime      # DAGs    # Errors  Last Runtime    Last Run
---------------------------------------  -----  ---------  --------  ----------  --------------  -------------------
/opt/airflow/dags/abc_phones_etl_dag.py                           1           0  1.06s           2026-05-12T10:20:27
================================================================================
[2026-05-12T10:21:26.177+0000] {manager.py:878} INFO - 
================================================================================
DAG File Processing Stats

File Path                                PID    Runtime      # DAGs    # Errors  Last Runtime    Last Run
---------------------------------------  -----  ---------  --------  ----------  --------------  -------------------
/opt/airflow/dags/abc_phones_etl_dag.py                           1           0  0.90s           2026-05-12T10:20:58
================================================================================
[2026-05-12T10:21:56.419+0000] {manager.py:878} INFO - 
================================================================================
DAG File Processing Stats

File Path                                PID    Runtime      # DAGs    # Errors  Last Runtime    Last Run
---------------------------------------  -----  ---------  --------  ----------  --------------  -------------------
/opt/airflow/dags/abc_phones_etl_dag.py                           1           0  1.05s           2026-05-12T10:21:30
================================================================================
[2026-05-12T10:22:26.722+0000] {manager.py:878} INFO - 
================================================================================
DAG File Processing Stats

File Path                                PID    Runtime      # DAGs    # Errors  Last Runtime    Last Run
---------------------------------------  -----  ---------  --------  ----------  --------------  -------------------
/opt/airflow/dags/abc_phones_etl_dag.py                           1           0  1.99s           2026-05-12T10:22:02
================================================================================
[2026-05-12T10:22:56.753+0000] {manager.py:878} INFO - 
================================================================================
DAG File Processing Stats

File Path                                PID    Runtime      # DAGs    # Errors  Last Runtime    Last Run
---------------------------------------  -----  ---------  --------  ----------  --------------  -------------------
/opt/airflow/dags/abc_phones_etl_dag.py                           1           0  0.82s           2026-05-12T10:22:33
================================================================================
[2026-05-12T10:23:27.124+0000] {manager.py:878} INFO - 
================================================================================
DAG File Processing Stats

File Path                                PID    Runtime      # DAGs    # Errors  Last Runtime    Last Run
---------------------------------------  -----  ---------  --------  ----------  --------------  -------------------
/opt/airflow/dags/abc_phones_etl_dag.py                           1           0  1.27s           2026-05-12T10:23:05
================================================================================
[2026-05-12T10:23:57.369+0000] {manager.py:878} INFO - 
================================================================================
DAG File Processing Stats

File Path                                PID    Runtime      # DAGs    # Errors  Last Runtime    Last Run
---------------------------------------  -----  ---------  --------  ----------  --------------  -------------------
/opt/airflow/dags/abc_phones_etl_dag.py                           1           0  1.12s           2026-05-12T10:23:36
================================================================================
[2026-05-12T10:24:27.494+0000] {manager.py:878} INFO - 
================================================================================
DAG File Processing Stats

File Path                                PID    Runtime      # DAGs    # Errors  Last Runtime    Last Run
---------------------------------------  -----  ---------  --------  ----------  --------------  -------------------
/opt/airflow/dags/abc_phones_etl_dag.py                           1           0  0.95s           2026-05-12T10:24:07
================================================================================
[2026-05-12T10:24:57.828+0000] {manager.py:878} INFO - 
================================================================================
DAG File Processing Stats

File Path                                PID    Runtime      # DAGs    # Errors  Last Runtime    Last Run
---------------------------------------  -----  ---------  --------  ----------  --------------  -------------------
/opt/airflow/dags/abc_phones_etl_dag.py                           1           0  1.19s           2026-05-12T10:24:38
================================================================================
[2026-05-12T10:25:03.862+0000] {manager.py:737} INFO - Searching for files in /opt/airflow/dags
[2026-05-12T10:25:03.885+0000] {manager.py:740} INFO - There are 1 files in /opt/airflow/dags
[2026-05-12T10:25:28.081+0000] {manager.py:878} INFO - 
================================================================================
DAG File Processing Stats

File Path                                PID    Runtime      # DAGs    # Errors  Last Runtime    Last Run
---------------------------------------  -----  ---------  --------  ----------  --------------  -------------------
/opt/airflow/dags/abc_phones_etl_dag.py                           1           0  1.08s           2026-05-12T10:25:10
================================================================================
[2026-05-12T10:25:58.341+0000] {manager.py:878} INFO - 
================================================================================
DAG File Processing Stats

File Path                                PID    Runtime      # DAGs    # Errors  Last Runtime    Last Run
---------------------------------------  -----  ---------  --------  ----------  --------------  -------------------
/opt/airflow/dags/abc_phones_etl_dag.py                           1           0  1.42s           2026-05-12T10:25:41
================================================================================
[2026-05-12T10:26:29.023+0000] {manager.py:878} INFO - 
================================================================================
DAG File Processing Stats

File Path                                PID    Runtime      # DAGs    # Errors  Last Runtime    Last Run
---------------------------------------  -----  ---------  --------  ----------  --------------  -------------------
/opt/airflow/dags/abc_phones_etl_dag.py                           1           0  1.18s           2026-05-12T10:26:13
================================================================================
[2026-05-12T10:26:59.124+0000] {manager.py:878} INFO - 
================================================================================
DAG File Processing Stats

File Path                                PID    Runtime      # DAGs    # Errors  Last Runtime    Last Run
---------------------------------------  -----  ---------  --------  ----------  --------------  -------------------
/opt/airflow/dags/abc_phones_etl_dag.py                           1           0  0.91s           2026-05-12T10:26:44
================================================================================
[2026-05-12T10:27:29.242+0000] {manager.py:878} INFO - 
================================================================================
DAG File Processing Stats

File Path                                PID    Runtime      # DAGs    # Errors  Last Runtime    Last Run
---------------------------------------  -----  ---------  --------  ----------  --------------  -------------------
/opt/airflow/dags/abc_phones_etl_dag.py                           1           0  0.94s           2026-05-12T10:27:15
================================================================================
[2026-05-12T10:27:59.459+0000] {manager.py:878} INFO - 
================================================================================
DAG File Processing Stats

File Path                                PID    Runtime      # DAGs    # Errors  Last Runtime    Last Run
---------------------------------------  -----  ---------  --------  ----------  --------------  -------------------
/opt/airflow/dags/abc_phones_etl_dag.py                           1           0  1.12s           2026-05-12T10:27:46
================================================================================
[2026-05-12T10:28:29.630+0000] {manager.py:878} INFO - 
================================================================================
DAG File Processing Stats

File Path                                PID    Runtime      # DAGs    # Errors  Last Runtime    Last Run
---------------------------------------  -----  ---------  --------  ----------  --------------  -------------------
/opt/airflow/dags/abc_phones_etl_dag.py                           1           0  2.91s           2026-05-12T10:28:19
================================================================================
[2026-05-12T10:28:59.775+0000] {manager.py:878} INFO - 
================================================================================
DAG File Processing Stats

File Path                                PID    Runtime      # DAGs    # Errors  Last Runtime    Last Run
---------------------------------------  -----  ---------  --------  ----------  --------------  -------------------
/opt/airflow/dags/abc_phones_etl_dag.py                           1           0  5.91s           2026-05-12T10:28:55
================================================================================
[2026-05-12T10:29:30.426+0000] {manager.py:878} INFO - 
================================================================================
DAG File Processing Stats

File Path                                  PID  Runtime      # DAGs    # Errors  Last Runtime    Last Run
---------------------------------------  -----  ---------  --------  ----------  --------------  -------------------
/opt/airflow/dags/abc_phones_etl_dag.py    632  4.13s             1           0  5.91s           2026-05-12T10:28:55
================================================================================
[2026-05-12T10:30:00.668+0000] {manager.py:878} INFO - 
================================================================================
DAG File Processing Stats

File Path                                PID    Runtime      # DAGs    # Errors  Last Runtime    Last Run
---------------------------------------  -----  ---------  --------  ----------  --------------  -------------------
/opt/airflow/dags/abc_phones_etl_dag.py                           1           0  15.48s          2026-05-12T10:29:41
================================================================================
[2026-05-12T10:30:04.514+0000] {manager.py:737} INFO - Searching for files in /opt/airflow/dags
[2026-05-12T10:30:04.814+0000] {manager.py:740} INFO - There are 1 files in /opt/airflow/dags
[2026-05-12T10:30:31.559+0000] {manager.py:878} INFO - 
================================================================================
DAG File Processing Stats

File Path                                PID    Runtime      # DAGs    # Errors  Last Runtime    Last Run
---------------------------------------  -----  ---------  --------  ----------  --------------  -------------------
/opt/airflow/dags/abc_phones_etl_dag.py                           1           0  10.88s          2026-05-12T10:30:23
================================================================================
[2026-05-12T10:31:02.025+0000] {manager.py:878} INFO - 
================================================================================
DAG File Processing Stats

File Path                                PID    Runtime      # DAGs    # Errors  Last Runtime    Last Run
---------------------------------------  -----  ---------  --------  ----------  --------------  -------------------
/opt/airflow/dags/abc_phones_etl_dag.py                           1           0  1.35s           2026-05-12T10:30:55
================================================================================
[2026-05-12T10:31:32.108+0000] {manager.py:878} INFO - 
================================================================================
DAG File Processing Stats

File Path                                PID    Runtime      # DAGs    # Errors  Last Runtime    Last Run
---------------------------------------  -----  ---------  --------  ----------  --------------  -------------------
/opt/airflow/dags/abc_phones_etl_dag.py                           1           0  0.83s           2026-05-12T10:31:27
================================================================================
[2026-05-12T10:32:02.300+0000] {manager.py:878} INFO - 
================================================================================
DAG File Processing Stats

File Path                                PID    Runtime      # DAGs    # Errors  Last Runtime    Last Run
---------------------------------------  -----  ---------  --------  ----------  --------------  -------------------
/opt/airflow/dags/abc_phones_etl_dag.py                           1           0  0.95s           2026-05-12T10:31:58
================================================================================
[2026-05-12T10:32:32.310+0000] {manager.py:878} INFO - 
================================================================================
DAG File Processing Stats

File Path                                PID    Runtime      # DAGs    # Errors  Last Runtime    Last Run
---------------------------------------  -----  ---------  --------  ----------  --------------  -------------------
/opt/airflow/dags/abc_phones_etl_dag.py                           1           0  0.83s           2026-05-12T10:32:29
================================================================================
[2026-05-12T10:33:02.908+0000] {manager.py:878} INFO - 
================================================================================
DAG File Processing Stats

File Path                                  PID  Runtime      # DAGs    # Errors  Last Runtime    Last Run
---------------------------------------  -----  ---------  --------  ----------  --------------  -------------------
/opt/airflow/dags/abc_phones_etl_dag.py    652  3.06s             1           0  0.83s           2026-05-12T10:32:29
================================================================================
[2026-05-12T10:33:33.238+0000] {manager.py:878} INFO - 
================================================================================
DAG File Processing Stats

File Path                                  PID  Runtime      # DAGs    # Errors  Last Runtime    Last Run
---------------------------------------  -----  ---------  --------  ----------  --------------  -------------------
/opt/airflow/dags/abc_phones_etl_dag.py    654  0.01s             1           0  3.37s           2026-05-12T10:33:03
================================================================================
[2026-05-12T10:34:03.430+0000] {manager.py:878} INFO - 
================================================================================
DAG File Processing Stats

File Path                                PID    Runtime      # DAGs    # Errors  Last Runtime    Last Run
---------------------------------------  -----  ---------  --------  ----------  --------------  -------------------
/opt/airflow/dags/abc_phones_etl_dag.py                           1           0  1.21s           2026-05-12T10:33:34
================================================================================
[2026-05-12T10:34:33.454+0000] {manager.py:878} INFO - 
================================================================================
DAG File Processing Stats

File Path                                PID    Runtime      # DAGs    # Errors  Last Runtime    Last Run
---------------------------------------  -----  ---------  --------  ----------  --------------  -------------------
/opt/airflow/dags/abc_phones_etl_dag.py                           1           0  0.83s           2026-05-12T10:34:05
================================================================================
[2026-05-12T10:35:03.542+0000] {manager.py:878} INFO - 
================================================================================
DAG File Processing Stats

File Path                                PID    Runtime      # DAGs    # Errors  Last Runtime    Last Run
---------------------------------------  -----  ---------  --------  ----------  --------------  -------------------
/opt/airflow/dags/abc_phones_etl_dag.py                           1           0  0.90s           2026-05-12T10:34:36
================================================================================
[2026-05-12T10:35:04.556+0000] {manager.py:737} INFO - Searching for files in /opt/airflow/dags
[2026-05-12T10:35:04.590+0000] {manager.py:740} INFO - There are 1 files in /opt/airflow/dags
[2026-05-12T10:35:33.659+0000] {manager.py:878} INFO - 
================================================================================
DAG File Processing Stats

File Path                                PID    Runtime      # DAGs    # Errors  Last Runtime    Last Run
---------------------------------------  -----  ---------  --------  ----------  --------------  -------------------
/opt/airflow/dags/abc_phones_etl_dag.py                           1           0  0.79s           2026-05-12T10:35:07
================================================================================
[2026-05-12T10:36:04.157+0000] {manager.py:878} INFO - 
================================================================================
DAG File Processing Stats

File Path                                PID    Runtime      # DAGs    # Errors  Last Runtime    Last Run
---------------------------------------  -----  ---------  --------  ----------  --------------  -------------------
/opt/airflow/dags/abc_phones_etl_dag.py                           1           0  1.27s           2026-05-12T10:35:38
================================================================================
[2026-05-12T10:36:34.872+0000] {manager.py:878} INFO - 
================================================================================
DAG File Processing Stats

File Path                                PID    Runtime      # DAGs    # Errors  Last Runtime    Last Run
---------------------------------------  -----  ---------  --------  ----------  --------------  -------------------
/opt/airflow/dags/abc_phones_etl_dag.py                           1           0  0.76s           2026-05-12T10:36:09
================================================================================
[2026-05-12T10:37:05.806+0000] {manager.py:878} INFO - 
================================================================================
DAG File Processing Stats

File Path                                PID    Runtime      # DAGs    # Errors  Last Runtime    Last Run
---------------------------------------  -----  ---------  --------  ----------  --------------  -------------------
/opt/airflow/dags/abc_phones_etl_dag.py                           1           0  1.73s           2026-05-12T10:36:43
================================================================================
[2026-05-12T10:37:36.208+0000] {manager.py:878} INFO - 
================================================================================
DAG File Processing Stats

File Path                                  PID  Runtime      # DAGs    # Errors  Last Runtime    Last Run
---------------------------------------  -----  ---------  --------  ----------  --------------  -------------------
/opt/airflow/dags/abc_phones_etl_dag.py    674  21.93s            1           0  1.73s           2026-05-12T10:36:43
================================================================================
[2026-05-12T10:38:06.667+0000] {manager.py:878} INFO - 
================================================================================
DAG File Processing Stats

File Path                                PID    Runtime      # DAGs    # Errors  Last Runtime    Last Run
---------------------------------------  -----  ---------  --------  ----------  --------------  -------------------
/opt/airflow/dags/abc_phones_etl_dag.py                           1           0  1.22s           2026-05-12T10:37:53
================================================================================
[2026-05-12T10:38:36.669+0000] {manager.py:878} INFO - 
================================================================================
DAG File Processing Stats

File Path                                PID    Runtime      # DAGs    # Errors  Last Runtime    Last Run
---------------------------------------  -----  ---------  --------  ----------  --------------  -------------------
/opt/airflow/dags/abc_phones_etl_dag.py                           1           0  1.29s           2026-05-12T10:38:25
================================================================================
[2026-05-12T10:39:06.835+0000] {manager.py:878} INFO - 
================================================================================
DAG File Processing Stats

File Path                                PID    Runtime      # DAGs    # Errors  Last Runtime    Last Run
---------------------------------------  -----  ---------  --------  ----------  --------------  -------------------
/opt/airflow/dags/abc_phones_etl_dag.py                           1           0  0.81s           2026-05-12T10:38:56
================================================================================
[2026-05-12T10:39:37.095+0000] {manager.py:878} INFO - 
================================================================================
DAG File Processing Stats

File Path                                PID    Runtime      # DAGs    # Errors  Last Runtime    Last Run
---------------------------------------  -----  ---------  --------  ----------  --------------  -------------------
/opt/airflow/dags/abc_phones_etl_dag.py                           1           0  1.85s           2026-05-12T10:39:29
================================================================================
[2026-05-12T10:40:05.465+0000] {manager.py:737} INFO - Searching for files in /opt/airflow/dags
[2026-05-12T10:40:05.489+0000] {manager.py:740} INFO - There are 1 files in /opt/airflow/dags
[2026-05-12T10:40:07.518+0000] {manager.py:878} INFO - 
================================================================================
DAG File Processing Stats

File Path                                PID    Runtime      # DAGs    # Errors  Last Runtime    Last Run
---------------------------------------  -----  ---------  --------  ----------  --------------  -------------------
/opt/airflow/dags/abc_phones_etl_dag.py                           1           0  1.19s           2026-05-12T10:40:00
================================================================================
[2026-05-12T10:40:37.757+0000] {manager.py:878} INFO - 
================================================================================
DAG File Processing Stats

File Path                                PID    Runtime      # DAGs    # Errors  Last Runtime    Last Run
---------------------------------------  -----  ---------  --------  ----------  --------------  -------------------
/opt/airflow/dags/abc_phones_etl_dag.py                           1           0  1.30s           2026-05-12T10:40:31
================================================================================
[2026-05-12T10:41:08.266+0000] {manager.py:878} INFO - 
================================================================================
DAG File Processing Stats

File Path                                PID    Runtime      # DAGs    # Errors  Last Runtime    Last Run
---------------------------------------  -----  ---------  --------  ----------  --------------  -------------------
/opt/airflow/dags/abc_phones_etl_dag.py                           1           0  1.51s           2026-05-12T10:41:03
================================================================================
[2026-05-12T10:41:38.945+0000] {manager.py:878} INFO - 
================================================================================
DAG File Processing Stats

File Path                                PID    Runtime      # DAGs    # Errors  Last Runtime    Last Run
---------------------------------------  -----  ---------  --------  ----------  --------------  -------------------
/opt/airflow/dags/abc_phones_etl_dag.py                           1           0  1.21s           2026-05-12T10:41:35
================================================================================
[2026-05-12T10:42:09.372+0000] {manager.py:878} INFO - 
================================================================================
DAG File Processing Stats

File Path                                PID    Runtime      # DAGs    # Errors  Last Runtime    Last Run
---------------------------------------  -----  ---------  --------  ----------  --------------  -------------------
/opt/airflow/dags/abc_phones_etl_dag.py                           1           0  1.27s           2026-05-12T10:42:06
================================================================================
[2026-05-12T10:42:39.596+0000] {manager.py:878} INFO - 
================================================================================
DAG File Processing Stats

File Path                                PID    Runtime      # DAGs    # Errors  Last Runtime    Last Run
---------------------------------------  -----  ---------  --------  ----------  --------------  -------------------
/opt/airflow/dags/abc_phones_etl_dag.py                           1           0  1.16s           2026-05-12T10:42:37
================================================================================
[2026-05-12T10:43:09.954+0000] {manager.py:878} INFO - 
================================================================================
DAG File Processing Stats

File Path                                PID    Runtime      # DAGs    # Errors  Last Runtime    Last Run
---------------------------------------  -----  ---------  --------  ----------  --------------  -------------------
/opt/airflow/dags/abc_phones_etl_dag.py                           1           0  1.93s           2026-05-12T10:43:09
================================================================================
[2026-05-12T10:43:40.532+0000] {manager.py:878} INFO - 
================================================================================
DAG File Processing Stats

File Path                                  PID  Runtime      # DAGs    # Errors  Last Runtime    Last Run
---------------------------------------  -----  ---------  --------  ----------  --------------  -------------------
/opt/airflow/dags/abc_phones_etl_dag.py    710  0.01s             1           0  1.93s           2026-05-12T10:43:09
================================================================================
[2026-05-12T10:44:10.806+0000] {manager.py:878} INFO - 
================================================================================
DAG File Processing Stats

File Path                                PID    Runtime      # DAGs    # Errors  Last Runtime    Last Run
---------------------------------------  -----  ---------  --------  ----------  --------------  -------------------
/opt/airflow/dags/abc_phones_etl_dag.py                           1           0  1.43s           2026-05-12T10:43:41
================================================================================
[2026-05-12T10:44:41.424+0000] {manager.py:878} INFO - 
================================================================================
DAG File Processing Stats

File Path                                PID    Runtime      # DAGs    # Errors  Last Runtime    Last Run
---------------------------------------  -----  ---------  --------  ----------  --------------  -------------------
/opt/airflow/dags/abc_phones_etl_dag.py                           1           0  1.30s           2026-05-12T10:44:13
================================================================================
[2026-05-12T10:45:05.755+0000] {manager.py:737} INFO - Searching for files in /opt/airflow/dags
[2026-05-12T10:45:05.787+0000] {manager.py:740} INFO - There are 1 files in /opt/airflow/dags
[2026-05-12T10:45:11.853+0000] {manager.py:878} INFO - 
================================================================================
DAG File Processing Stats

File Path                                PID    Runtime      # DAGs    # Errors  Last Runtime    Last Run
---------------------------------------  -----  ---------  --------  ----------  --------------  -------------------
/opt/airflow/dags/abc_phones_etl_dag.py                           1           0  2.04s           2026-05-12T10:44:45
================================================================================
[2026-05-12T10:45:42.255+0000] {manager.py:878} INFO - 
================================================================================
DAG File Processing Stats

File Path                                PID    Runtime      # DAGs    # Errors  Last Runtime    Last Run
---------------------------------------  -----  ---------  --------  ----------  --------------  -------------------
/opt/airflow/dags/abc_phones_etl_dag.py                           1           0  1.22s           2026-05-12T10:45:17
================================================================================
[2026-05-12T10:46:12.583+0000] {manager.py:878} INFO - 
================================================================================
DAG File Processing Stats

File Path                                PID    Runtime      # DAGs    # Errors  Last Runtime    Last Run
---------------------------------------  -----  ---------  --------  ----------  --------------  -------------------
/opt/airflow/dags/abc_phones_etl_dag.py                           1           0  1.44s           2026-05-12T10:45:48
================================================================================
[2026-05-12T10:46:42.757+0000] {manager.py:878} INFO - 
================================================================================
DAG File Processing Stats

File Path                                PID    Runtime      # DAGs    # Errors  Last Runtime    Last Run
---------------------------------------  -----  ---------  --------  ----------  --------------  -------------------
/opt/airflow/dags/abc_phones_etl_dag.py                           1           0  4.43s           2026-05-12T10:46:23
================================================================================
[2026-05-12T10:47:13.670+0000] {manager.py:878} INFO - 
================================================================================
DAG File Processing Stats

File Path                                PID    Runtime      # DAGs    # Errors  Last Runtime    Last Run
---------------------------------------  -----  ---------  --------  ----------  --------------  -------------------
/opt/airflow/dags/abc_phones_etl_dag.py                           1           0  15.20s          2026-05-12T10:47:09
================================================================================
[2026-05-12T10:47:44.475+0000] {manager.py:878} INFO - 
================================================================================
DAG File Processing Stats

File Path                                  PID  Runtime      # DAGs    # Errors  Last Runtime    Last Run
---------------------------------------  -----  ---------  --------  ----------  --------------  -------------------
/opt/airflow/dags/abc_phones_etl_dag.py    736  4.12s             1           0  15.20s          2026-05-12T10:47:09
================================================================================
[2026-05-12T10:48:14.994+0000] {manager.py:878} INFO - 
================================================================================
DAG File Processing Stats

File Path                                PID    Runtime      # DAGs    # Errors  Last Runtime    Last Run
---------------------------------------  -----  ---------  --------  ----------  --------------  -------------------
/opt/airflow/dags/abc_phones_etl_dag.py                           1           0  0.96s           2026-05-12T10:48:04
================================================================================
[2026-05-12T10:48:45.251+0000] {manager.py:878} INFO - 
================================================================================
DAG File Processing Stats

File Path                                PID    Runtime      # DAGs    # Errors  Last Runtime    Last Run
---------------------------------------  -----  ---------  --------  ----------  --------------  -------------------
/opt/airflow/dags/abc_phones_etl_dag.py                           1           0  1.26s           2026-05-12T10:48:36
================================================================================
[2026-05-12T10:49:15.357+0000] {manager.py:878} INFO - 
================================================================================
DAG File Processing Stats

File Path                                PID    Runtime      # DAGs    # Errors  Last Runtime    Last Run
---------------------------------------  -----  ---------  --------  ----------  --------------  -------------------
/opt/airflow/dags/abc_phones_etl_dag.py                           1           0  0.90s           2026-05-12T10:49:07
================================================================================
[2026-05-12T10:49:45.654+0000] {manager.py:878} INFO - 
================================================================================
DAG File Processing Stats

File Path                                PID    Runtime      # DAGs    # Errors  Last Runtime    Last Run
---------------------------------------  -----  ---------  --------  ----------  --------------  -------------------
/opt/airflow/dags/abc_phones_etl_dag.py                           1           0  1.16s           2026-05-12T10:49:38
================================================================================
[2026-05-12T10:50:05.870+0000] {manager.py:737} INFO - Searching for files in /opt/airflow/dags
[2026-05-12T10:50:05.889+0000] {manager.py:740} INFO - There are 1 files in /opt/airflow/dags
[2026-05-12T10:50:15.846+0000] {manager.py:878} INFO - 
================================================================================
DAG File Processing Stats

File Path                                PID    Runtime      # DAGs    # Errors  Last Runtime    Last Run
---------------------------------------  -----  ---------  --------  ----------  --------------  -------------------
/opt/airflow/dags/abc_phones_etl_dag.py                           1           0  0.86s           2026-05-12T10:50:09
================================================================================
[2026-05-12T10:50:45.983+0000] {manager.py:878} INFO - 
================================================================================
DAG File Processing Stats

File Path                                PID    Runtime      # DAGs    # Errors  Last Runtime    Last Run
---------------------------------------  -----  ---------  --------  ----------  --------------  -------------------
/opt/airflow/dags/abc_phones_etl_dag.py                           1           0  0.95s           2026-05-12T10:50:40
================================================================================
[2026-05-12T10:51:16.304+0000] {manager.py:878} INFO - 
================================================================================
DAG File Processing Stats

File Path                                PID    Runtime      # DAGs    # Errors  Last Runtime    Last Run
---------------------------------------  -----  ---------  --------  ----------  --------------  -------------------
/opt/airflow/dags/abc_phones_etl_dag.py                           1           0  0.73s           2026-05-12T10:51:11
================================================================================
[2026-05-12T10:51:46.463+0000] {manager.py:878} INFO - 
================================================================================
DAG File Processing Stats

File Path                                PID    Runtime      # DAGs    # Errors  Last Runtime    Last Run
---------------------------------------  -----  ---------  --------  ----------  --------------  -------------------
/opt/airflow/dags/abc_phones_etl_dag.py                           1           0  0.77s           2026-05-12T10:51:42
================================================================================
[2026-05-12T10:52:17.102+0000] {manager.py:878} INFO - 
================================================================================
DAG File Processing Stats

File Path                                PID    Runtime      # DAGs    # Errors  Last Runtime    Last Run
---------------------------------------  -----  ---------  --------  ----------  --------------  -------------------
/opt/airflow/dags/abc_phones_etl_dag.py                           1           0  1.19s           2026-05-12T10:52:14
================================================================================
[2026-05-12T10:52:47.449+0000] {manager.py:878} INFO - 
================================================================================
DAG File Processing Stats

File Path                                PID    Runtime      # DAGs    # Errors  Last Runtime    Last Run
---------------------------------------  -----  ---------  --------  ----------  --------------  -------------------
/opt/airflow/dags/abc_phones_etl_dag.py                           1           0  1.35s           2026-05-12T10:52:45
================================================================================
[2026-05-12T10:53:17.730+0000] {manager.py:878} INFO - 
================================================================================
DAG File Processing Stats

File Path                                PID    Runtime      # DAGs    # Errors  Last Runtime    Last Run
---------------------------------------  -----  ---------  --------  ----------  --------------  -------------------
/opt/airflow/dags/abc_phones_etl_dag.py                           1           0  0.99s           2026-05-12T10:53:16
================================================================================
[2026-05-12T10:53:47.737+0000] {manager.py:878} INFO - 
================================================================================
DAG File Processing Stats

File Path                                PID    Runtime      # DAGs    # Errors  Last Runtime    Last Run
---------------------------------------  -----  ---------  --------  ----------  --------------  -------------------
/opt/airflow/dags/abc_phones_etl_dag.py                           1           0  0.77s           2026-05-12T10:53:47
================================================================================
[2026-05-12T10:54:17.946+0000] {manager.py:878} INFO - 
================================================================================
DAG File Processing Stats

File Path                                  PID  Runtime      # DAGs    # Errors  Last Runtime    Last Run
---------------------------------------  -----  ---------  --------  ----------  --------------  -------------------
/opt/airflow/dags/abc_phones_etl_dag.py    762  0.01s             1           0  0.77s           2026-05-12T10:53:47
================================================================================
[2026-05-12T10:54:48.249+0000] {manager.py:878} INFO - 
================================================================================
DAG File Processing Stats

File Path                                PID    Runtime      # DAGs    # Errors  Last Runtime    Last Run
---------------------------------------  -----  ---------  --------  ----------  --------------  -------------------
/opt/airflow/dags/abc_phones_etl_dag.py                           1           0  1.40s           2026-05-12T10:54:19
================================================================================
[2026-05-12T10:55:06.354+0000] {manager.py:737} INFO - Searching for files in /opt/airflow/dags
[2026-05-12T10:55:06.394+0000] {manager.py:740} INFO - There are 1 files in /opt/airflow/dags
[2026-05-12T10:55:18.479+0000] {manager.py:878} INFO - 
================================================================================
DAG File Processing Stats

File Path                                PID    Runtime      # DAGs    # Errors  Last Runtime    Last Run
---------------------------------------  -----  ---------  --------  ----------  --------------  -------------------
/opt/airflow/dags/abc_phones_etl_dag.py                           1           0  0.97s           2026-05-12T10:54:50
================================================================================
[2026-05-12T10:55:48.858+0000] {manager.py:878} INFO - 
================================================================================
DAG File Processing Stats

File Path                                PID    Runtime      # DAGs    # Errors  Last Runtime    Last Run
---------------------------------------  -----  ---------  --------  ----------  --------------  -------------------
/opt/airflow/dags/abc_phones_etl_dag.py                           1           0  1.31s           2026-05-12T10:55:21
================================================================================
[2026-05-12T10:56:19.329+0000] {manager.py:878} INFO - 
================================================================================
DAG File Processing Stats

File Path                                PID    Runtime      # DAGs    # Errors  Last Runtime    Last Run
---------------------------------------  -----  ---------  --------  ----------  --------------  -------------------
/opt/airflow/dags/abc_phones_etl_dag.py                           1           0  1.03s           2026-05-12T10:55:53
================================================================================
[2026-05-12T10:56:49.507+0000] {manager.py:878} INFO - 
================================================================================
DAG File Processing Stats

File Path                                PID    Runtime      # DAGs    # Errors  Last Runtime    Last Run
---------------------------------------  -----  ---------  --------  ----------  --------------  -------------------
/opt/airflow/dags/abc_phones_etl_dag.py                           1           0  0.77s           2026-05-12T10:56:24
================================================================================
[2026-05-12T10:57:19.672+0000] {manager.py:878} INFO - 
================================================================================
DAG File Processing Stats

File Path                                PID    Runtime      # DAGs    # Errors  Last Runtime    Last Run
---------------------------------------  -----  ---------  --------  ----------  --------------  -------------------
/opt/airflow/dags/abc_phones_etl_dag.py                           1           0  0.70s           2026-05-12T10:56:55
================================================================================
[2026-05-12T10:57:49.839+0000] {manager.py:878} INFO - 
================================================================================
DAG File Processing Stats

File Path                                PID    Runtime      # DAGs    # Errors  Last Runtime    Last Run
---------------------------------------  -----  ---------  --------  ----------  --------------  -------------------
/opt/airflow/dags/abc_phones_etl_dag.py                           1           0  0.86s           2026-05-12T10:57:26
================================================================================
[2026-05-12T10:58:20.025+0000] {manager.py:878} INFO - 
================================================================================
DAG File Processing Stats

File Path                                PID    Runtime      # DAGs    # Errors  Last Runtime    Last Run
---------------------------------------  -----  ---------  --------  ----------  --------------  -------------------
/opt/airflow/dags/abc_phones_etl_dag.py                           1           0  0.93s           2026-05-12T10:57:57
================================================================================
[2026-05-12T10:58:50.202+0000] {manager.py:878} INFO - 
================================================================================
DAG File Processing Stats

File Path                                PID    Runtime      # DAGs    # Errors  Last Runtime    Last Run
---------------------------------------  -----  ---------  --------  ----------  --------------  -------------------
/opt/airflow/dags/abc_phones_etl_dag.py                           1           0  0.76s           2026-05-12T10:58:28
================================================================================
[2026-05-12T10:59:20.423+0000] {manager.py:878} INFO - 
================================================================================
DAG File Processing Stats

File Path                                PID    Runtime      # DAGs    # Errors  Last Runtime    Last Run
---------------------------------------  -----  ---------  --------  ----------  --------------  -------------------
/opt/airflow/dags/abc_phones_etl_dag.py                           1           0  0.77s           2026-05-12T10:58:59
================================================================================
[2026-05-12T10:59:50.591+0000] {manager.py:878} INFO - 
================================================================================
DAG File Processing Stats

File Path                                PID    Runtime      # DAGs    # Errors  Last Runtime    Last Run
---------------------------------------  -----  ---------  --------  ----------  --------------  -------------------
/opt/airflow/dags/abc_phones_etl_dag.py                           1           0  0.93s           2026-05-12T10:59:30
================================================================================
[2026-05-12T11:00:06.371+0000] {manager.py:737} INFO - Searching for files in /opt/airflow/dags
[2026-05-12T11:00:06.392+0000] {manager.py:740} INFO - There are 1 files in /opt/airflow/dags
[2026-05-12T11:00:20.991+0000] {manager.py:878} INFO - 
================================================================================
DAG File Processing Stats

File Path                                PID    Runtime      # DAGs    # Errors  Last Runtime    Last Run
---------------------------------------  -----  ---------  --------  ----------  --------------  -------------------
/opt/airflow/dags/abc_phones_etl_dag.py                           1           0  0.98s           2026-05-12T11:00:01
================================================================================
[2026-05-12T11:00:51.182+0000] {manager.py:878} INFO - 
================================================================================
DAG File Processing Stats

File Path                                PID    Runtime      # DAGs    # Errors  Last Runtime    Last Run
---------------------------------------  -----  ---------  --------  ----------  --------------  -------------------
/opt/airflow/dags/abc_phones_etl_dag.py                           1           0  0.91s           2026-05-12T11:00:32
================================================================================
[2026-05-12T11:01:21.364+0000] {manager.py:878} INFO - 
================================================================================
DAG File Processing Stats

File Path                                PID    Runtime      # DAGs    # Errors  Last Runtime    Last Run
---------------------------------------  -----  ---------  --------  ----------  --------------  -------------------
/opt/airflow/dags/abc_phones_etl_dag.py                           1           0  0.69s           2026-05-12T11:01:03
================================================================================
[2026-05-12T11:01:51.541+0000] {manager.py:878} INFO - 
================================================================================
DAG File Processing Stats

File Path                                PID    Runtime      # DAGs    # Errors  Last Runtime    Last Run
---------------------------------------  -----  ---------  --------  ----------  --------------  -------------------
/opt/airflow/dags/abc_phones_etl_dag.py                           1           0  0.68s           2026-05-12T11:01:34
================================================================================
[2026-05-12T11:02:21.804+0000] {manager.py:878} INFO - 
================================================================================
DAG File Processing Stats

File Path                                PID    Runtime      # DAGs    # Errors  Last Runtime    Last Run
---------------------------------------  -----  ---------  --------  ----------  --------------  -------------------
/opt/airflow/dags/abc_phones_etl_dag.py                           1           0  1.08s           2026-05-12T11:02:05
================================================================================
[2026-05-12T11:02:52.083+0000] {manager.py:878} INFO - 
================================================================================
DAG File Processing Stats

File Path                                PID    Runtime      # DAGs    # Errors  Last Runtime    Last Run
---------------------------------------  -----  ---------  --------  ----------  --------------  -------------------
/opt/airflow/dags/abc_phones_etl_dag.py                           1           0  0.96s           2026-05-12T11:02:36
================================================================================
[2026-05-12T11:03:22.274+0000] {manager.py:878} INFO - 
================================================================================
DAG File Processing Stats

File Path                                PID    Runtime      # DAGs    # Errors  Last Runtime    Last Run
---------------------------------------  -----  ---------  --------  ----------  --------------  -------------------
/opt/airflow/dags/abc_phones_etl_dag.py                           1           0  1.94s           2026-05-12T11:03:09
================================================================================
[2026-05-12T11:03:52.827+0000] {manager.py:878} INFO - 
================================================================================
DAG File Processing Stats

File Path                                PID    Runtime      # DAGs    # Errors  Last Runtime    Last Run
---------------------------------------  -----  ---------  --------  ----------  --------------  -------------------
/opt/airflow/dags/abc_phones_etl_dag.py                           1           0  1.06s           2026-05-12T11:03:40
================================================================================
[2026-05-12T11:04:23.053+0000] {manager.py:878} INFO - 
================================================================================
DAG File Processing Stats

File Path                                PID    Runtime      # DAGs    # Errors  Last Runtime    Last Run
---------------------------------------  -----  ---------  --------  ----------  --------------  -------------------
/opt/airflow/dags/abc_phones_etl_dag.py                           1           0  1.16s           2026-05-12T11:04:12
================================================================================
[2026-05-12T11:04:53.417+0000] {manager.py:878} INFO - 
================================================================================
DAG File Processing Stats

File Path                                PID    Runtime      # DAGs    # Errors  Last Runtime    Last Run
---------------------------------------  -----  ---------  --------  ----------  --------------  -------------------
/opt/airflow/dags/abc_phones_etl_dag.py                           1           0  0.85s           2026-05-12T11:04:43
================================================================================
[2026-05-12T11:05:06.609+0000] {manager.py:737} INFO - Searching for files in /opt/airflow/dags
[2026-05-12T11:05:06.642+0000] {manager.py:740} INFO - There are 1 files in /opt/airflow/dags
[2026-05-12T11:05:23.574+0000] {manager.py:878} INFO - 
================================================================================
DAG File Processing Stats

File Path                                PID    Runtime      # DAGs    # Errors  Last Runtime    Last Run
---------------------------------------  -----  ---------  --------  ----------  --------------  -------------------
/opt/airflow/dags/abc_phones_etl_dag.py                           1           0  0.81s           2026-05-12T11:05:14
================================================================================
[2026-05-12T11:05:53.771+0000] {manager.py:878} INFO - 
================================================================================
DAG File Processing Stats

File Path                                PID    Runtime      # DAGs    # Errors  Last Runtime    Last Run
---------------------------------------  -----  ---------  --------  ----------  --------------  -------------------
/opt/airflow/dags/abc_phones_etl_dag.py                           1           0  1.25s           2026-05-12T11:05:45
================================================================================
[2026-05-12T11:06:23.956+0000] {manager.py:878} INFO - 
================================================================================
DAG File Processing Stats

File Path                                PID    Runtime      # DAGs    # Errors  Last Runtime    Last Run
---------------------------------------  -----  ---------  --------  ----------  --------------  -------------------
/opt/airflow/dags/abc_phones_etl_dag.py                           1           0  0.78s           2026-05-12T11:06:17
================================================================================
[2026-05-12T11:06:53.994+0000] {manager.py:878} INFO - 
================================================================================
DAG File Processing Stats

File Path                                PID    Runtime      # DAGs    # Errors  Last Runtime    Last Run
---------------------------------------  -----  ---------  --------  ----------  --------------  -------------------
/opt/airflow/dags/abc_phones_etl_dag.py                           1           0  0.78s           2026-05-12T11:06:47
================================================================================
[2026-05-12T11:07:24.637+0000] {manager.py:878} INFO - 
================================================================================
DAG File Processing Stats

File Path                                PID    Runtime      # DAGs    # Errors  Last Runtime    Last Run
---------------------------------------  -----  ---------  --------  ----------  --------------  -------------------
/opt/airflow/dags/abc_phones_etl_dag.py                           1           0  0.75s           2026-05-12T11:07:18
================================================================================
[2026-05-12T11:07:54.883+0000] {manager.py:878} INFO - 
================================================================================
DAG File Processing Stats

File Path                                PID    Runtime      # DAGs    # Errors  Last Runtime    Last Run
---------------------------------------  -----  ---------  --------  ----------  --------------  -------------------
/opt/airflow/dags/abc_phones_etl_dag.py                           1           0  1.89s           2026-05-12T11:07:50
================================================================================
[2026-05-12T11:09:12.150+0000] {manager.py:470} INFO - Processing files using up to 2 processes at a time 
[2026-05-12T11:09:12.156+0000] {manager.py:471} INFO - Process each file at most once every 30 seconds
[2026-05-12T11:09:12.166+0000] {manager.py:472} INFO - Checking for new files in /opt/airflow/dags every 300 seconds
[2026-05-12T11:09:12.175+0000] {manager.py:737} INFO - Searching for files in /opt/airflow/dags
[2026-05-12T11:09:12.266+0000] {manager.py:740} INFO - There are 1 files in /opt/airflow/dags
[2026-05-12T11:09:12.598+0000] {manager.py:878} INFO - 
================================================================================
DAG File Processing Stats

File Path                                  PID  Runtime      # DAGs    # Errors  Last Runtime    Last Run
---------------------------------------  -----  ---------  --------  ----------  --------------  ----------
/opt/airflow/dags/abc_phones_etl_dag.py     21  0.13s             0           0
================================================================================
[2026-05-12T11:09:42.793+0000] {manager.py:878} INFO - 
================================================================================
DAG File Processing Stats

File Path                                PID    Runtime      # DAGs    # Errors  Last Runtime    Last Run
---------------------------------------  -----  ---------  --------  ----------  --------------  -------------------
/opt/airflow/dags/abc_phones_etl_dag.py                           1           0  1.68s           2026-05-12T11:09:14
================================================================================
[2026-05-12T11:10:13.171+0000] {manager.py:878} INFO - 
================================================================================
DAG File Processing Stats

File Path                                PID    Runtime      # DAGs    # Errors  Last Runtime    Last Run
---------------------------------------  -----  ---------  --------  ----------  --------------  -------------------
/opt/airflow/dags/abc_phones_etl_dag.py                           1           0  0.66s           2026-05-12T11:09:44
================================================================================
[2026-05-12T11:10:43.350+0000] {manager.py:878} INFO - 
================================================================================
DAG File Processing Stats

File Path                                PID    Runtime      # DAGs    # Errors  Last Runtime    Last Run
---------------------------------------  -----  ---------  --------  ----------  --------------  -------------------
/opt/airflow/dags/abc_phones_etl_dag.py                           1           0  0.50s           2026-05-12T11:10:15
================================================================================
[2026-05-12T11:11:13.759+0000] {manager.py:878} INFO - 
================================================================================
DAG File Processing Stats

File Path                                PID    Runtime      # DAGs    # Errors  Last Runtime    Last Run
---------------------------------------  -----  ---------  --------  ----------  --------------  -------------------
/opt/airflow/dags/abc_phones_etl_dag.py                           1           0  0.61s           2026-05-12T11:10:46
================================================================================
[2026-05-12T11:11:43.985+0000] {manager.py:878} INFO - 
================================================================================
DAG File Processing Stats

File Path                                PID    Runtime      # DAGs    # Errors  Last Runtime    Last Run
---------------------------------------  -----  ---------  --------  ----------  --------------  -------------------
/opt/airflow/dags/abc_phones_etl_dag.py                           1           0  0.56s           2026-05-12T11:11:17
================================================================================
[2026-05-12T11:12:14.289+0000] {manager.py:878} INFO - 
================================================================================
DAG File Processing Stats

File Path                                PID    Runtime      # DAGs    # Errors  Last Runtime    Last Run
---------------------------------------  -----  ---------  --------  ----------  --------------  -------------------
/opt/airflow/dags/abc_phones_etl_dag.py                           1           0  0.81s           2026-05-12T11:11:48
================================================================================
[2026-05-12T11:12:44.670+0000] {manager.py:878} INFO - 
================================================================================
DAG File Processing Stats

File Path                                PID    Runtime      # DAGs    # Errors  Last Runtime    Last Run
---------------------------------------  -----  ---------  --------  ----------  --------------  -------------------
/opt/airflow/dags/abc_phones_etl_dag.py                           1           0  0.52s           2026-05-12T11:12:19
================================================================================
[2026-05-12T11:13:15.064+0000] {manager.py:878} INFO - 
================================================================================
DAG File Processing Stats

File Path                                PID    Runtime      # DAGs    # Errors  Last Runtime    Last Run
---------------------------------------  -----  ---------  --------  ----------  --------------  -------------------
/opt/airflow/dags/abc_phones_etl_dag.py                           1           0  0.69s           2026-05-12T11:12:49
================================================================================
[2026-05-12T11:13:45.614+0000] {manager.py:878} INFO - 
================================================================================
DAG File Processing Stats

File Path                                PID    Runtime      # DAGs    # Errors  Last Runtime    Last Run
---------------------------------------  -----  ---------  --------  ----------  --------------  -------------------
/opt/airflow/dags/abc_phones_etl_dag.py                           1           0  0.51s           2026-05-12T11:13:20
================================================================================
[2026-05-12T11:14:12.359+0000] {manager.py:737} INFO - Searching for files in /opt/airflow/dags
[2026-05-12T11:14:12.421+0000] {manager.py:740} INFO - There are 1 files in /opt/airflow/dags
[2026-05-12T11:14:16.022+0000] {manager.py:878} INFO - 
================================================================================
DAG File Processing Stats

File Path                                PID    Runtime      # DAGs    # Errors  Last Runtime    Last Run
---------------------------------------  -----  ---------  --------  ----------  --------------  -------------------
/opt/airflow/dags/abc_phones_etl_dag.py                           1           0  0.53s           2026-05-12T11:13:51
================================================================================
[2026-05-12T11:14:46.240+0000] {manager.py:878} INFO - 
================================================================================
DAG File Processing Stats

File Path                                PID    Runtime      # DAGs    # Errors  Last Runtime    Last Run
---------------------------------------  -----  ---------  --------  ----------  --------------  -------------------
/opt/airflow/dags/abc_phones_etl_dag.py                           1           0  0.93s           2026-05-12T11:14:22
================================================================================
[2026-05-12T11:15:16.425+0000] {manager.py:878} INFO - 
================================================================================
DAG File Processing Stats

File Path                                PID    Runtime      # DAGs    # Errors  Last Runtime    Last Run
---------------------------------------  -----  ---------  --------  ----------  --------------  -------------------
/opt/airflow/dags/abc_phones_etl_dag.py                           1           0  1.00s           2026-05-12T11:14:53
================================================================================
[2026-05-12T11:15:46.595+0000] {manager.py:878} INFO - 
================================================================================
DAG File Processing Stats

File Path                                PID    Runtime      # DAGs    # Errors  Last Runtime    Last Run
---------------------------------------  -----  ---------  --------  ----------  --------------  -------------------
/opt/airflow/dags/abc_phones_etl_dag.py                           1           0  1.00s           2026-05-12T11:15:24
================================================================================
[2026-05-12T11:16:16.798+0000] {manager.py:878} INFO - 
================================================================================
DAG File Processing Stats

File Path                                PID    Runtime      # DAGs    # Errors  Last Runtime    Last Run
---------------------------------------  -----  ---------  --------  ----------  --------------  -------------------
/opt/airflow/dags/abc_phones_etl_dag.py                           1           0  0.79s           2026-05-12T11:15:55
================================================================================
[2026-05-12T11:16:46.942+0000] {manager.py:878} INFO - 
================================================================================
DAG File Processing Stats

File Path                                PID    Runtime      # DAGs    # Errors  Last Runtime    Last Run
---------------------------------------  -----  ---------  --------  ----------  --------------  -------------------
/opt/airflow/dags/abc_phones_etl_dag.py                           1           0  1.81s           2026-05-12T11:16:27
================================================================================
[2026-05-12T11:17:17.082+0000] {manager.py:878} INFO - 
================================================================================
DAG File Processing Stats

File Path                                PID    Runtime      # DAGs    # Errors  Last Runtime    Last Run
---------------------------------------  -----  ---------  --------  ----------  --------------  -------------------
/opt/airflow/dags/abc_phones_etl_dag.py                           1           0  1.80s           2026-05-12T11:16:59
================================================================================
[2026-05-12T11:17:47.284+0000] {manager.py:878} INFO - 
================================================================================
DAG File Processing Stats

File Path                                PID    Runtime      # DAGs    # Errors  Last Runtime    Last Run
---------------------------------------  -----  ---------  --------  ----------  --------------  -------------------
/opt/airflow/dags/abc_phones_etl_dag.py                           1           0  1.06s           2026-05-12T11:17:31
================================================================================
[2026-05-12T11:18:17.360+0000] {manager.py:878} INFO - 
================================================================================
DAG File Processing Stats

File Path                                PID    Runtime      # DAGs    # Errors  Last Runtime    Last Run
---------------------------------------  -----  ---------  --------  ----------  --------------  -------------------
/opt/airflow/dags/abc_phones_etl_dag.py                           1           0  0.89s           2026-05-12T11:18:02
================================================================================
[2026-05-12T11:18:47.702+0000] {manager.py:878} INFO - 
================================================================================
DAG File Processing Stats

File Path                                PID    Runtime      # DAGs    # Errors  Last Runtime    Last Run
---------------------------------------  -----  ---------  --------  ----------  --------------  -------------------
/opt/airflow/dags/abc_phones_etl_dag.py                           1           0  1.20s           2026-05-12T11:18:33
================================================================================
[2026-05-12T11:19:12.936+0000] {manager.py:737} INFO - Searching for files in /opt/airflow/dags
[2026-05-12T11:19:12.982+0000] {manager.py:740} INFO - There are 1 files in /opt/airflow/dags
[2026-05-12T11:19:18.200+0000] {manager.py:878} INFO - 
================================================================================
DAG File Processing Stats

File Path                                PID    Runtime      # DAGs    # Errors  Last Runtime    Last Run
---------------------------------------  -----  ---------  --------  ----------  --------------  -------------------
/opt/airflow/dags/abc_phones_etl_dag.py                           1           0  1.26s           2026-05-12T11:19:05
================================================================================
[2026-05-12T11:19:48.617+0000] {manager.py:878} INFO - 
================================================================================
DAG File Processing Stats

File Path                                PID    Runtime      # DAGs    # Errors  Last Runtime    Last Run
---------------------------------------  -----  ---------  --------  ----------  --------------  -------------------
/opt/airflow/dags/abc_phones_etl_dag.py                           1           0  2.32s           2026-05-12T11:19:37
================================================================================
[2026-05-12T11:20:19.039+0000] {manager.py:878} INFO - 
================================================================================
DAG File Processing Stats

File Path                                PID    Runtime      # DAGs    # Errors  Last Runtime    Last Run
---------------------------------------  -----  ---------  --------  ----------  --------------  -------------------
/opt/airflow/dags/abc_phones_etl_dag.py                           1           0  8.66s           2026-05-12T11:20:16
================================================================================
[2026-05-12T11:20:49.662+0000] {manager.py:878} INFO - 
================================================================================
DAG File Processing Stats

File Path                                  PID  Runtime      # DAGs    # Errors  Last Runtime    Last Run
---------------------------------------  -----  ---------  --------  ----------  --------------  -------------------
/opt/airflow/dags/abc_phones_etl_dag.py     94  2.02s             1           0  8.66s           2026-05-12T11:20:16
================================================================================
[2026-05-12T11:21:19.919+0000] {manager.py:878} INFO - 
================================================================================
DAG File Processing Stats

File Path                                  PID  Runtime      # DAGs    # Errors  Last Runtime    Last Run
---------------------------------------  -----  ---------  --------  ----------  --------------  -------------------
/opt/airflow/dags/abc_phones_etl_dag.py    102  0.01s             1           0  2.18s           2026-05-12T11:20:49
================================================================================
[2026-05-12T11:21:50.194+0000] {manager.py:878} INFO - 
================================================================================
DAG File Processing Stats

File Path                                PID    Runtime      # DAGs    # Errors  Last Runtime    Last Run
---------------------------------------  -----  ---------  --------  ----------  --------------  -------------------
/opt/airflow/dags/abc_phones_etl_dag.py                           1           0  5.11s           2026-05-12T11:21:25
================================================================================
[2026-05-12T11:22:20.901+0000] {manager.py:878} INFO - 
================================================================================
DAG File Processing Stats

File Path                                PID    Runtime      # DAGs    # Errors  Last Runtime    Last Run
---------------------------------------  -----  ---------  --------  ----------  --------------  -------------------
/opt/airflow/dags/abc_phones_etl_dag.py                           1           0  1.82s           2026-05-12T11:22:19
================================================================================
[2026-05-12T11:22:51.381+0000] {manager.py:878} INFO - 
================================================================================
DAG File Processing Stats

File Path                                PID    Runtime      # DAGs    # Errors  Last Runtime    Last Run
---------------------------------------  -----  ---------  --------  ----------  --------------  -------------------
/opt/airflow/dags/abc_phones_etl_dag.py                           1           0  1.10s           2026-05-12T11:22:29
================================================================================
[2026-05-12T11:23:21.686+0000] {manager.py:878} INFO - 
================================================================================
DAG File Processing Stats

File Path                                PID    Runtime      # DAGs    # Errors  Last Runtime    Last Run
---------------------------------------  -----  ---------  --------  ----------  --------------  -------------------
/opt/airflow/dags/abc_phones_etl_dag.py                           1           0  1.15s           2026-05-12T11:23:00
================================================================================
[2026-05-12T11:23:52.151+0000] {manager.py:878} INFO - 
================================================================================
DAG File Processing Stats

File Path                                PID    Runtime      # DAGs    # Errors  Last Runtime    Last Run
---------------------------------------  -----  ---------  --------  ----------  --------------  -------------------
/opt/airflow/dags/abc_phones_etl_dag.py                           1           0  0.71s           2026-05-12T11:23:31
================================================================================
[2026-05-12T11:24:13.261+0000] {manager.py:737} INFO - Searching for files in /opt/airflow/dags
[2026-05-12T11:24:13.319+0000] {manager.py:740} INFO - There are 1 files in /opt/airflow/dags
[2026-05-12T11:24:22.422+0000] {manager.py:878} INFO - 
================================================================================
DAG File Processing Stats

File Path                                PID    Runtime      # DAGs    # Errors  Last Runtime    Last Run
---------------------------------------  -----  ---------  --------  ----------  --------------  -------------------
/opt/airflow/dags/abc_phones_etl_dag.py                           1           0  1.56s           2026-05-12T11:24:03
================================================================================
[2026-05-12T11:24:52.521+0000] {manager.py:878} INFO - 
================================================================================
DAG File Processing Stats

File Path                                PID    Runtime      # DAGs    # Errors  Last Runtime    Last Run
---------------------------------------  -----  ---------  --------  ----------  --------------  -------------------
/opt/airflow/dags/abc_phones_etl_dag.py                           1           0  4.38s           2026-05-12T11:24:38
================================================================================
[2026-05-12T11:25:23.016+0000] {manager.py:878} INFO - 
================================================================================
DAG File Processing Stats

File Path                                PID    Runtime      # DAGs    # Errors  Last Runtime    Last Run
---------------------------------------  -----  ---------  --------  ----------  --------------  -------------------
/opt/airflow/dags/abc_phones_etl_dag.py                           1           0  1.81s           2026-05-12T11:25:10
================================================================================
[2026-05-12T11:25:53.200+0000] {manager.py:878} INFO - 
================================================================================
DAG File Processing Stats

File Path                                PID    Runtime      # DAGs    # Errors  Last Runtime    Last Run
---------------------------------------  -----  ---------  --------  ----------  --------------  -------------------
/opt/airflow/dags/abc_phones_etl_dag.py                           1           0  0.85s           2026-05-12T11:25:41
================================================================================
[2026-05-12T11:26:23.382+0000] {manager.py:878} INFO - 
================================================================================
DAG File Processing Stats

File Path                                PID    Runtime      # DAGs    # Errors  Last Runtime    Last Run
---------------------------------------  -----  ---------  --------  ----------  --------------  -------------------
/opt/airflow/dags/abc_phones_etl_dag.py                           1           0  0.75s           2026-05-12T11:26:12
================================================================================
[2026-05-12T11:26:54.300+0000] {manager.py:878} INFO - 
================================================================================
DAG File Processing Stats

File Path                                PID    Runtime      # DAGs    # Errors  Last Runtime    Last Run
---------------------------------------  -----  ---------  --------  ----------  --------------  -------------------
/opt/airflow/dags/abc_phones_etl_dag.py                           1           0  0.97s           2026-05-12T11:26:44
================================================================================
[2026-05-12T11:27:24.444+0000] {manager.py:878} INFO - 
================================================================================
DAG File Processing Stats

File Path                                PID    Runtime      # DAGs    # Errors  Last Runtime    Last Run
---------------------------------------  -----  ---------  --------  ----------  --------------  -------------------
/opt/airflow/dags/abc_phones_etl_dag.py                           1           0  0.80s           2026-05-12T11:27:15
================================================================================
[2026-05-12T11:27:54.871+0000] {manager.py:878} INFO - 
================================================================================
DAG File Processing Stats

File Path                                PID    Runtime      # DAGs    # Errors  Last Runtime    Last Run
---------------------------------------  -----  ---------  --------  ----------  --------------  -------------------
/opt/airflow/dags/abc_phones_etl_dag.py                           1           0  1.02s           2026-05-12T11:27:46
================================================================================
[2026-05-12T11:28:25.792+0000] {manager.py:878} INFO - 
================================================================================
DAG File Processing Stats

File Path                                  PID  Runtime      # DAGs    # Errors  Last Runtime    Last Run
---------------------------------------  -----  ---------  --------  ----------  --------------  -------------------
/opt/airflow/dags/abc_phones_etl_dag.py    136  7.92s             1           0  1.02s           2026-05-12T11:27:46
================================================================================
[2026-05-12T11:28:55.980+0000] {manager.py:878} INFO - 
================================================================================
DAG File Processing Stats

File Path                                PID    Runtime      # DAGs    # Errors  Last Runtime    Last Run
---------------------------------------  -----  ---------  --------  ----------  --------------  -------------------
/opt/airflow/dags/abc_phones_etl_dag.py                           1           0  2.48s           2026-05-12T11:28:39
================================================================================
[2026-05-12T11:29:13.506+0000] {manager.py:737} INFO - Searching for files in /opt/airflow/dags
[2026-05-12T11:29:13.726+0000] {manager.py:740} INFO - There are 1 files in /opt/airflow/dags
[2026-05-12T11:29:26.105+0000] {manager.py:878} INFO - 
================================================================================
DAG File Processing Stats

File Path                                PID    Runtime      # DAGs    # Errors  Last Runtime    Last Run
---------------------------------------  -----  ---------  --------  ----------  --------------  -------------------
/opt/airflow/dags/abc_phones_etl_dag.py                           1           0  0.84s           2026-05-12T11:29:10
================================================================================
[2026-05-12T11:29:56.140+0000] {manager.py:878} INFO - 
================================================================================
DAG File Processing Stats

File Path                                PID    Runtime      # DAGs    # Errors  Last Runtime    Last Run
---------------------------------------  -----  ---------  --------  ----------  --------------  -------------------
/opt/airflow/dags/abc_phones_etl_dag.py                           1           0  0.72s           2026-05-12T11:29:41
================================================================================
[2026-05-12T11:30:26.339+0000] {manager.py:878} INFO - 
================================================================================
DAG File Processing Stats

File Path                                PID    Runtime      # DAGs    # Errors  Last Runtime    Last Run
---------------------------------------  -----  ---------  --------  ----------  --------------  -------------------
/opt/airflow/dags/abc_phones_etl_dag.py                           1           0  0.80s           2026-05-12T11:30:12
================================================================================
[2026-05-12T11:30:56.396+0000] {manager.py:878} INFO - 
================================================================================
DAG File Processing Stats

File Path                                PID    Runtime      # DAGs    # Errors  Last Runtime    Last Run
---------------------------------------  -----  ---------  --------  ----------  --------------  -------------------
/opt/airflow/dags/abc_phones_etl_dag.py                           1           0  3.81s           2026-05-12T11:30:46
================================================================================
[2026-05-12T11:31:27.091+0000] {manager.py:878} INFO - 
================================================================================
DAG File Processing Stats

File Path                                PID    Runtime      # DAGs    # Errors  Last Runtime    Last Run
---------------------------------------  -----  ---------  --------  ----------  --------------  -------------------
/opt/airflow/dags/abc_phones_etl_dag.py                           1           0  0.56s           2026-05-12T11:31:17
================================================================================
[2026-05-12T11:31:57.093+0000] {manager.py:878} INFO - 
================================================================================
DAG File Processing Stats

File Path                                PID    Runtime      # DAGs    # Errors  Last Runtime    Last Run
---------------------------------------  -----  ---------  --------  ----------  --------------  -------------------
/opt/airflow/dags/abc_phones_etl_dag.py                           1           0  0.76s           2026-05-12T11:31:48
================================================================================
[2026-05-12T11:32:27.829+0000] {manager.py:878} INFO - 
================================================================================
DAG File Processing Stats

File Path                                PID    Runtime      # DAGs    # Errors  Last Runtime    Last Run
---------------------------------------  -----  ---------  --------  ----------  --------------  -------------------
/opt/airflow/dags/abc_phones_etl_dag.py                           1           0  0.62s           2026-05-12T11:32:18
================================================================================
[2026-05-12T11:32:58.023+0000] {manager.py:878} INFO - 
================================================================================
DAG File Processing Stats

File Path                                PID    Runtime      # DAGs    # Errors  Last Runtime    Last Run
---------------------------------------  -----  ---------  --------  ----------  --------------  -------------------
/opt/airflow/dags/abc_phones_etl_dag.py                           1           0  0.92s           2026-05-12T11:32:49
================================================================================
[2026-05-12T11:33:28.098+0000] {manager.py:878} INFO - 
================================================================================
DAG File Processing Stats

File Path                                PID    Runtime      # DAGs    # Errors  Last Runtime    Last Run
---------------------------------------  -----  ---------  --------  ----------  --------------  -------------------
/opt/airflow/dags/abc_phones_etl_dag.py                           1           0  0.64s           2026-05-12T11:33:21
================================================================================
[2026-05-12T11:33:58.383+0000] {manager.py:878} INFO - 
================================================================================
DAG File Processing Stats

File Path                                PID    Runtime      # DAGs    # Errors  Last Runtime    Last Run
---------------------------------------  -----  ---------  --------  ----------  --------------  -------------------
/opt/airflow/dags/abc_phones_etl_dag.py                           1           0  1.01s           2026-05-12T11:33:52
================================================================================
[2026-05-12T11:34:13.524+0000] {manager.py:737} INFO - Searching for files in /opt/airflow/dags
[2026-05-12T11:34:13.543+0000] {manager.py:740} INFO - There are 1 files in /opt/airflow/dags
[2026-05-12T11:34:29.048+0000] {manager.py:878} INFO - 
================================================================================
DAG File Processing Stats

File Path                                PID    Runtime      # DAGs    # Errors  Last Runtime    Last Run
---------------------------------------  -----  ---------  --------  ----------  --------------  -------------------
/opt/airflow/dags/abc_phones_etl_dag.py                           1           0  0.53s           2026-05-12T11:34:23
================================================================================
[2026-05-12T11:34:59.424+0000] {manager.py:878} INFO - 
================================================================================
DAG File Processing Stats

File Path                                PID    Runtime      # DAGs    # Errors  Last Runtime    Last Run
---------------------------------------  -----  ---------  --------  ----------  --------------  -------------------
/opt/airflow/dags/abc_phones_etl_dag.py                           1           0  0.54s           2026-05-12T11:34:53
================================================================================
[2026-05-12T11:35:29.595+0000] {manager.py:878} INFO - 
================================================================================
DAG File Processing Stats

File Path                                PID    Runtime      # DAGs    # Errors  Last Runtime    Last Run
---------------------------------------  -----  ---------  --------  ----------  --------------  -------------------
/opt/airflow/dags/abc_phones_etl_dag.py                           1           0  0.53s           2026-05-12T11:35:24
================================================================================
[2026-05-12T11:36:00.251+0000] {manager.py:878} INFO - 
================================================================================
DAG File Processing Stats

File Path                                PID    Runtime      # DAGs    # Errors  Last Runtime    Last Run
---------------------------------------  -----  ---------  --------  ----------  --------------  -------------------
/opt/airflow/dags/abc_phones_etl_dag.py                           1           0  0.52s           2026-05-12T11:35:55
================================================================================
[2026-05-12T11:36:30.484+0000] {manager.py:878} INFO - 
================================================================================
DAG File Processing Stats

File Path                                PID    Runtime      # DAGs    # Errors  Last Runtime    Last Run
---------------------------------------  -----  ---------  --------  ----------  --------------  -------------------
/opt/airflow/dags/abc_phones_etl_dag.py                           1           0  0.64s           2026-05-12T11:36:26
================================================================================
[2026-05-12T11:37:00.512+0000] {manager.py:878} INFO - 
================================================================================
DAG File Processing Stats

File Path                                PID    Runtime      # DAGs    # Errors  Last Runtime    Last Run
---------------------------------------  -----  ---------  --------  ----------  --------------  -------------------
/opt/airflow/dags/abc_phones_etl_dag.py                           1           0  1.18s           2026-05-12T11:36:57
================================================================================
[2026-05-12T11:37:30.692+0000] {manager.py:878} INFO - 
================================================================================
DAG File Processing Stats

File Path                                PID    Runtime      # DAGs    # Errors  Last Runtime    Last Run
---------------------------------------  -----  ---------  --------  ----------  --------------  -------------------
/opt/airflow/dags/abc_phones_etl_dag.py                           1           0  0.64s           2026-05-12T11:37:28
================================================================================
[2026-05-12T11:38:00.984+0000] {manager.py:878} INFO - 
================================================================================
DAG File Processing Stats

File Path                                PID    Runtime      # DAGs    # Errors  Last Runtime    Last Run
---------------------------------------  -----  ---------  --------  ----------  --------------  -------------------
/opt/airflow/dags/abc_phones_etl_dag.py                           1           0  2.00s           2026-05-12T11:38:00
================================================================================
[2026-05-12T11:38:31.062+0000] {manager.py:878} INFO - 
================================================================================
DAG File Processing Stats

File Path                                  PID  Runtime      # DAGs    # Errors  Last Runtime    Last Run
---------------------------------------  -----  ---------  --------  ----------  --------------  -------------------
/opt/airflow/dags/abc_phones_etl_dag.py    182  0.01s             1           0  2.00s           2026-05-12T11:38:00
================================================================================
[2026-05-12T11:39:01.766+0000] {manager.py:878} INFO - 
================================================================================
DAG File Processing Stats

File Path                                PID    Runtime      # DAGs    # Errors  Last Runtime    Last Run
---------------------------------------  -----  ---------  --------  ----------  --------------  -------------------
/opt/airflow/dags/abc_phones_etl_dag.py                           1           0  1.53s           2026-05-12T11:38:32
================================================================================
[2026-05-12T11:39:13.972+0000] {manager.py:737} INFO - Searching for files in /opt/airflow/dags
[2026-05-12T11:39:14.011+0000] {manager.py:740} INFO - There are 1 files in /opt/airflow/dags
[2026-05-12T11:39:32.205+0000] {manager.py:878} INFO - 
================================================================================
DAG File Processing Stats

File Path                                PID    Runtime      # DAGs    # Errors  Last Runtime    Last Run
---------------------------------------  -----  ---------  --------  ----------  --------------  -------------------
/opt/airflow/dags/abc_phones_etl_dag.py                           1           0  1.06s           2026-05-12T11:39:03
================================================================================
[2026-05-12T11:40:02.542+0000] {manager.py:878} INFO - 
================================================================================
DAG File Processing Stats

File Path                                PID    Runtime      # DAGs    # Errors  Last Runtime    Last Run
---------------------------------------  -----  ---------  --------  ----------  --------------  -------------------
/opt/airflow/dags/abc_phones_etl_dag.py                           1           0  1.39s           2026-05-12T11:39:35
================================================================================
[2026-05-12T11:40:33.122+0000] {manager.py:878} INFO - 
================================================================================
DAG File Processing Stats

File Path                                PID    Runtime      # DAGs    # Errors  Last Runtime    Last Run
---------------------------------------  -----  ---------  --------  ----------  --------------  -------------------
/opt/airflow/dags/abc_phones_etl_dag.py                           1           0  1.14s           2026-05-12T11:40:07
================================================================================
[2026-05-12T11:41:03.743+0000] {manager.py:878} INFO - 
================================================================================
DAG File Processing Stats

File Path                                PID    Runtime      # DAGs    # Errors  Last Runtime    Last Run
---------------------------------------  -----  ---------  --------  ----------  --------------  -------------------
/opt/airflow/dags/abc_phones_etl_dag.py                           1           0  1.39s           2026-05-12T11:40:38
================================================================================
[2026-05-12T11:41:34.079+0000] {manager.py:878} INFO - 
================================================================================
DAG File Processing Stats

File Path                                PID    Runtime      # DAGs    # Errors  Last Runtime    Last Run
---------------------------------------  -----  ---------  --------  ----------  --------------  -------------------
/opt/airflow/dags/abc_phones_etl_dag.py                           1           0  1.22s           2026-05-12T11:41:10
================================================================================
[2026-05-12T11:42:04.270+0000] {manager.py:878} INFO - 
================================================================================
DAG File Processing Stats

File Path                                PID    Runtime      # DAGs    # Errors  Last Runtime    Last Run
---------------------------------------  -----  ---------  --------  ----------  --------------  -------------------
/opt/airflow/dags/abc_phones_etl_dag.py                           1           0  0.75s           2026-05-12T11:41:40
================================================================================
[2026-05-12T11:42:34.448+0000] {manager.py:878} INFO - 
================================================================================
DAG File Processing Stats

File Path                                PID    Runtime      # DAGs    # Errors  Last Runtime    Last Run
---------------------------------------  -----  ---------  --------  ----------  --------------  -------------------
/opt/airflow/dags/abc_phones_etl_dag.py                           1           0  0.93s           2026-05-12T11:42:11
================================================================================
[2026-05-12T11:43:04.662+0000] {manager.py:878} INFO - 
================================================================================
DAG File Processing Stats

File Path                                PID    Runtime      # DAGs    # Errors  Last Runtime    Last Run
---------------------------------------  -----  ---------  --------  ----------  --------------  -------------------
/opt/airflow/dags/abc_phones_etl_dag.py                           1           0  1.35s           2026-05-12T11:42:43
================================================================================
[2026-05-12T11:43:34.881+0000] {manager.py:878} INFO - 
================================================================================
DAG File Processing Stats

File Path                                PID    Runtime      # DAGs    # Errors  Last Runtime    Last Run
---------------------------------------  -----  ---------  --------  ----------  --------------  -------------------
/opt/airflow/dags/abc_phones_etl_dag.py                           1           0  2.38s           2026-05-12T11:43:16
================================================================================
[2026-05-12T11:44:05.056+0000] {manager.py:878} INFO - 
================================================================================
DAG File Processing Stats

File Path                                PID    Runtime      # DAGs    # Errors  Last Runtime    Last Run
---------------------------------------  -----  ---------  --------  ----------  --------------  -------------------
/opt/airflow/dags/abc_phones_etl_dag.py                           1           0  0.75s           2026-05-12T11:43:47
================================================================================
[2026-05-12T11:44:14.111+0000] {manager.py:737} INFO - Searching for files in /opt/airflow/dags
[2026-05-12T11:44:14.147+0000] {manager.py:740} INFO - There are 1 files in /opt/airflow/dags
[2026-05-12T11:44:35.302+0000] {manager.py:878} INFO - 
================================================================================
DAG File Processing Stats

File Path                                PID    Runtime      # DAGs    # Errors  Last Runtime    Last Run
---------------------------------------  -----  ---------  --------  ----------  --------------  -------------------
/opt/airflow/dags/abc_phones_etl_dag.py                           1           0  0.64s           2026-05-12T11:44:17
================================================================================
[2026-05-12T11:45:05.462+0000] {manager.py:878} INFO - 
================================================================================
DAG File Processing Stats

File Path                                PID    Runtime      # DAGs    # Errors  Last Runtime    Last Run
---------------------------------------  -----  ---------  --------  ----------  --------------  -------------------
/opt/airflow/dags/abc_phones_etl_dag.py                           1           0  0.63s           2026-05-12T11:44:48
================================================================================
[2026-05-12T11:45:35.754+0000] {manager.py:878} INFO - 
================================================================================
DAG File Processing Stats

File Path                                PID    Runtime      # DAGs    # Errors  Last Runtime    Last Run
---------------------------------------  -----  ---------  --------  ----------  --------------  -------------------
/opt/airflow/dags/abc_phones_etl_dag.py                           1           0  0.81s           2026-05-12T11:45:19
================================================================================
[2026-05-12T11:46:06.020+0000] {manager.py:878} INFO - 
================================================================================
DAG File Processing Stats

File Path                                PID    Runtime      # DAGs    # Errors  Last Runtime    Last Run
---------------------------------------  -----  ---------  --------  ----------  --------------  -------------------
/opt/airflow/dags/abc_phones_etl_dag.py                           1           0  1.01s           2026-05-12T11:45:50
================================================================================
[2026-05-12T11:46:36.237+0000] {manager.py:878} INFO - 
================================================================================
DAG File Processing Stats

File Path                                PID    Runtime      # DAGs    # Errors  Last Runtime    Last Run
---------------------------------------  -----  ---------  --------  ----------  --------------  -------------------
/opt/airflow/dags/abc_phones_etl_dag.py                           1           0  1.14s           2026-05-12T11:46:22
================================================================================
[2026-05-12T11:47:06.569+0000] {manager.py:878} INFO - 
================================================================================
DAG File Processing Stats

File Path                                PID    Runtime      # DAGs    # Errors  Last Runtime    Last Run
---------------------------------------  -----  ---------  --------  ----------  --------------  -------------------
/opt/airflow/dags/abc_phones_etl_dag.py                           1           0  0.71s           2026-05-12T11:46:53
================================================================================
[2026-05-12T11:47:36.754+0000] {manager.py:878} INFO - 
================================================================================
DAG File Processing Stats

File Path                                PID    Runtime      # DAGs    # Errors  Last Runtime    Last Run
---------------------------------------  -----  ---------  --------  ----------  --------------  -------------------
/opt/airflow/dags/abc_phones_etl_dag.py                           1           0  0.76s           2026-05-12T11:47:24
================================================================================
[2026-05-12T11:48:06.939+0000] {manager.py:878} INFO - 
================================================================================
DAG File Processing Stats

File Path                                PID    Runtime      # DAGs    # Errors  Last Runtime    Last Run
---------------------------------------  -----  ---------  --------  ----------  --------------  -------------------
/opt/airflow/dags/abc_phones_etl_dag.py                           1           0  0.74s           2026-05-12T11:47:55
================================================================================
[2026-05-12T11:48:37.136+0000] {manager.py:878} INFO - 
================================================================================
DAG File Processing Stats

File Path                                PID    Runtime      # DAGs    # Errors  Last Runtime    Last Run
---------------------------------------  -----  ---------  --------  ----------  --------------  -------------------
/opt/airflow/dags/abc_phones_etl_dag.py                           1           0  0.76s           2026-05-12T11:48:26
================================================================================
[2026-05-12T11:49:07.429+0000] {manager.py:878} INFO - 
================================================================================
DAG File Processing Stats

File Path                                PID    Runtime      # DAGs    # Errors  Last Runtime    Last Run
---------------------------------------  -----  ---------  --------  ----------  --------------  -------------------
/opt/airflow/dags/abc_phones_etl_dag.py                           1           0  1.17s           2026-05-12T11:48:57
================================================================================
[2026-05-12T11:49:14.473+0000] {manager.py:737} INFO - Searching for files in /opt/airflow/dags
[2026-05-12T11:49:14.505+0000] {manager.py:740} INFO - There are 1 files in /opt/airflow/dags
[2026-05-12T11:49:37.494+0000] {manager.py:878} INFO - 
================================================================================
DAG File Processing Stats

File Path                                PID    Runtime      # DAGs    # Errors  Last Runtime    Last Run
---------------------------------------  -----  ---------  --------  ----------  --------------  -------------------
/opt/airflow/dags/abc_phones_etl_dag.py                           1           0  0.68s           2026-05-12T11:49:28
================================================================================
[2026-05-12T11:50:07.685+0000] {manager.py:878} INFO - 
================================================================================
DAG File Processing Stats

File Path                                PID    Runtime      # DAGs    # Errors  Last Runtime    Last Run
---------------------------------------  -----  ---------  --------  ----------  --------------  -------------------
/opt/airflow/dags/abc_phones_etl_dag.py                           1           0  0.82s           2026-05-12T11:49:59
================================================================================
[2026-05-12T11:50:38.064+0000] {manager.py:878} INFO - 
================================================================================
DAG File Processing Stats

File Path                                PID    Runtime      # DAGs    # Errors  Last Runtime    Last Run
---------------------------------------  -----  ---------  --------  ----------  --------------  -------------------
/opt/airflow/dags/abc_phones_etl_dag.py                           1           0  1.00s           2026-05-12T11:50:31
================================================================================
[2026-05-12T11:51:08.266+0000] {manager.py:878} INFO - 
================================================================================
DAG File Processing Stats

File Path                                PID    Runtime      # DAGs    # Errors  Last Runtime    Last Run
---------------------------------------  -----  ---------  --------  ----------  --------------  -------------------
/opt/airflow/dags/abc_phones_etl_dag.py                           1           0  1.52s           2026-05-12T11:51:03
================================================================================
[2026-05-12T11:51:38.459+0000] {manager.py:878} INFO - 
================================================================================
DAG File Processing Stats

File Path                                PID    Runtime      # DAGs    # Errors  Last Runtime    Last Run
---------------------------------------  -----  ---------  --------  ----------  --------------  -------------------
/opt/airflow/dags/abc_phones_etl_dag.py                           1           0  1.09s           2026-05-12T11:51:34
================================================================================
[2026-05-12T11:52:08.569+0000] {manager.py:878} INFO - 
================================================================================
DAG File Processing Stats

File Path                                PID    Runtime      # DAGs    # Errors  Last Runtime    Last Run
---------------------------------------  -----  ---------  --------  ----------  --------------  -------------------
/opt/airflow/dags/abc_phones_etl_dag.py                           1           0  0.91s           2026-05-12T11:52:05
================================================================================
[2026-05-12T11:52:38.575+0000] {manager.py:878} INFO - 
================================================================================
DAG File Processing Stats

File Path                                PID    Runtime      # DAGs    # Errors  Last Runtime    Last Run
---------------------------------------  -----  ---------  --------  ----------  --------------  -------------------
/opt/airflow/dags/abc_phones_etl_dag.py                           1           0  0.81s           2026-05-12T11:52:36
================================================================================
[2026-05-12T11:53:08.853+0000] {manager.py:878} INFO - 
================================================================================
DAG File Processing Stats

File Path                                PID    Runtime      # DAGs    # Errors  Last Runtime    Last Run
---------------------------------------  -----  ---------  --------  ----------  --------------  -------------------
/opt/airflow/dags/abc_phones_etl_dag.py                           1           0  0.86s           2026-05-12T11:53:07
================================================================================
[2026-05-12T11:53:39.012+0000] {manager.py:878} INFO - 
================================================================================
DAG File Processing Stats

File Path                                PID    Runtime      # DAGs    # Errors  Last Runtime    Last Run
---------------------------------------  -----  ---------  --------  ----------  --------------  -------------------
/opt/airflow/dags/abc_phones_etl_dag.py                           1           0  0.90s           2026-05-12T11:53:39
================================================================================
[2026-05-12T11:54:09.071+0000] {manager.py:878} INFO - 
================================================================================
DAG File Processing Stats

File Path                                  PID  Runtime      # DAGs    # Errors  Last Runtime    Last Run
---------------------------------------  -----  ---------  --------  ----------  --------------  -------------------
/opt/airflow/dags/abc_phones_etl_dag.py    284  0.01s             1           0  0.90s           2026-05-12T11:53:39
================================================================================
[2026-05-12T11:54:14.812+0000] {manager.py:737} INFO - Searching for files in /opt/airflow/dags
[2026-05-12T11:54:14.839+0000] {manager.py:740} INFO - There are 1 files in /opt/airflow/dags
[2026-05-12T11:54:39.499+0000] {manager.py:878} INFO - 
================================================================================
DAG File Processing Stats

File Path                                PID    Runtime      # DAGs    # Errors  Last Runtime    Last Run
---------------------------------------  -----  ---------  --------  ----------  --------------  -------------------
/opt/airflow/dags/abc_phones_etl_dag.py                           1           0  1.72s           2026-05-12T11:54:10
================================================================================
[2026-05-12T11:55:09.792+0000] {manager.py:878} INFO - 
================================================================================
DAG File Processing Stats

File Path                                PID    Runtime      # DAGs    # Errors  Last Runtime    Last Run
---------------------------------------  -----  ---------  --------  ----------  --------------  -------------------
/opt/airflow/dags/abc_phones_etl_dag.py                           1           0  1.91s           2026-05-12T11:54:42
================================================================================
[2026-05-12T11:55:40.544+0000] {manager.py:878} INFO - 
================================================================================
DAG File Processing Stats

File Path                                PID    Runtime      # DAGs    # Errors  Last Runtime    Last Run
---------------------------------------  -----  ---------  --------  ----------  --------------  -------------------
/opt/airflow/dags/abc_phones_etl_dag.py                           1           0  2.14s           2026-05-12T11:55:15
================================================================================
[2026-05-12T11:56:10.981+0000] {manager.py:878} INFO - 
================================================================================
DAG File Processing Stats

File Path                                PID    Runtime      # DAGs    # Errors  Last Runtime    Last Run
---------------------------------------  -----  ---------  --------  ----------  --------------  -------------------
/opt/airflow/dags/abc_phones_etl_dag.py                           1           0  1.25s           2026-05-12T11:55:46
================================================================================
[2026-05-12T11:56:41.020+0000] {manager.py:878} INFO - 
================================================================================
DAG File Processing Stats

File Path                                PID    Runtime      # DAGs    # Errors  Last Runtime    Last Run
---------------------------------------  -----  ---------  --------  ----------  --------------  -------------------
/opt/airflow/dags/abc_phones_etl_dag.py                           1           0  1.83s           2026-05-12T11:56:18
================================================================================
[2026-05-12T11:57:11.568+0000] {manager.py:878} INFO - 
================================================================================
DAG File Processing Stats

File Path                                PID    Runtime      # DAGs    # Errors  Last Runtime    Last Run
---------------------------------------  -----  ---------  --------  ----------  --------------  -------------------
/opt/airflow/dags/abc_phones_etl_dag.py                           1           0  0.71s           2026-05-12T11:56:49
================================================================================
[2026-05-12T11:57:42.220+0000] {manager.py:878} INFO - 
================================================================================
DAG File Processing Stats

File Path                                PID    Runtime      # DAGs    # Errors  Last Runtime    Last Run
---------------------------------------  -----  ---------  --------  ----------  --------------  -------------------
/opt/airflow/dags/abc_phones_etl_dag.py                           1           0  2.29s           2026-05-12T11:57:22
================================================================================
[2026-05-12T11:58:12.394+0000] {manager.py:878} INFO - 
================================================================================
DAG File Processing Stats

File Path                                PID    Runtime      # DAGs    # Errors  Last Runtime    Last Run
---------------------------------------  -----  ---------  --------  ----------  --------------  -------------------
/opt/airflow/dags/abc_phones_etl_dag.py                           1           0  0.75s           2026-05-12T11:57:53
================================================================================
[2026-05-12T11:58:42.778+0000] {manager.py:878} INFO - 
================================================================================
DAG File Processing Stats

File Path                                PID    Runtime      # DAGs    # Errors  Last Runtime    Last Run
---------------------------------------  -----  ---------  --------  ----------  --------------  -------------------
/opt/airflow/dags/abc_phones_etl_dag.py                           1           0  0.72s           2026-05-12T11:58:24
================================================================================
[2026-05-12T11:59:12.946+0000] {manager.py:878} INFO - 
================================================================================
DAG File Processing Stats

File Path                                PID    Runtime      # DAGs    # Errors  Last Runtime    Last Run
---------------------------------------  -----  ---------  --------  ----------  --------------  -------------------
/opt/airflow/dags/abc_phones_etl_dag.py                           1           0  0.55s           2026-05-12T11:58:54
================================================================================
[2026-05-12T11:59:14.957+0000] {manager.py:737} INFO - Searching for files in /opt/airflow/dags
[2026-05-12T11:59:14.976+0000] {manager.py:740} INFO - There are 1 files in /opt/airflow/dags
[2026-05-12T11:59:43.208+0000] {manager.py:878} INFO - 
================================================================================
DAG File Processing Stats

File Path                                PID    Runtime      # DAGs    # Errors  Last Runtime    Last Run
---------------------------------------  -----  ---------  --------  ----------  --------------  -------------------
/opt/airflow/dags/abc_phones_etl_dag.py                           1           0  0.75s           2026-05-12T11:59:25
================================================================================
[2026-05-12T12:00:13.523+0000] {manager.py:878} INFO - 
================================================================================
DAG File Processing Stats

File Path                                PID    Runtime      # DAGs    # Errors  Last Runtime    Last Run
---------------------------------------  -----  ---------  --------  ----------  --------------  -------------------
/opt/airflow/dags/abc_phones_etl_dag.py                           1           0  0.54s           2026-05-12T11:59:56
================================================================================
[2026-05-12T12:00:43.830+0000] {manager.py:878} INFO - 
================================================================================
DAG File Processing Stats

File Path                                PID    Runtime      # DAGs    # Errors  Last Runtime    Last Run
---------------------------------------  -----  ---------  --------  ----------  --------------  -------------------
/opt/airflow/dags/abc_phones_etl_dag.py                           1           0  0.74s           2026-05-12T12:00:27
================================================================================
[2026-05-12T12:01:14.110+0000] {manager.py:878} INFO - 
================================================================================
DAG File Processing Stats

File Path                                PID    Runtime      # DAGs    # Errors  Last Runtime    Last Run
---------------------------------------  -----  ---------  --------  ----------  --------------  -------------------
/opt/airflow/dags/abc_phones_etl_dag.py                           1           0  4.30s           2026-05-12T12:01:01
================================================================================
[2026-05-12T12:01:44.724+0000] {manager.py:878} INFO - 
================================================================================
DAG File Processing Stats

File Path                                PID    Runtime      # DAGs    # Errors  Last Runtime    Last Run
---------------------------------------  -----  ---------  --------  ----------  --------------  -------------------
/opt/airflow/dags/abc_phones_etl_dag.py                           1           0  1.69s           2026-05-12T12:01:34
================================================================================
[2026-05-12T12:02:15.073+0000] {manager.py:878} INFO - 
================================================================================
DAG File Processing Stats

File Path                                PID    Runtime      # DAGs    # Errors  Last Runtime    Last Run
---------------------------------------  -----  ---------  --------  ----------  --------------  -------------------
/opt/airflow/dags/abc_phones_etl_dag.py                           1           0  0.50s           2026-05-12T12:02:05
================================================================================
[2026-05-12T12:02:45.739+0000] {manager.py:878} INFO - 
================================================================================
DAG File Processing Stats

File Path                                PID    Runtime      # DAGs    # Errors  Last Runtime    Last Run
---------------------------------------  -----  ---------  --------  ----------  --------------  -------------------
/opt/airflow/dags/abc_phones_etl_dag.py                           1           0  0.53s           2026-05-12T12:02:35
================================================================================
[2026-05-12T12:03:15.947+0000] {manager.py:878} INFO - 
================================================================================
DAG File Processing Stats

File Path                                PID    Runtime      # DAGs    # Errors  Last Runtime    Last Run
---------------------------------------  -----  ---------  --------  ----------  --------------  -------------------
/opt/airflow/dags/abc_phones_etl_dag.py                           1           0  0.68s           2026-05-12T12:03:06
================================================================================
[2026-05-12T12:03:46.015+0000] {manager.py:878} INFO - 
================================================================================
DAG File Processing Stats

File Path                                PID    Runtime      # DAGs    # Errors  Last Runtime    Last Run
---------------------------------------  -----  ---------  --------  ----------  --------------  -------------------
/opt/airflow/dags/abc_phones_etl_dag.py                           1           0  0.84s           2026-05-12T12:03:37
================================================================================
[2026-05-12T12:04:15.208+0000] {manager.py:737} INFO - Searching for files in /opt/airflow/dags
[2026-05-12T12:04:15.229+0000] {manager.py:740} INFO - There are 1 files in /opt/airflow/dags
[2026-05-12T12:04:16.246+0000] {manager.py:878} INFO - 
================================================================================
DAG File Processing Stats

File Path                                PID    Runtime      # DAGs    # Errors  Last Runtime    Last Run
---------------------------------------  -----  ---------  --------  ----------  --------------  -------------------
/opt/airflow/dags/abc_phones_etl_dag.py                           1           0  0.78s           2026-05-12T12:04:09
================================================================================
[2026-05-12T12:04:46.322+0000] {manager.py:878} INFO - 
================================================================================
DAG File Processing Stats

File Path                                PID    Runtime      # DAGs    # Errors  Last Runtime    Last Run
---------------------------------------  -----  ---------  --------  ----------  --------------  -------------------
/opt/airflow/dags/abc_phones_etl_dag.py                           1           0  0.89s           2026-05-12T12:04:40
================================================================================
[2026-05-12T12:05:16.428+0000] {manager.py:878} INFO - 
================================================================================
DAG File Processing Stats

File Path                                PID    Runtime      # DAGs    # Errors  Last Runtime    Last Run
---------------------------------------  -----  ---------  --------  ----------  --------------  -------------------
/opt/airflow/dags/abc_phones_etl_dag.py                           1           0  0.82s           2026-05-12T12:05:11
================================================================================
[2026-05-12T12:05:46.614+0000] {manager.py:878} INFO - 
================================================================================
DAG File Processing Stats

File Path                                PID    Runtime      # DAGs    # Errors  Last Runtime    Last Run
---------------------------------------  -----  ---------  --------  ----------  --------------  -------------------
/opt/airflow/dags/abc_phones_etl_dag.py                           1           0  1.38s           2026-05-12T12:05:42
================================================================================
[2026-05-12T12:06:17.143+0000] {manager.py:878} INFO - 
================================================================================
DAG File Processing Stats

File Path                                PID    Runtime      # DAGs    # Errors  Last Runtime    Last Run
---------------------------------------  -----  ---------  --------  ----------  --------------  -------------------
/opt/airflow/dags/abc_phones_etl_dag.py                           1           0  0.52s           2026-05-12T12:06:13
================================================================================
[2026-05-12T12:06:47.554+0000] {manager.py:878} INFO - 
================================================================================
DAG File Processing Stats

File Path                                PID    Runtime      # DAGs    # Errors  Last Runtime    Last Run
---------------------------------------  -----  ---------  --------  ----------  --------------  -------------------
/opt/airflow/dags/abc_phones_etl_dag.py                           1           0  0.87s           2026-05-12T12:06:44
================================================================================
[2026-05-12T12:07:17.822+0000] {manager.py:878} INFO - 
================================================================================
DAG File Processing Stats

File Path                                PID    Runtime      # DAGs    # Errors  Last Runtime    Last Run
---------------------------------------  -----  ---------  --------  ----------  --------------  -------------------
/opt/airflow/dags/abc_phones_etl_dag.py                           1           0  0.68s           2026-05-12T12:07:15
================================================================================
[2026-05-12T12:07:47.986+0000] {manager.py:878} INFO - 
================================================================================
DAG File Processing Stats

File Path                                PID    Runtime      # DAGs    # Errors  Last Runtime    Last Run
---------------------------------------  -----  ---------  --------  ----------  --------------  -------------------
/opt/airflow/dags/abc_phones_etl_dag.py                           1           0  0.71s           2026-05-12T12:07:46
================================================================================
[2026-05-12T12:08:18.115+0000] {manager.py:878} INFO - 
================================================================================
DAG File Processing Stats

File Path                                PID    Runtime      # DAGs    # Errors  Last Runtime    Last Run
---------------------------------------  -----  ---------  --------  ----------  --------------  -------------------
/opt/airflow/dags/abc_phones_etl_dag.py                           1           0  0.67s           2026-05-12T12:08:17
================================================================================
[2026-05-12T12:08:48.710+0000] {manager.py:878} INFO - 
================================================================================
DAG File Processing Stats

File Path                                PID    Runtime      # DAGs    # Errors  Last Runtime    Last Run
---------------------------------------  -----  ---------  --------  ----------  --------------  -------------------
/opt/airflow/dags/abc_phones_etl_dag.py                           1           0  0.59s           2026-05-12T12:08:47
================================================================================
[2026-05-12T12:09:15.940+0000] {manager.py:737} INFO - Searching for files in /opt/airflow/dags
[2026-05-12T12:09:15.958+0000] {manager.py:740} INFO - There are 1 files in /opt/airflow/dags
[2026-05-12T12:09:19.212+0000] {manager.py:878} INFO - 
================================================================================
DAG File Processing Stats

File Path                                PID    Runtime      # DAGs    # Errors  Last Runtime    Last Run
---------------------------------------  -----  ---------  --------  ----------  --------------  -------------------
/opt/airflow/dags/abc_phones_etl_dag.py                           1           0  0.61s           2026-05-12T12:09:18
================================================================================
[2026-05-12T12:09:49.391+0000] {manager.py:878} INFO - 
================================================================================
DAG File Processing Stats

File Path                                  PID  Runtime      # DAGs    # Errors  Last Runtime    Last Run
---------------------------------------  -----  ---------  --------  ----------  --------------  -------------------
/opt/airflow/dags/abc_phones_etl_dag.py    368  0.61s             1           0  0.61s           2026-05-12T12:09:18
================================================================================
[2026-05-12T12:10:19.791+0000] {manager.py:878} INFO - 
================================================================================
DAG File Processing Stats

File Path                                  PID  Runtime      # DAGs    # Errors  Last Runtime    Last Run
---------------------------------------  -----  ---------  --------  ----------  --------------  -------------------
/opt/airflow/dags/abc_phones_etl_dag.py    370  0.01s             1           0  0.86s           2026-05-12T12:09:49
================================================================================
[2026-05-12T12:10:50.011+0000] {manager.py:878} INFO - 
================================================================================
DAG File Processing Stats

File Path                                PID    Runtime      # DAGs    # Errors  Last Runtime    Last Run
---------------------------------------  -----  ---------  --------  ----------  --------------  -------------------
/opt/airflow/dags/abc_phones_etl_dag.py                           1           0  1.93s           2026-05-12T12:10:21
================================================================================
[2026-05-12T12:11:20.519+0000] {manager.py:878} INFO - 
================================================================================
DAG File Processing Stats

File Path                                PID    Runtime      # DAGs    # Errors  Last Runtime    Last Run
---------------------------------------  -----  ---------  --------  ----------  --------------  -------------------
/opt/airflow/dags/abc_phones_etl_dag.py                           1           0  2.36s           2026-05-12T12:10:54
================================================================================
[2026-05-12T12:11:50.949+0000] {manager.py:878} INFO - 
================================================================================
DAG File Processing Stats

File Path                                PID    Runtime      # DAGs    # Errors  Last Runtime    Last Run
---------------------------------------  -----  ---------  --------  ----------  --------------  -------------------
/opt/airflow/dags/abc_phones_etl_dag.py                           1           0  0.51s           2026-05-12T12:11:25
================================================================================
[2026-05-12T12:12:21.148+0000] {manager.py:878} INFO - 
================================================================================
DAG File Processing Stats

File Path                                PID    Runtime      # DAGs    # Errors  Last Runtime    Last Run
---------------------------------------  -----  ---------  --------  ----------  --------------  -------------------
/opt/airflow/dags/abc_phones_etl_dag.py                           1           0  0.54s           2026-05-12T12:11:55
================================================================================
[2026-05-12T12:12:51.560+0000] {manager.py:878} INFO - 
================================================================================
DAG File Processing Stats

File Path                                PID    Runtime      # DAGs    # Errors  Last Runtime    Last Run
---------------------------------------  -----  ---------  --------  ----------  --------------  -------------------
/opt/airflow/dags/abc_phones_etl_dag.py                           1           0  0.61s           2026-05-12T12:12:26
================================================================================
[2026-05-12T12:13:21.928+0000] {manager.py:878} INFO - 
================================================================================
DAG File Processing Stats

File Path                                PID    Runtime      # DAGs    # Errors  Last Runtime    Last Run
---------------------------------------  -----  ---------  --------  ----------  --------------  -------------------
/opt/airflow/dags/abc_phones_etl_dag.py                           1           0  0.76s           2026-05-12T12:12:57
================================================================================
[2026-05-12T12:13:52.414+0000] {manager.py:878} INFO - 
================================================================================
DAG File Processing Stats

File Path                                PID    Runtime      # DAGs    # Errors  Last Runtime    Last Run
---------------------------------------  -----  ---------  --------  ----------  --------------  -------------------
/opt/airflow/dags/abc_phones_etl_dag.py                           1           0  0.81s           2026-05-12T12:13:28
================================================================================
[2026-05-12T12:14:16.617+0000] {manager.py:737} INFO - Searching for files in /opt/airflow/dags
[2026-05-12T12:14:16.640+0000] {manager.py:740} INFO - There are 1 files in /opt/airflow/dags
[2026-05-12T12:14:22.833+0000] {manager.py:878} INFO - 
================================================================================
DAG File Processing Stats

File Path                                PID    Runtime      # DAGs    # Errors  Last Runtime    Last Run
---------------------------------------  -----  ---------  --------  ----------  --------------  -------------------
/opt/airflow/dags/abc_phones_etl_dag.py                           1           0  1.32s           2026-05-12T12:14:00
================================================================================
[2026-05-12T12:14:53.127+0000] {manager.py:878} INFO - 
================================================================================
DAG File Processing Stats

File Path                                PID    Runtime      # DAGs    # Errors  Last Runtime    Last Run
---------------------------------------  -----  ---------  --------  ----------  --------------  -------------------
/opt/airflow/dags/abc_phones_etl_dag.py                           1           0  0.90s           2026-05-12T12:14:31
================================================================================
[2026-05-12T12:15:23.453+0000] {manager.py:878} INFO - 
================================================================================
DAG File Processing Stats

File Path                                PID    Runtime      # DAGs    # Errors  Last Runtime    Last Run
---------------------------------------  -----  ---------  --------  ----------  --------------  -------------------
/opt/airflow/dags/abc_phones_etl_dag.py                           1           0  0.54s           2026-05-12T12:15:02
================================================================================
[2026-05-12T12:15:53.684+0000] {manager.py:878} INFO - 
================================================================================
DAG File Processing Stats

File Path                                PID    Runtime      # DAGs    # Errors  Last Runtime    Last Run
---------------------------------------  -----  ---------  --------  ----------  --------------  -------------------
/opt/airflow/dags/abc_phones_etl_dag.py                           1           0  0.83s           2026-05-12T12:15:33
================================================================================
[2026-05-12T12:16:23.890+0000] {manager.py:878} INFO - 
================================================================================
DAG File Processing Stats

File Path                                PID    Runtime      # DAGs    # Errors  Last Runtime    Last Run
---------------------------------------  -----  ---------  --------  ----------  --------------  -------------------
/opt/airflow/dags/abc_phones_etl_dag.py                           1           0  0.77s           2026-05-12T12:16:04
================================================================================
[2026-05-12T12:16:53.893+0000] {manager.py:878} INFO - 
================================================================================
DAG File Processing Stats

File Path                                PID    Runtime      # DAGs    # Errors  Last Runtime    Last Run
---------------------------------------  -----  ---------  --------  ----------  --------------  -------------------
/opt/airflow/dags/abc_phones_etl_dag.py                           1           0  1.63s           2026-05-12T12:16:36
================================================================================
[2026-05-12T12:17:23.939+0000] {manager.py:878} INFO - 
================================================================================
DAG File Processing Stats

File Path                                PID    Runtime      # DAGs    # Errors  Last Runtime    Last Run
---------------------------------------  -----  ---------  --------  ----------  --------------  -------------------
/opt/airflow/dags/abc_phones_etl_dag.py                           1           0  0.82s           2026-05-12T12:17:07
================================================================================
[2026-05-12T12:17:53.986+0000] {manager.py:878} INFO - 
================================================================================
DAG File Processing Stats

File Path                                PID    Runtime      # DAGs    # Errors  Last Runtime    Last Run
---------------------------------------  -----  ---------  --------  ----------  --------------  -------------------
/opt/airflow/dags/abc_phones_etl_dag.py                           1           0  0.81s           2026-05-12T12:17:38
================================================================================
[2026-05-12T12:18:24.200+0000] {manager.py:878} INFO - 
================================================================================
DAG File Processing Stats

File Path                                PID    Runtime      # DAGs    # Errors  Last Runtime    Last Run
---------------------------------------  -----  ---------  --------  ----------  --------------  -------------------
/opt/airflow/dags/abc_phones_etl_dag.py                           1           0  1.12s           2026-05-12T12:18:10
================================================================================
[2026-05-12T12:18:54.345+0000] {manager.py:878} INFO - 
================================================================================
DAG File Processing Stats

File Path                                PID    Runtime      # DAGs    # Errors  Last Runtime    Last Run
---------------------------------------  -----  ---------  --------  ----------  --------------  -------------------
/opt/airflow/dags/abc_phones_etl_dag.py                           1           0  1.92s           2026-05-12T12:18:42
================================================================================
[2026-05-12T12:19:16.814+0000] {manager.py:737} INFO - Searching for files in /opt/airflow/dags
[2026-05-12T12:19:16.837+0000] {manager.py:740} INFO - There are 1 files in /opt/airflow/dags
[2026-05-12T12:19:24.602+0000] {manager.py:878} INFO - 
================================================================================
DAG File Processing Stats

File Path                                PID    Runtime      # DAGs    # Errors  Last Runtime    Last Run
---------------------------------------  -----  ---------  --------  ----------  --------------  -------------------
/opt/airflow/dags/abc_phones_etl_dag.py                           1           0  0.93s           2026-05-12T12:19:13
================================================================================
[2026-05-12T12:19:54.656+0000] {manager.py:878} INFO - 
================================================================================
DAG File Processing Stats

File Path                                PID    Runtime      # DAGs    # Errors  Last Runtime    Last Run
---------------------------------------  -----  ---------  --------  ----------  --------------  -------------------
/opt/airflow/dags/abc_phones_etl_dag.py                           1           0  0.84s           2026-05-12T12:19:44
================================================================================
[2026-05-12T12:20:24.758+0000] {manager.py:878} INFO - 
================================================================================
DAG File Processing Stats

File Path                                PID    Runtime      # DAGs    # Errors  Last Runtime    Last Run
---------------------------------------  -----  ---------  --------  ----------  --------------  -------------------
/opt/airflow/dags/abc_phones_etl_dag.py                           1           0  0.84s           2026-05-12T12:20:15
================================================================================
[2026-05-12T12:20:55.611+0000] {manager.py:878} INFO - 
================================================================================
DAG File Processing Stats

File Path                                PID    Runtime      # DAGs    # Errors  Last Runtime    Last Run
---------------------------------------  -----  ---------  --------  ----------  --------------  -------------------
/opt/airflow/dags/abc_phones_etl_dag.py                           1           0  0.58s           2026-05-12T12:20:46
================================================================================
[2026-05-12T12:21:25.889+0000] {manager.py:878} INFO - 
================================================================================
DAG File Processing Stats

File Path                                PID    Runtime      # DAGs    # Errors  Last Runtime    Last Run
---------------------------------------  -----  ---------  --------  ----------  --------------  -------------------
/opt/airflow/dags/abc_phones_etl_dag.py                           1           0  0.93s           2026-05-12T12:21:17
================================================================================
[2026-05-12T12:21:56.131+0000] {manager.py:878} INFO - 
================================================================================
DAG File Processing Stats

File Path                                PID    Runtime      # DAGs    # Errors  Last Runtime    Last Run
---------------------------------------  -----  ---------  --------  ----------  --------------  -------------------
/opt/airflow/dags/abc_phones_etl_dag.py                           1           0  0.86s           2026-05-12T12:21:49
================================================================================
[2026-05-12T12:22:26.496+0000] {manager.py:878} INFO - 
================================================================================
DAG File Processing Stats

File Path                                PID    Runtime      # DAGs    # Errors  Last Runtime    Last Run
---------------------------------------  -----  ---------  --------  ----------  --------------  -------------------
/opt/airflow/dags/abc_phones_etl_dag.py                           1           0  1.12s           2026-05-12T12:22:20
================================================================================
[2026-05-12T12:22:56.650+0000] {manager.py:878} INFO - 
================================================================================
DAG File Processing Stats

File Path                                PID    Runtime      # DAGs    # Errors  Last Runtime    Last Run
---------------------------------------  -----  ---------  --------  ----------  --------------  -------------------
/opt/airflow/dags/abc_phones_etl_dag.py                           1           0  0.94s           2026-05-12T12:22:51
================================================================================
[2026-05-12T12:23:26.990+0000] {manager.py:878} INFO - 
================================================================================
DAG File Processing Stats

File Path                                PID    Runtime      # DAGs    # Errors  Last Runtime    Last Run
---------------------------------------  -----  ---------  --------  ----------  --------------  -------------------
/opt/airflow/dags/abc_phones_etl_dag.py                           1           0  0.82s           2026-05-12T12:23:22
================================================================================
[2026-05-12T12:23:57.332+0000] {manager.py:878} INFO - 
================================================================================
DAG File Processing Stats

File Path                                PID    Runtime      # DAGs    # Errors  Last Runtime    Last Run
---------------------------------------  -----  ---------  --------  ----------  --------------  -------------------
/opt/airflow/dags/abc_phones_etl_dag.py                           1           0  0.77s           2026-05-12T12:23:53
================================================================================
[2026-05-12T12:24:16.883+0000] {manager.py:737} INFO - Searching for files in /opt/airflow/dags
[2026-05-12T12:24:16.914+0000] {manager.py:740} INFO - There are 1 files in /opt/airflow/dags
[2026-05-12T12:24:27.554+0000] {manager.py:878} INFO - 
================================================================================
DAG File Processing Stats

File Path                                PID    Runtime      # DAGs    # Errors  Last Runtime    Last Run
---------------------------------------  -----  ---------  --------  ----------  --------------  -------------------
/opt/airflow/dags/abc_phones_etl_dag.py                           1           0  0.72s           2026-05-12T12:24:24
================================================================================
[2026-05-12T12:24:57.989+0000] {manager.py:878} INFO - 
================================================================================
DAG File Processing Stats

File Path                                PID    Runtime      # DAGs    # Errors  Last Runtime    Last Run
---------------------------------------  -----  ---------  --------  ----------  --------------  -------------------
/opt/airflow/dags/abc_phones_etl_dag.py                           1           0  1.40s           2026-05-12T12:24:56
================================================================================
[2026-05-12T12:25:28.375+0000] {manager.py:878} INFO - 
================================================================================
DAG File Processing Stats

File Path                                PID    Runtime      # DAGs    # Errors  Last Runtime    Last Run
---------------------------------------  -----  ---------  --------  ----------  --------------  -------------------
/opt/airflow/dags/abc_phones_etl_dag.py                           1           0  2.01s           2026-05-12T12:25:28
================================================================================
[2026-05-12T12:25:58.577+0000] {manager.py:878} INFO - 
================================================================================
DAG File Processing Stats

File Path                                  PID  Runtime      # DAGs    # Errors  Last Runtime    Last Run
---------------------------------------  -----  ---------  --------  ----------  --------------  -------------------
/opt/airflow/dags/abc_phones_etl_dag.py    430  0.00s             1           0  2.01s           2026-05-12T12:25:28
================================================================================
[2026-05-12T12:26:28.943+0000] {manager.py:878} INFO - 
================================================================================
DAG File Processing Stats

File Path                                PID    Runtime      # DAGs    # Errors  Last Runtime    Last Run
---------------------------------------  -----  ---------  --------  ----------  --------------  -------------------
/opt/airflow/dags/abc_phones_etl_dag.py                           1           0  1.26s           2026-05-12T12:25:59
================================================================================
[2026-05-12T12:26:59.628+0000] {manager.py:878} INFO - 
================================================================================
DAG File Processing Stats

File Path                                PID    Runtime      # DAGs    # Errors  Last Runtime    Last Run
---------------------------------------  -----  ---------  --------  ----------  --------------  -------------------
/opt/airflow/dags/abc_phones_etl_dag.py                           1           0  1.16s           2026-05-12T12:26:31
================================================================================
[2026-05-12T12:27:29.989+0000] {manager.py:878} INFO - 
================================================================================
DAG File Processing Stats

File Path                                PID    Runtime      # DAGs    # Errors  Last Runtime    Last Run
---------------------------------------  -----  ---------  --------  ----------  --------------  -------------------
/opt/airflow/dags/abc_phones_etl_dag.py                           1           0  1.32s           2026-05-12T12:27:02
================================================================================
[2026-05-12T12:28:00.621+0000] {manager.py:878} INFO - 
================================================================================
DAG File Processing Stats

File Path                                PID    Runtime      # DAGs    # Errors  Last Runtime    Last Run
---------------------------------------  -----  ---------  --------  ----------  --------------  -------------------
/opt/airflow/dags/abc_phones_etl_dag.py                           1           0  0.64s           2026-05-12T12:27:33
================================================================================
[2026-05-12T12:28:30.851+0000] {manager.py:878} INFO - 
================================================================================
DAG File Processing Stats

File Path                                PID    Runtime      # DAGs    # Errors  Last Runtime    Last Run
---------------------------------------  -----  ---------  --------  ----------  --------------  -------------------
/opt/airflow/dags/abc_phones_etl_dag.py                           1           0  0.76s           2026-05-12T12:28:04
================================================================================
[2026-05-12T12:29:01.275+0000] {manager.py:878} INFO - 
================================================================================
DAG File Processing Stats

File Path                                PID    Runtime      # DAGs    # Errors  Last Runtime    Last Run
---------------------------------------  -----  ---------  --------  ----------  --------------  -------------------
/opt/airflow/dags/abc_phones_etl_dag.py                           1           0  3.17s           2026-05-12T12:28:38
================================================================================
[2026-05-12T12:29:16.987+0000] {manager.py:737} INFO - Searching for files in /opt/airflow/dags
[2026-05-12T12:29:17.007+0000] {manager.py:740} INFO - There are 1 files in /opt/airflow/dags
[2026-05-12T12:29:31.314+0000] {manager.py:878} INFO - 
================================================================================
DAG File Processing Stats

File Path                                PID    Runtime      # DAGs    # Errors  Last Runtime    Last Run
---------------------------------------  -----  ---------  --------  ----------  --------------  -------------------
/opt/airflow/dags/abc_phones_etl_dag.py                           1           0  1.47s           2026-05-12T12:29:10
================================================================================
[2026-05-12T12:30:01.348+0000] {manager.py:878} INFO - 
================================================================================
DAG File Processing Stats

File Path                                PID    Runtime      # DAGs    # Errors  Last Runtime    Last Run
---------------------------------------  -----  ---------  --------  ----------  --------------  -------------------
/opt/airflow/dags/abc_phones_etl_dag.py                           1           0  0.80s           2026-05-12T12:29:41
================================================================================
[2026-05-12T12:30:31.706+0000] {manager.py:878} INFO - 
================================================================================
DAG File Processing Stats

File Path                                PID    Runtime      # DAGs    # Errors  Last Runtime    Last Run
---------------------------------------  -----  ---------  --------  ----------  --------------  -------------------
/opt/airflow/dags/abc_phones_etl_dag.py                           1           0  2.24s           2026-05-12T12:30:13
================================================================================
[2026-05-12T12:31:02.003+0000] {manager.py:878} INFO - 
================================================================================
DAG File Processing Stats

File Path                                PID    Runtime      # DAGs    # Errors  Last Runtime    Last Run
---------------------------------------  -----  ---------  --------  ----------  --------------  -------------------
/opt/airflow/dags/abc_phones_etl_dag.py                           1           0  1.10s           2026-05-12T12:30:44
================================================================================
[2026-05-12T12:31:32.250+0000] {manager.py:878} INFO - 
================================================================================
DAG File Processing Stats

File Path                                PID    Runtime      # DAGs    # Errors  Last Runtime    Last Run
---------------------------------------  -----  ---------  --------  ----------  --------------  -------------------
/opt/airflow/dags/abc_phones_etl_dag.py                           1           0  1.10s           2026-05-12T12:31:16
================================================================================
[2026-05-12T12:32:02.523+0000] {manager.py:878} INFO - 
================================================================================
DAG File Processing Stats

File Path                                PID    Runtime      # DAGs    # Errors  Last Runtime    Last Run
---------------------------------------  -----  ---------  --------  ----------  --------------  -------------------
/opt/airflow/dags/abc_phones_etl_dag.py                           1           0  1.17s           2026-05-12T12:31:47
================================================================================
[2026-05-12T12:32:32.673+0000] {manager.py:878} INFO - 
================================================================================
DAG File Processing Stats

File Path                                PID    Runtime      # DAGs    # Errors  Last Runtime    Last Run
---------------------------------------  -----  ---------  --------  ----------  --------------  -------------------
/opt/airflow/dags/abc_phones_etl_dag.py                           1           0  0.97s           2026-05-12T12:32:18
================================================================================
[2026-05-12T12:33:02.960+0000] {manager.py:878} INFO - 
================================================================================
DAG File Processing Stats

File Path                                PID    Runtime      # DAGs    # Errors  Last Runtime    Last Run
---------------------------------------  -----  ---------  --------  ----------  --------------  -------------------
/opt/airflow/dags/abc_phones_etl_dag.py                           1           0  1.14s           2026-05-12T12:32:49
================================================================================
[2026-05-12T12:33:33.150+0000] {manager.py:878} INFO - 
================================================================================
DAG File Processing Stats

File Path                                PID    Runtime      # DAGs    # Errors  Last Runtime    Last Run
---------------------------------------  -----  ---------  --------  ----------  --------------  -------------------
/opt/airflow/dags/abc_phones_etl_dag.py                           1           0  0.98s           2026-05-12T12:33:21
================================================================================
[2026-05-12T12:34:03.509+0000] {manager.py:878} INFO - 
================================================================================
DAG File Processing Stats

File Path                                PID    Runtime      # DAGs    # Errors  Last Runtime    Last Run
---------------------------------------  -----  ---------  --------  ----------  --------------  -------------------
/opt/airflow/dags/abc_phones_etl_dag.py                           1           0  2.22s           2026-05-12T12:33:53
================================================================================
[2026-05-12T12:34:17.703+0000] {manager.py:737} INFO - Searching for files in /opt/airflow/dags
[2026-05-12T12:34:17.726+0000] {manager.py:740} INFO - There are 1 files in /opt/airflow/dags
[2026-05-12T12:34:33.867+0000] {manager.py:878} INFO - 
================================================================================
DAG File Processing Stats

File Path                                PID    Runtime      # DAGs    # Errors  Last Runtime    Last Run
---------------------------------------  -----  ---------  --------  ----------  --------------  -------------------
/opt/airflow/dags/abc_phones_etl_dag.py                           1           0  1.18s           2026-05-12T12:34:24
================================================================================
[2026-05-12T12:35:04.044+0000] {manager.py:878} INFO - 
================================================================================
DAG File Processing Stats

File Path                                PID    Runtime      # DAGs    # Errors  Last Runtime    Last Run
---------------------------------------  -----  ---------  --------  ----------  --------------  -------------------
/opt/airflow/dags/abc_phones_etl_dag.py                           1           0  1.02s           2026-05-12T12:34:56
================================================================================
[2026-05-12T12:35:34.282+0000] {manager.py:878} INFO - 
================================================================================
DAG File Processing Stats

File Path                                PID    Runtime      # DAGs    # Errors  Last Runtime    Last Run
---------------------------------------  -----  ---------  --------  ----------  --------------  -------------------
/opt/airflow/dags/abc_phones_etl_dag.py                           1           0  1.32s           2026-05-12T12:35:27
================================================================================
[2026-05-12T12:36:04.294+0000] {manager.py:878} INFO - 
================================================================================
DAG File Processing Stats

File Path                                PID    Runtime      # DAGs    # Errors  Last Runtime    Last Run
---------------------------------------  -----  ---------  --------  ----------  --------------  -------------------
/opt/airflow/dags/abc_phones_etl_dag.py                           1           0  0.55s           2026-05-12T12:35:58
================================================================================
[2026-05-12T12:36:34.474+0000] {manager.py:878} INFO - 
================================================================================
DAG File Processing Stats

File Path                                PID    Runtime      # DAGs    # Errors  Last Runtime    Last Run
---------------------------------------  -----  ---------  --------  ----------  --------------  -------------------
/opt/airflow/dags/abc_phones_etl_dag.py                           1           0  0.50s           2026-05-12T12:36:28
================================================================================
[2026-05-12T12:37:04.693+0000] {manager.py:878} INFO - 
================================================================================
DAG File Processing Stats

File Path                                PID    Runtime      # DAGs    # Errors  Last Runtime    Last Run
---------------------------------------  -----  ---------  --------  ----------  --------------  -------------------
/opt/airflow/dags/abc_phones_etl_dag.py                           1           0  0.89s           2026-05-12T12:36:59
================================================================================
[2026-05-12T12:37:35.367+0000] {manager.py:878} INFO - 
================================================================================
DAG File Processing Stats

File Path                                PID    Runtime      # DAGs    # Errors  Last Runtime    Last Run
---------------------------------------  -----  ---------  --------  ----------  --------------  -------------------
/opt/airflow/dags/abc_phones_etl_dag.py                           1           0  1.03s           2026-05-12T12:37:31
================================================================================
[2026-05-12T12:38:05.688+0000] {manager.py:878} INFO - 
================================================================================
DAG File Processing Stats

File Path                                PID    Runtime      # DAGs    # Errors  Last Runtime    Last Run
---------------------------------------  -----  ---------  --------  ----------  --------------  -------------------
/opt/airflow/dags/abc_phones_etl_dag.py                           1           0  1.29s           2026-05-12T12:38:02
================================================================================
[2026-05-12T12:38:35.697+0000] {manager.py:878} INFO - 
================================================================================
DAG File Processing Stats

File Path                                PID    Runtime      # DAGs    # Errors  Last Runtime    Last Run
---------------------------------------  -----  ---------  --------  ----------  --------------  -------------------
/opt/airflow/dags/abc_phones_etl_dag.py                           1           0  0.77s           2026-05-12T12:38:33
================================================================================
[2026-05-12T12:39:06.209+0000] {manager.py:878} INFO - 
================================================================================
DAG File Processing Stats

File Path                                PID    Runtime      # DAGs    # Errors  Last Runtime    Last Run
---------------------------------------  -----  ---------  --------  ----------  --------------  -------------------
/opt/airflow/dags/abc_phones_etl_dag.py                           1           0  0.69s           2026-05-12T12:39:04
================================================================================
[2026-05-12T12:39:18.281+0000] {manager.py:737} INFO - Searching for files in /opt/airflow/dags
[2026-05-12T12:39:18.324+0000] {manager.py:740} INFO - There are 1 files in /opt/airflow/dags
[2026-05-12T12:39:36.447+0000] {manager.py:878} INFO - 
================================================================================
DAG File Processing Stats

File Path                                PID    Runtime      # DAGs    # Errors  Last Runtime    Last Run
---------------------------------------  -----  ---------  --------  ----------  --------------  -------------------
/opt/airflow/dags/abc_phones_etl_dag.py                           1           0  0.87s           2026-05-12T12:39:35
================================================================================
[2026-05-12T12:40:06.824+0000] {manager.py:878} INFO - 
================================================================================
DAG File Processing Stats

File Path                                PID    Runtime      # DAGs    # Errors  Last Runtime    Last Run
---------------------------------------  -----  ---------  --------  ----------  --------------  -------------------
/opt/airflow/dags/abc_phones_etl_dag.py                           1           0  0.72s           2026-05-12T12:40:06
================================================================================
[2026-05-12T12:40:37.100+0000] {manager.py:878} INFO - 
================================================================================
DAG File Processing Stats

File Path                                  PID  Runtime      # DAGs    # Errors  Last Runtime    Last Run
---------------------------------------  -----  ---------  --------  ----------  --------------  -------------------
/opt/airflow/dags/abc_phones_etl_dag.py    515  0.47s             1           0  0.72s           2026-05-12T12:40:06
================================================================================
[2026-05-12T12:41:07.425+0000] {manager.py:878} INFO - 
================================================================================
DAG File Processing Stats

File Path                                PID    Runtime      # DAGs    # Errors  Last Runtime    Last Run
---------------------------------------  -----  ---------  --------  ----------  --------------  -------------------
/opt/airflow/dags/abc_phones_etl_dag.py                           1           0  1.72s           2026-05-12T12:40:38
================================================================================
[2026-05-12T12:41:37.773+0000] {manager.py:878} INFO - 
================================================================================
DAG File Processing Stats

File Path                                PID    Runtime      # DAGs    # Errors  Last Runtime    Last Run
---------------------------------------  -----  ---------  --------  ----------  --------------  -------------------
/opt/airflow/dags/abc_phones_etl_dag.py                           1           0  1.20s           2026-05-12T12:41:09
================================================================================
[2026-05-12T12:42:08.075+0000] {manager.py:878} INFO - 
================================================================================
DAG File Processing Stats

File Path                                PID    Runtime      # DAGs    # Errors  Last Runtime    Last Run
---------------------------------------  -----  ---------  --------  ----------  --------------  -------------------
/opt/airflow/dags/abc_phones_etl_dag.py                           1           0  1.07s           2026-05-12T12:41:40
================================================================================
[2026-05-12T12:42:38.139+0000] {manager.py:878} INFO - 
================================================================================
DAG File Processing Stats

File Path                                PID    Runtime      # DAGs    # Errors  Last Runtime    Last Run
---------------------------------------  -----  ---------  --------  ----------  --------------  -------------------
/opt/airflow/dags/abc_phones_etl_dag.py                           1           0  0.87s           2026-05-12T12:42:11
================================================================================
[2026-05-12T12:43:08.209+0000] {manager.py:878} INFO - 
================================================================================
DAG File Processing Stats

File Path                                PID    Runtime      # DAGs    # Errors  Last Runtime    Last Run
---------------------------------------  -----  ---------  --------  ----------  --------------  -------------------
/opt/airflow/dags/abc_phones_etl_dag.py                           1           0  2.64s           2026-05-12T12:42:44
================================================================================
[2026-05-12T12:43:38.631+0000] {manager.py:878} INFO - 
================================================================================
DAG File Processing Stats

File Path                                PID    Runtime      # DAGs    # Errors  Last Runtime    Last Run
---------------------------------------  -----  ---------  --------  ----------  --------------  -------------------
/opt/airflow/dags/abc_phones_etl_dag.py                           1           0  3.61s           2026-05-12T12:43:18
================================================================================
[2026-05-12T12:44:09.145+0000] {manager.py:878} INFO - 
================================================================================
DAG File Processing Stats

File Path                                PID    Runtime      # DAGs    # Errors  Last Runtime    Last Run
---------------------------------------  -----  ---------  --------  ----------  --------------  -------------------
/opt/airflow/dags/abc_phones_etl_dag.py                           1           0  1.24s           2026-05-12T12:43:49
================================================================================
[2026-05-12T12:44:18.576+0000] {manager.py:737} INFO - Searching for files in /opt/airflow/dags
[2026-05-12T12:44:18.637+0000] {manager.py:740} INFO - There are 1 files in /opt/airflow/dags
[2026-05-12T12:44:39.507+0000] {manager.py:878} INFO - 
================================================================================
DAG File Processing Stats

File Path                                PID    Runtime      # DAGs    # Errors  Last Runtime    Last Run
---------------------------------------  -----  ---------  --------  ----------  --------------  -------------------
/opt/airflow/dags/abc_phones_etl_dag.py                           1           0  1.69s           2026-05-12T12:44:22
================================================================================
[2026-05-12T12:45:09.826+0000] {manager.py:878} INFO - 
================================================================================
DAG File Processing Stats

File Path                                PID    Runtime      # DAGs    # Errors  Last Runtime    Last Run
---------------------------------------  -----  ---------  --------  ----------  --------------  -------------------
/opt/airflow/dags/abc_phones_etl_dag.py                           1           0  1.41s           2026-05-12T12:44:54
================================================================================
[2026-05-12T12:45:40.089+0000] {manager.py:878} INFO - 
================================================================================
DAG File Processing Stats

File Path                                PID    Runtime      # DAGs    # Errors  Last Runtime    Last Run
---------------------------------------  -----  ---------  --------  ----------  --------------  -------------------
/opt/airflow/dags/abc_phones_etl_dag.py                           1           0  1.53s           2026-05-12T12:45:25
================================================================================
[2026-05-12T12:46:10.606+0000] {manager.py:878} INFO - 
================================================================================
DAG File Processing Stats

File Path                                PID    Runtime      # DAGs    # Errors  Last Runtime    Last Run
---------------------------------------  -----  ---------  --------  ----------  --------------  -------------------
/opt/airflow/dags/abc_phones_etl_dag.py                           1           0  1.37s           2026-05-12T12:45:57
================================================================================
[2026-05-12T12:46:40.827+0000] {manager.py:878} INFO - 
================================================================================
DAG File Processing Stats

File Path                                PID    Runtime      # DAGs    # Errors  Last Runtime    Last Run
---------------------------------------  -----  ---------  --------  ----------  --------------  -------------------
/opt/airflow/dags/abc_phones_etl_dag.py                           1           0  1.16s           2026-05-12T12:46:28
================================================================================
[2026-05-12T12:47:10.880+0000] {manager.py:878} INFO - 
================================================================================
DAG File Processing Stats

File Path                                PID    Runtime      # DAGs    # Errors  Last Runtime    Last Run
---------------------------------------  -----  ---------  --------  ----------  --------------  -------------------
/opt/airflow/dags/abc_phones_etl_dag.py                           1           0  0.85s           2026-05-12T12:46:59
================================================================================
[2026-05-12T12:47:41.381+0000] {manager.py:878} INFO - 
================================================================================
DAG File Processing Stats

File Path                                PID    Runtime      # DAGs    # Errors  Last Runtime    Last Run
---------------------------------------  -----  ---------  --------  ----------  --------------  -------------------
/opt/airflow/dags/abc_phones_etl_dag.py                           1           0  1.17s           2026-05-12T12:47:31
================================================================================
[2026-05-12T12:48:11.521+0000] {manager.py:878} INFO - 
================================================================================
DAG File Processing Stats

File Path                                PID    Runtime      # DAGs    # Errors  Last Runtime    Last Run
---------------------------------------  -----  ---------  --------  ----------  --------------  -------------------
/opt/airflow/dags/abc_phones_etl_dag.py                           1           0  0.89s           2026-05-12T12:48:02
================================================================================
[2026-05-12T12:48:42.105+0000] {manager.py:878} INFO - 
================================================================================
DAG File Processing Stats

File Path                                PID    Runtime      # DAGs    # Errors  Last Runtime    Last Run
---------------------------------------  -----  ---------  --------  ----------  --------------  -------------------
/opt/airflow/dags/abc_phones_etl_dag.py                           1           0  1.13s           2026-05-12T12:48:33
================================================================================
[2026-05-12T12:49:12.247+0000] {manager.py:878} INFO - 
================================================================================
DAG File Processing Stats

File Path                                PID    Runtime      # DAGs    # Errors  Last Runtime    Last Run
---------------------------------------  -----  ---------  --------  ----------  --------------  -------------------
/opt/airflow/dags/abc_phones_etl_dag.py                           1           0  1.64s           2026-05-12T12:49:06
================================================================================
[2026-05-12T12:49:18.677+0000] {manager.py:737} INFO - Searching for files in /opt/airflow/dags
[2026-05-12T12:49:18.713+0000] {manager.py:740} INFO - There are 1 files in /opt/airflow/dags
[2026-05-12T12:49:42.496+0000] {manager.py:878} INFO - 
================================================================================
DAG File Processing Stats

File Path                                PID    Runtime      # DAGs    # Errors  Last Runtime    Last Run
---------------------------------------  -----  ---------  --------  ----------  --------------  -------------------
/opt/airflow/dags/abc_phones_etl_dag.py                           1           0  1.25s           2026-05-12T12:49:37
================================================================================
[2026-05-12T12:50:13.258+0000] {manager.py:878} INFO - 
================================================================================
DAG File Processing Stats

File Path                                PID    Runtime      # DAGs    # Errors  Last Runtime    Last Run
---------------------------------------  -----  ---------  --------  ----------  --------------  -------------------
/opt/airflow/dags/abc_phones_etl_dag.py                           1           0  1.45s           2026-05-12T12:50:09
================================================================================
[2026-05-12T12:50:43.466+0000] {manager.py:878} INFO - 
================================================================================
DAG File Processing Stats

File Path                                PID    Runtime      # DAGs    # Errors  Last Runtime    Last Run
---------------------------------------  -----  ---------  --------  ----------  --------------  -------------------
/opt/airflow/dags/abc_phones_etl_dag.py                           1           0  1.11s           2026-05-12T12:50:40
================================================================================
[2026-05-12T12:51:13.754+0000] {manager.py:878} INFO - 
================================================================================
DAG File Processing Stats

File Path                                PID    Runtime      # DAGs    # Errors  Last Runtime    Last Run
---------------------------------------  -----  ---------  --------  ----------  --------------  -------------------
/opt/airflow/dags/abc_phones_etl_dag.py                           1           0  0.73s           2026-05-12T12:51:11
================================================================================
[2026-05-12T12:51:43.907+0000] {manager.py:878} INFO - 
================================================================================
DAG File Processing Stats

File Path                                PID    Runtime      # DAGs    # Errors  Last Runtime    Last Run
---------------------------------------  -----  ---------  --------  ----------  --------------  -------------------
/opt/airflow/dags/abc_phones_etl_dag.py                           1           0  0.85s           2026-05-12T12:51:42
================================================================================
[2026-05-12T12:52:14.144+0000] {manager.py:878} INFO - 
================================================================================
DAG File Processing Stats

File Path                                  PID  Runtime      # DAGs    # Errors  Last Runtime    Last Run
---------------------------------------  -----  ---------  --------  ----------  --------------  -------------------
/opt/airflow/dags/abc_phones_etl_dag.py    595  1.45s             1           0  0.85s           2026-05-12T12:51:42
================================================================================
[2026-05-12T12:52:44.342+0000] {manager.py:878} INFO - 
================================================================================
DAG File Processing Stats

File Path                                  PID  Runtime      # DAGs    # Errors  Last Runtime    Last Run
---------------------------------------  -----  ---------  --------  ----------  --------------  -------------------
/opt/airflow/dags/abc_phones_etl_dag.py    597  0.00s             1           0  1.54s           2026-05-12T12:52:14
================================================================================
[2026-05-12T12:53:14.582+0000] {manager.py:878} INFO - 
================================================================================
DAG File Processing Stats

File Path                                PID    Runtime      # DAGs    # Errors  Last Runtime    Last Run
---------------------------------------  -----  ---------  --------  ----------  --------------  -------------------
/opt/airflow/dags/abc_phones_etl_dag.py                           1           0  1.02s           2026-05-12T12:52:45
================================================================================
[2026-05-12T12:53:44.885+0000] {manager.py:878} INFO - 
================================================================================
DAG File Processing Stats

File Path                                PID    Runtime      # DAGs    # Errors  Last Runtime    Last Run
---------------------------------------  -----  ---------  --------  ----------  --------------  -------------------
/opt/airflow/dags/abc_phones_etl_dag.py                           1           0  1.08s           2026-05-12T12:53:16
================================================================================
[2026-05-12T12:54:15.147+0000] {manager.py:878} INFO - 
================================================================================
DAG File Processing Stats

File Path                                PID    Runtime      # DAGs    # Errors  Last Runtime    Last Run
---------------------------------------  -----  ---------  --------  ----------  --------------  -------------------
/opt/airflow/dags/abc_phones_etl_dag.py                           1           0  1.05s           2026-05-12T12:53:47
================================================================================
[2026-05-12T12:54:19.093+0000] {manager.py:737} INFO - Searching for files in /opt/airflow/dags
[2026-05-12T12:54:19.122+0000] {manager.py:740} INFO - There are 1 files in /opt/airflow/dags
[2026-05-12T12:54:45.352+0000] {manager.py:878} INFO - 
================================================================================
DAG File Processing Stats

File Path                                PID    Runtime      # DAGs    # Errors  Last Runtime    Last Run
---------------------------------------  -----  ---------  --------  ----------  --------------  -------------------
/opt/airflow/dags/abc_phones_etl_dag.py                           1           0  0.88s           2026-05-12T12:54:19
================================================================================
[2026-05-12T12:55:15.559+0000] {manager.py:878} INFO - 
================================================================================
DAG File Processing Stats

File Path                                PID    Runtime      # DAGs    # Errors  Last Runtime    Last Run
---------------------------------------  -----  ---------  --------  ----------  --------------  -------------------
/opt/airflow/dags/abc_phones_etl_dag.py                           1           0  0.71s           2026-05-12T12:54:50
================================================================================
[2026-05-12T12:55:45.742+0000] {manager.py:878} INFO - 
================================================================================
DAG File Processing Stats

File Path                                PID    Runtime      # DAGs    # Errors  Last Runtime    Last Run
---------------------------------------  -----  ---------  --------  ----------  --------------  -------------------
/opt/airflow/dags/abc_phones_etl_dag.py                           1           0  0.76s           2026-05-12T12:55:21
================================================================================
[2026-05-12T12:56:15.939+0000] {manager.py:878} INFO - 
================================================================================
DAG File Processing Stats

File Path                                PID    Runtime      # DAGs    # Errors  Last Runtime    Last Run
---------------------------------------  -----  ---------  --------  ----------  --------------  -------------------
/opt/airflow/dags/abc_phones_etl_dag.py                           1           0  0.67s           2026-05-12T12:55:51
================================================================================
[2026-05-12T12:56:46.260+0000] {manager.py:878} INFO - 
================================================================================
DAG File Processing Stats

File Path                                PID    Runtime      # DAGs    # Errors  Last Runtime    Last Run
---------------------------------------  -----  ---------  --------  ----------  --------------  -------------------
/opt/airflow/dags/abc_phones_etl_dag.py                           1           0  0.90s           2026-05-12T12:56:22
================================================================================
[2026-05-12T12:57:16.538+0000] {manager.py:878} INFO - 
================================================================================
DAG File Processing Stats

File Path                                PID    Runtime      # DAGs    # Errors  Last Runtime    Last Run
---------------------------------------  -----  ---------  --------  ----------  --------------  -------------------
/opt/airflow/dags/abc_phones_etl_dag.py                           1           0  1.10s           2026-05-12T12:56:54
================================================================================
[2026-05-12T12:57:46.753+0000] {manager.py:878} INFO - 
================================================================================
DAG File Processing Stats

File Path                                PID    Runtime      # DAGs    # Errors  Last Runtime    Last Run
---------------------------------------  -----  ---------  --------  ----------  --------------  -------------------
/opt/airflow/dags/abc_phones_etl_dag.py                           1           0  1.03s           2026-05-12T12:57:25
================================================================================
[2026-05-12T12:58:17.022+0000] {manager.py:878} INFO - 
================================================================================
DAG File Processing Stats

File Path                                PID    Runtime      # DAGs    # Errors  Last Runtime    Last Run
---------------------------------------  -----  ---------  --------  ----------  --------------  -------------------
/opt/airflow/dags/abc_phones_etl_dag.py                           1           0  1.24s           2026-05-12T12:57:57
================================================================================
[2026-05-12T12:58:47.206+0000] {manager.py:878} INFO - 
================================================================================
DAG File Processing Stats

File Path                                PID    Runtime      # DAGs    # Errors  Last Runtime    Last Run
---------------------------------------  -----  ---------  --------  ----------  --------------  -------------------
/opt/airflow/dags/abc_phones_etl_dag.py                           1           0  0.94s           2026-05-12T12:58:28
================================================================================
[2026-05-12T12:59:17.536+0000] {manager.py:878} INFO - 
================================================================================
DAG File Processing Stats

File Path                                PID    Runtime      # DAGs    # Errors  Last Runtime    Last Run
---------------------------------------  -----  ---------  --------  ----------  --------------  -------------------
/opt/airflow/dags/abc_phones_etl_dag.py                           1           0  1.36s           2026-05-12T12:58:59
================================================================================
[2026-05-12T12:59:19.549+0000] {manager.py:737} INFO - Searching for files in /opt/airflow/dags
[2026-05-12T12:59:19.819+0000] {manager.py:740} INFO - There are 1 files in /opt/airflow/dags
[2026-05-12T12:59:48.028+0000] {manager.py:878} INFO - 
================================================================================
DAG File Processing Stats

File Path                                PID    Runtime      # DAGs    # Errors  Last Runtime    Last Run
---------------------------------------  -----  ---------  --------  ----------  --------------  -------------------
/opt/airflow/dags/abc_phones_etl_dag.py                           1           0  0.96s           2026-05-12T12:59:30
================================================================================
[2026-05-12T13:00:18.220+0000] {manager.py:878} INFO - 
================================================================================
DAG File Processing Stats

File Path                                PID    Runtime      # DAGs    # Errors  Last Runtime    Last Run
---------------------------------------  -----  ---------  --------  ----------  --------------  -------------------
/opt/airflow/dags/abc_phones_etl_dag.py                           1           0  1.07s           2026-05-12T13:00:02
================================================================================
[2026-05-12T13:00:48.525+0000] {manager.py:878} INFO - 
================================================================================
DAG File Processing Stats

File Path                                PID    Runtime      # DAGs    # Errors  Last Runtime    Last Run
---------------------------------------  -----  ---------  --------  ----------  --------------  -------------------
/opt/airflow/dags/abc_phones_etl_dag.py                           1           0  1.28s           2026-05-12T13:00:33
================================================================================
[2026-05-12T13:01:18.686+0000] {manager.py:878} INFO - 
================================================================================
DAG File Processing Stats

File Path                                PID    Runtime      # DAGs    # Errors  Last Runtime    Last Run
---------------------------------------  -----  ---------  --------  ----------  --------------  -------------------
/opt/airflow/dags/abc_phones_etl_dag.py                           1           0  1.74s           2026-05-12T13:01:05
================================================================================
[2026-05-12T13:01:49.137+0000] {manager.py:878} INFO - 
================================================================================
DAG File Processing Stats

File Path                                PID    Runtime      # DAGs    # Errors  Last Runtime    Last Run
---------------------------------------  -----  ---------  --------  ----------  --------------  -------------------
/opt/airflow/dags/abc_phones_etl_dag.py                           1           0  1.61s           2026-05-12T13:01:37
================================================================================
[2026-05-12T13:02:19.336+0000] {manager.py:878} INFO - 
================================================================================
DAG File Processing Stats

File Path                                PID    Runtime      # DAGs    # Errors  Last Runtime    Last Run
---------------------------------------  -----  ---------  --------  ----------  --------------  -------------------
/opt/airflow/dags/abc_phones_etl_dag.py                           1           0  0.76s           2026-05-12T13:02:08
================================================================================
[2026-05-12T13:02:49.661+0000] {manager.py:878} INFO - 
================================================================================
DAG File Processing Stats

File Path                                PID    Runtime      # DAGs    # Errors  Last Runtime    Last Run
---------------------------------------  -----  ---------  --------  ----------  --------------  -------------------
/opt/airflow/dags/abc_phones_etl_dag.py                           1           0  1.36s           2026-05-12T13:02:39
================================================================================
[2026-05-12T13:03:19.889+0000] {manager.py:878} INFO - 
================================================================================
DAG File Processing Stats

File Path                                PID    Runtime      # DAGs    # Errors  Last Runtime    Last Run
---------------------------------------  -----  ---------  --------  ----------  --------------  -------------------
/opt/airflow/dags/abc_phones_etl_dag.py                           1           0  0.69s           2026-05-12T13:03:10
================================================================================
[2026-05-12T13:03:50.258+0000] {manager.py:878} INFO - 
================================================================================
DAG File Processing Stats

File Path                                PID    Runtime      # DAGs    # Errors  Last Runtime    Last Run
---------------------------------------  -----  ---------  --------  ----------  --------------  -------------------
/opt/airflow/dags/abc_phones_etl_dag.py                           1           0  0.60s           2026-05-12T13:03:41
================================================================================
[2026-05-12T13:04:19.630+0000] {manager.py:737} INFO - Searching for files in /opt/airflow/dags
[2026-05-12T13:04:19.652+0000] {manager.py:740} INFO - There are 1 files in /opt/airflow/dags
[2026-05-12T13:04:20.672+0000] {manager.py:878} INFO - 
================================================================================
DAG File Processing Stats

File Path                                PID    Runtime      # DAGs    # Errors  Last Runtime    Last Run
---------------------------------------  -----  ---------  --------  ----------  --------------  -------------------
/opt/airflow/dags/abc_phones_etl_dag.py                           1           0  0.74s           2026-05-12T13:04:12
================================================================================
[2026-05-12T13:04:50.746+0000] {manager.py:878} INFO - 
================================================================================
DAG File Processing Stats

File Path                                PID    Runtime      # DAGs    # Errors  Last Runtime    Last Run
---------------------------------------  -----  ---------  --------  ----------  --------------  -------------------
/opt/airflow/dags/abc_phones_etl_dag.py                           1           0  0.87s           2026-05-12T13:04:43
================================================================================
[2026-05-12T13:05:20.935+0000] {manager.py:878} INFO - 
================================================================================
DAG File Processing Stats

File Path                                PID    Runtime      # DAGs    # Errors  Last Runtime    Last Run
---------------------------------------  -----  ---------  --------  ----------  --------------  -------------------
/opt/airflow/dags/abc_phones_etl_dag.py                           1           0  1.09s           2026-05-12T13:05:14
================================================================================
[2026-05-12T13:05:50.980+0000] {manager.py:878} INFO - 
================================================================================
DAG File Processing Stats

File Path                                PID    Runtime      # DAGs    # Errors  Last Runtime    Last Run
---------------------------------------  -----  ---------  --------  ----------  --------------  -------------------
/opt/airflow/dags/abc_phones_etl_dag.py                           1           0  0.84s           2026-05-12T13:05:45
================================================================================
[2026-05-12T13:06:21.039+0000] {manager.py:878} INFO - 
================================================================================
DAG File Processing Stats

File Path                                PID    Runtime      # DAGs    # Errors  Last Runtime    Last Run
---------------------------------------  -----  ---------  --------  ----------  --------------  -------------------
/opt/airflow/dags/abc_phones_etl_dag.py                           1           0  0.79s           2026-05-12T13:06:16
================================================================================
[2026-05-12T13:06:51.758+0000] {manager.py:878} INFO - 
================================================================================
DAG File Processing Stats

File Path                                PID    Runtime      # DAGs    # Errors  Last Runtime    Last Run
---------------------------------------  -----  ---------  --------  ----------  --------------  -------------------
/opt/airflow/dags/abc_phones_etl_dag.py                           1           0  1.57s           2026-05-12T13:06:48
================================================================================
[2026-05-12T13:07:21.815+0000] {manager.py:878} INFO - 
================================================================================
DAG File Processing Stats

File Path                                PID    Runtime      # DAGs    # Errors  Last Runtime    Last Run
---------------------------------------  -----  ---------  --------  ----------  --------------  -------------------
/opt/airflow/dags/abc_phones_etl_dag.py                           1           0  0.67s           2026-05-12T13:07:19
================================================================================
[2026-05-12T13:07:52.138+0000] {manager.py:878} INFO - 
================================================================================
DAG File Processing Stats

File Path                                PID    Runtime      # DAGs    # Errors  Last Runtime    Last Run
---------------------------------------  -----  ---------  --------  ----------  --------------  -------------------
/opt/airflow/dags/abc_phones_etl_dag.py                           1           0  0.83s           2026-05-12T13:07:51
================================================================================
[2026-05-12T13:08:22.630+0000] {manager.py:878} INFO - 
================================================================================
DAG File Processing Stats

File Path                                PID    Runtime      # DAGs    # Errors  Last Runtime    Last Run
---------------------------------------  -----  ---------  --------  ----------  --------------  -------------------
/opt/airflow/dags/abc_phones_etl_dag.py                           1           0  0.66s           2026-05-12T13:08:21
================================================================================
[2026-05-12T13:08:52.929+0000] {manager.py:878} INFO - 
================================================================================
DAG File Processing Stats

File Path                                  PID  Runtime      # DAGs    # Errors  Last Runtime    Last Run
---------------------------------------  -----  ---------  --------  ----------  --------------  -------------------
/opt/airflow/dags/abc_phones_etl_dag.py    707  0.65s             1           0  0.66s           2026-05-12T13:08:21
================================================================================
[2026-05-12T13:09:20.110+0000] {manager.py:737} INFO - Searching for files in /opt/airflow/dags
[2026-05-12T13:09:20.135+0000] {manager.py:740} INFO - There are 1 files in /opt/airflow/dags
[2026-05-12T13:09:23.169+0000] {manager.py:878} INFO - 
================================================================================
DAG File Processing Stats

File Path                                PID    Runtime      # DAGs    # Errors  Last Runtime    Last Run
---------------------------------------  -----  ---------  --------  ----------  --------------  -------------------
/opt/airflow/dags/abc_phones_etl_dag.py                           1           0  1.94s           2026-05-12T13:08:54
================================================================================
[2026-05-12T13:09:53.397+0000] {manager.py:878} INFO - 
================================================================================
DAG File Processing Stats

File Path                                PID    Runtime      # DAGs    # Errors  Last Runtime    Last Run
---------------------------------------  -----  ---------  --------  ----------  --------------  -------------------
/opt/airflow/dags/abc_phones_etl_dag.py                           1           0  0.95s           2026-05-12T13:09:25
================================================================================
[2026-05-12T13:10:23.923+0000] {manager.py:878} INFO - 
================================================================================
DAG File Processing Stats

File Path                                PID    Runtime      # DAGs    # Errors  Last Runtime    Last Run
---------------------------------------  -----  ---------  --------  ----------  --------------  -------------------
/opt/airflow/dags/abc_phones_etl_dag.py                           1           0  1.17s           2026-05-12T13:09:56
================================================================================
[2026-05-12T13:10:54.259+0000] {manager.py:878} INFO - 
================================================================================
DAG File Processing Stats

File Path                                PID    Runtime      # DAGs    # Errors  Last Runtime    Last Run
---------------------------------------  -----  ---------  --------  ----------  --------------  -------------------
/opt/airflow/dags/abc_phones_etl_dag.py                           1           0  1.02s           2026-05-12T13:10:27
================================================================================
[2026-05-12T13:11:24.630+0000] {manager.py:878} INFO - 
================================================================================
DAG File Processing Stats

File Path                                PID    Runtime      # DAGs    # Errors  Last Runtime    Last Run
---------------------------------------  -----  ---------  --------  ----------  --------------  -------------------
/opt/airflow/dags/abc_phones_etl_dag.py                           1           0  2.39s           2026-05-12T13:11:00
================================================================================
[2026-05-12T13:11:54.862+0000] {manager.py:878} INFO - 
================================================================================
DAG File Processing Stats

File Path                                PID    Runtime      # DAGs    # Errors  Last Runtime    Last Run
---------------------------------------  -----  ---------  --------  ----------  --------------  -------------------
/opt/airflow/dags/abc_phones_etl_dag.py                           1           0  1.34s           2026-05-12T13:11:32
================================================================================
[2026-05-12T13:12:25.026+0000] {manager.py:878} INFO - 
================================================================================
DAG File Processing Stats

File Path                                PID    Runtime      # DAGs    # Errors  Last Runtime    Last Run
---------------------------------------  -----  ---------  --------  ----------  --------------  -------------------
/opt/airflow/dags/abc_phones_etl_dag.py                           1           0  0.99s           2026-05-12T13:12:03
================================================================================
[2026-05-12T13:12:55.028+0000] {manager.py:878} INFO - 
================================================================================
DAG File Processing Stats

File Path                                PID    Runtime      # DAGs    # Errors  Last Runtime    Last Run
---------------------------------------  -----  ---------  --------  ----------  --------------  -------------------
/opt/airflow/dags/abc_phones_etl_dag.py                           1           0  1.37s           2026-05-12T13:12:34
================================================================================
[2026-05-12T13:13:25.229+0000] {manager.py:878} INFO - 
================================================================================
DAG File Processing Stats

File Path                                PID    Runtime      # DAGs    # Errors  Last Runtime    Last Run
---------------------------------------  -----  ---------  --------  ----------  --------------  -------------------
/opt/airflow/dags/abc_phones_etl_dag.py                           1           0  1.25s           2026-05-12T13:13:06
================================================================================
[2026-05-12T13:13:55.401+0000] {manager.py:878} INFO - 
================================================================================
DAG File Processing Stats

File Path                                PID    Runtime      # DAGs    # Errors  Last Runtime    Last Run
---------------------------------------  -----  ---------  --------  ----------  --------------  -------------------
/opt/airflow/dags/abc_phones_etl_dag.py                           1           0  1.94s           2026-05-12T13:13:38
================================================================================
[2026-05-12T13:14:20.606+0000] {manager.py:737} INFO - Searching for files in /opt/airflow/dags
[2026-05-12T13:14:20.647+0000] {manager.py:740} INFO - There are 1 files in /opt/airflow/dags
[2026-05-12T13:14:25.700+0000] {manager.py:878} INFO - 
================================================================================
DAG File Processing Stats

File Path                                PID    Runtime      # DAGs    # Errors  Last Runtime    Last Run
---------------------------------------  -----  ---------  --------  ----------  --------------  -------------------
/opt/airflow/dags/abc_phones_etl_dag.py                           1           0  1.12s           2026-05-12T13:14:09
================================================================================
[2026-05-12T13:14:55.986+0000] {manager.py:878} INFO - 
================================================================================
DAG File Processing Stats

File Path                                PID    Runtime      # DAGs    # Errors  Last Runtime    Last Run
---------------------------------------  -----  ---------  --------  ----------  --------------  -------------------
/opt/airflow/dags/abc_phones_etl_dag.py                           1           0  1.92s           2026-05-12T13:14:41
================================================================================
[2026-05-12T13:15:26.239+0000] {manager.py:878} INFO - 
================================================================================
DAG File Processing Stats

File Path                                PID    Runtime      # DAGs    # Errors  Last Runtime    Last Run
---------------------------------------  -----  ---------  --------  ----------  --------------  -------------------
/opt/airflow/dags/abc_phones_etl_dag.py                           1           0  1.16s           2026-05-12T13:15:13
================================================================================
[2026-05-12T13:15:56.529+0000] {manager.py:878} INFO - 
================================================================================
DAG File Processing Stats

File Path                                PID    Runtime      # DAGs    # Errors  Last Runtime    Last Run
---------------------------------------  -----  ---------  --------  ----------  --------------  -------------------
/opt/airflow/dags/abc_phones_etl_dag.py                           1           0  1.62s           2026-05-12T13:15:44
================================================================================
[2026-05-12T13:16:27.284+0000] {manager.py:878} INFO - 
================================================================================
DAG File Processing Stats

File Path                                PID    Runtime      # DAGs    # Errors  Last Runtime    Last Run
---------------------------------------  -----  ---------  --------  ----------  --------------  -------------------
/opt/airflow/dags/abc_phones_etl_dag.py                           1           0  1.24s           2026-05-12T13:16:16
================================================================================
[2026-05-12T13:16:57.687+0000] {manager.py:878} INFO - 
================================================================================
DAG File Processing Stats

File Path                                  PID  Runtime      # DAGs    # Errors  Last Runtime    Last Run
---------------------------------------  -----  ---------  --------  ----------  --------------  -------------------
/opt/airflow/dags/abc_phones_etl_dag.py    761  11.15s            1           0  1.24s           2026-05-12T13:16:16
================================================================================
[2026-05-12T13:17:27.903+0000] {manager.py:878} INFO - 
================================================================================
DAG File Processing Stats

File Path                                PID    Runtime      # DAGs    # Errors  Last Runtime    Last Run
---------------------------------------  -----  ---------  --------  ----------  --------------  -------------------
/opt/airflow/dags/abc_phones_etl_dag.py                           1           0  27.99s          2026-05-12T13:17:14
================================================================================
[2026-05-12T13:17:58.025+0000] {manager.py:878} INFO - 
================================================================================
DAG File Processing Stats

File Path                                PID    Runtime      # DAGs    # Errors  Last Runtime    Last Run
---------------------------------------  -----  ---------  --------  ----------  --------------  -------------------
/opt/airflow/dags/abc_phones_etl_dag.py                           1           0  2.59s           2026-05-12T13:17:46
================================================================================
[2026-05-12T13:18:28.274+0000] {manager.py:878} INFO - 
================================================================================
DAG File Processing Stats

File Path                                PID    Runtime      # DAGs    # Errors  Last Runtime    Last Run
---------------------------------------  -----  ---------  --------  ----------  --------------  -------------------
/opt/airflow/dags/abc_phones_etl_dag.py                           1           0  1.27s           2026-05-12T13:18:18
================================================================================
[2026-05-12T13:18:58.574+0000] {manager.py:878} INFO - 
================================================================================
DAG File Processing Stats

File Path                                  PID  Runtime      # DAGs    # Errors  Last Runtime    Last Run
---------------------------------------  -----  ---------  --------  ----------  --------------  -------------------
/opt/airflow/dags/abc_phones_etl_dag.py    773  9.83s             1           0  1.27s           2026-05-12T13:18:18
================================================================================
[2026-05-12T13:19:20.662+0000] {manager.py:737} INFO - Searching for files in /opt/airflow/dags
[2026-05-12T13:19:20.724+0000] {manager.py:740} INFO - There are 1 files in /opt/airflow/dags
[2026-05-12T13:19:28.923+0000] {manager.py:878} INFO - 
================================================================================
DAG File Processing Stats

File Path                                PID    Runtime      # DAGs    # Errors  Last Runtime    Last Run
---------------------------------------  -----  ---------  --------  ----------  --------------  -------------------
/opt/airflow/dags/abc_phones_etl_dag.py                           1           0  17.80s          2026-05-12T13:19:06
================================================================================
[2026-05-12T13:19:59.189+0000] {manager.py:878} INFO - 
================================================================================
DAG File Processing Stats

File Path                                PID    Runtime      # DAGs    # Errors  Last Runtime    Last Run
---------------------------------------  -----  ---------  --------  ----------  --------------  -------------------
/opt/airflow/dags/abc_phones_etl_dag.py                           1           0  1.31s           2026-05-12T13:19:38
================================================================================
[2026-05-12T13:20:29.510+0000] {manager.py:878} INFO - 
================================================================================
DAG File Processing Stats

File Path                                PID    Runtime      # DAGs    # Errors  Last Runtime    Last Run
---------------------------------------  -----  ---------  --------  ----------  --------------  -------------------
/opt/airflow/dags/abc_phones_etl_dag.py                           1           0  15.83s          2026-05-12T13:20:24
================================================================================
[2026-05-12T13:20:59.746+0000] {manager.py:878} INFO - 
================================================================================
DAG File Processing Stats

File Path                                PID    Runtime      # DAGs    # Errors  Last Runtime    Last Run
---------------------------------------  -----  ---------  --------  ----------  --------------  -------------------
/opt/airflow/dags/abc_phones_etl_dag.py                           1           0  4.98s           2026-05-12T13:20:59
================================================================================
[2026-05-12T13:21:30.518+0000] {manager.py:878} INFO - 
================================================================================
DAG File Processing Stats

File Path                                PID    Runtime      # DAGs    # Errors  Last Runtime    Last Run
---------------------------------------  -----  ---------  --------  ----------  --------------  -------------------
/opt/airflow/dags/abc_phones_etl_dag.py                           1           0  1.00s           2026-05-12T13:21:12
================================================================================
[2026-05-12T13:22:00.916+0000] {manager.py:878} INFO - 
================================================================================
DAG File Processing Stats

File Path                                PID    Runtime      # DAGs    # Errors  Last Runtime    Last Run
---------------------------------------  -----  ---------  --------  ----------  --------------  -------------------
/opt/airflow/dags/abc_phones_etl_dag.py                           1           0  1.15s           2026-05-12T13:21:43
================================================================================
[2026-05-12T13:22:31.212+0000] {manager.py:878} INFO - 
================================================================================
DAG File Processing Stats

File Path                                PID    Runtime      # DAGs    # Errors  Last Runtime    Last Run
---------------------------------------  -----  ---------  --------  ----------  --------------  -------------------
/opt/airflow/dags/abc_phones_etl_dag.py                           1           0  1.66s           2026-05-12T13:22:15
================================================================================
[2026-05-12T13:23:01.878+0000] {manager.py:878} INFO - 
================================================================================
DAG File Processing Stats

File Path                                PID    Runtime      # DAGs    # Errors  Last Runtime    Last Run
---------------------------------------  -----  ---------  --------  ----------  --------------  -------------------
/opt/airflow/dags/abc_phones_etl_dag.py                           1           0  2.64s           2026-05-12T13:22:48
================================================================================
[2026-05-12T13:23:32.259+0000] {manager.py:878} INFO - 
================================================================================
DAG File Processing Stats

File Path                                PID    Runtime      # DAGs    # Errors  Last Runtime    Last Run
---------------------------------------  -----  ---------  --------  ----------  --------------  -------------------
/opt/airflow/dags/abc_phones_etl_dag.py                           1           0  1.44s           2026-05-12T13:23:20
================================================================================
[2026-05-12T13:24:02.591+0000] {manager.py:878} INFO - 
================================================================================
DAG File Processing Stats

File Path                                  PID  Runtime      # DAGs    # Errors  Last Runtime    Last Run
---------------------------------------  -----  ---------  --------  ----------  --------------  -------------------
/opt/airflow/dags/abc_phones_etl_dag.py    805  11.24s            1           0  1.44s           2026-05-12T13:23:20
================================================================================
[2026-05-12T13:24:21.069+0000] {manager.py:737} INFO - Searching for files in /opt/airflow/dags
[2026-05-12T13:24:21.107+0000] {manager.py:740} INFO - There are 1 files in /opt/airflow/dags
[2026-05-12T13:24:33.332+0000] {manager.py:878} INFO - 
================================================================================
DAG File Processing Stats

File Path                                PID    Runtime      # DAGs    # Errors  Last Runtime    Last Run
---------------------------------------  -----  ---------  --------  ----------  --------------  -------------------
/opt/airflow/dags/abc_phones_etl_dag.py                           1           0  27.72s          2026-05-12T13:24:18
================================================================================
[2026-05-12T13:25:03.589+0000] {manager.py:878} INFO - 
================================================================================
DAG File Processing Stats

File Path                                  PID  Runtime      # DAGs    # Errors  Last Runtime    Last Run
---------------------------------------  -----  ---------  --------  ----------  --------------  -------------------
/opt/airflow/dags/abc_phones_etl_dag.py    809  1.60s             1           0  3.75s           2026-05-12T13:24:53
================================================================================
[2026-05-12T13:25:34.114+0000] {manager.py:878} INFO - 
================================================================================
DAG File Processing Stats

File Path                                  PID  Runtime      # DAGs    # Errors  Last Runtime    Last Run
---------------------------------------  -----  ---------  --------  ----------  --------------  -------------------
/opt/airflow/dags/abc_phones_etl_dag.py    811  0.02s             1           0  1.85s           2026-05-12T13:25:03
================================================================================
[2026-05-12T13:26:04.597+0000] {manager.py:878} INFO - 
================================================================================
DAG File Processing Stats

File Path                                PID    Runtime      # DAGs    # Errors  Last Runtime    Last Run
---------------------------------------  -----  ---------  --------  ----------  --------------  -------------------
/opt/airflow/dags/abc_phones_etl_dag.py                           1           0  1.27s           2026-05-12T13:25:35
================================================================================
[2026-05-12T13:26:35.208+0000] {manager.py:878} INFO - 
================================================================================
DAG File Processing Stats

File Path                                PID    Runtime      # DAGs    # Errors  Last Runtime    Last Run
---------------------------------------  -----  ---------  --------  ----------  --------------  -------------------
/opt/airflow/dags/abc_phones_etl_dag.py                           1           0  1.45s           2026-05-12T13:26:07
================================================================================
[2026-05-12T13:27:05.688+0000] {manager.py:878} INFO - 
================================================================================
DAG File Processing Stats

File Path                                PID    Runtime      # DAGs    # Errors  Last Runtime    Last Run
---------------------------------------  -----  ---------  --------  ----------  --------------  -------------------
/opt/airflow/dags/abc_phones_etl_dag.py                           1           0  1.20s           2026-05-12T13:26:38
================================================================================
[2026-05-12T13:27:37.297+0000] {manager.py:878} INFO - 
================================================================================
DAG File Processing Stats

File Path                                  PID  Runtime      # DAGs    # Errors  Last Runtime    Last Run
---------------------------------------  -----  ---------  --------  ----------  --------------  -------------------
/opt/airflow/dags/abc_phones_etl_dag.py    823  27.37s            1           0  1.20s           2026-05-12T13:26:38
================================================================================
[2026-05-12T13:28:08.024+0000] {manager.py:878} INFO - 
================================================================================
DAG File Processing Stats

File Path                                PID    Runtime      # DAGs    # Errors  Last Runtime    Last Run
---------------------------------------  -----  ---------  --------  ----------  --------------  -------------------
/opt/airflow/dags/abc_phones_etl_dag.py                           1           0  38.89s          2026-05-12T13:27:47
================================================================================
[2026-05-12T13:28:38.612+0000] {manager.py:878} INFO - 
================================================================================
DAG File Processing Stats

File Path                                PID    Runtime      # DAGs    # Errors  Last Runtime    Last Run
---------------------------------------  -----  ---------  --------  ----------  --------------  -------------------
/opt/airflow/dags/abc_phones_etl_dag.py                           1           0  2.93s           2026-05-12T13:28:20
================================================================================
[2026-05-12T13:29:08.961+0000] {manager.py:878} INFO - 
================================================================================
DAG File Processing Stats

File Path                                PID    Runtime      # DAGs    # Errors  Last Runtime    Last Run
---------------------------------------  -----  ---------  --------  ----------  --------------  -------------------
/opt/airflow/dags/abc_phones_etl_dag.py                           1           0  1.94s           2026-05-12T13:28:52
================================================================================
[2026-05-12T13:29:21.545+0000] {manager.py:737} INFO - Searching for files in /opt/airflow/dags
[2026-05-12T13:29:21.593+0000] {manager.py:740} INFO - There are 1 files in /opt/airflow/dags
[2026-05-12T13:29:39.280+0000] {manager.py:878} INFO - 
================================================================================
DAG File Processing Stats

File Path                                PID    Runtime      # DAGs    # Errors  Last Runtime    Last Run
---------------------------------------  -----  ---------  --------  ----------  --------------  -------------------
/opt/airflow/dags/abc_phones_etl_dag.py                           1           0  1.27s           2026-05-12T13:29:23
================================================================================
[2026-05-12T13:30:09.516+0000] {manager.py:878} INFO - 
================================================================================
DAG File Processing Stats

File Path                                PID    Runtime      # DAGs    # Errors  Last Runtime    Last Run
---------------------------------------  -----  ---------  --------  ----------  --------------  -------------------
/opt/airflow/dags/abc_phones_etl_dag.py                           1           0  1.16s           2026-05-12T13:29:54
================================================================================
[2026-05-12T13:30:39.787+0000] {manager.py:878} INFO - 
================================================================================
DAG File Processing Stats

File Path                                PID    Runtime      # DAGs    # Errors  Last Runtime    Last Run
---------------------------------------  -----  ---------  --------  ----------  --------------  -------------------
/opt/airflow/dags/abc_phones_etl_dag.py                           1           0  1.10s           2026-05-12T13:30:25
================================================================================
[2026-05-12T13:31:10.168+0000] {manager.py:878} INFO - 
================================================================================
DAG File Processing Stats

File Path                                PID    Runtime      # DAGs    # Errors  Last Runtime    Last Run
---------------------------------------  -----  ---------  --------  ----------  --------------  -------------------
/opt/airflow/dags/abc_phones_etl_dag.py                           1           0  1.07s           2026-05-12T13:30:57
================================================================================
[2026-05-12T13:31:40.652+0000] {manager.py:878} INFO - 
================================================================================
DAG File Processing Stats

File Path                                PID    Runtime      # DAGs    # Errors  Last Runtime    Last Run
---------------------------------------  -----  ---------  --------  ----------  --------------  -------------------
/opt/airflow/dags/abc_phones_etl_dag.py                           1           0  1.27s           2026-05-12T13:31:28
================================================================================
[2026-05-12T13:32:11.172+0000] {manager.py:878} INFO - 
================================================================================
DAG File Processing Stats

File Path                                PID    Runtime      # DAGs    # Errors  Last Runtime    Last Run
---------------------------------------  -----  ---------  --------  ----------  --------------  -------------------
/opt/airflow/dags/abc_phones_etl_dag.py                           1           0  1.36s           2026-05-12T13:32:00
================================================================================
[2026-05-12T13:32:41.435+0000] {manager.py:878} INFO - 
================================================================================
DAG File Processing Stats

File Path                                PID    Runtime      # DAGs    # Errors  Last Runtime    Last Run
---------------------------------------  -----  ---------  --------  ----------  --------------  -------------------
/opt/airflow/dags/abc_phones_etl_dag.py                           1           0  1.16s           2026-05-12T13:32:31
================================================================================
[2026-05-12T13:33:11.671+0000] {manager.py:878} INFO - 
================================================================================
DAG File Processing Stats

File Path                                PID    Runtime      # DAGs    # Errors  Last Runtime    Last Run
---------------------------------------  -----  ---------  --------  ----------  --------------  -------------------
/opt/airflow/dags/abc_phones_etl_dag.py                           1           0  1.13s           2026-05-12T13:33:02
================================================================================
[2026-05-12T13:33:41.976+0000] {manager.py:878} INFO - 
================================================================================
DAG File Processing Stats

File Path                                PID    Runtime      # DAGs    # Errors  Last Runtime    Last Run
---------------------------------------  -----  ---------  --------  ----------  --------------  -------------------
/opt/airflow/dags/abc_phones_etl_dag.py                           1           0  1.16s           2026-05-12T13:33:34
================================================================================
[2026-05-12T13:34:12.255+0000] {manager.py:878} INFO - 
================================================================================
DAG File Processing Stats

File Path                                PID    Runtime      # DAGs    # Errors  Last Runtime    Last Run
---------------------------------------  -----  ---------  --------  ----------  --------------  -------------------
/opt/airflow/dags/abc_phones_etl_dag.py                           1           0  1.27s           2026-05-12T13:34:05
================================================================================
[2026-05-12T13:34:21.608+0000] {manager.py:737} INFO - Searching for files in /opt/airflow/dags
[2026-05-12T13:34:21.632+0000] {manager.py:740} INFO - There are 1 files in /opt/airflow/dags
[2026-05-12T13:34:42.266+0000] {manager.py:878} INFO - 
================================================================================
DAG File Processing Stats

File Path                                PID    Runtime      # DAGs    # Errors  Last Runtime    Last Run
---------------------------------------  -----  ---------  --------  ----------  --------------  -------------------
/opt/airflow/dags/abc_phones_etl_dag.py                           1           0  1.68s           2026-05-12T13:34:37
================================================================================
[2026-05-12T13:35:12.518+0000] {manager.py:878} INFO - 
================================================================================
DAG File Processing Stats

File Path                                PID    Runtime      # DAGs    # Errors  Last Runtime    Last Run
---------------------------------------  -----  ---------  --------  ----------  --------------  -------------------
/opt/airflow/dags/abc_phones_etl_dag.py                           1           0  1.49s           2026-05-12T13:35:08
================================================================================
[2026-05-12T13:35:43.133+0000] {manager.py:878} INFO - 
================================================================================
DAG File Processing Stats

File Path                                  PID  Runtime      # DAGs    # Errors  Last Runtime    Last Run
---------------------------------------  -----  ---------  --------  ----------  --------------  -------------------
/opt/airflow/dags/abc_phones_etl_dag.py    871  3.11s             1           0  1.49s           2026-05-12T13:35:08
================================================================================
[2026-05-12T13:36:13.540+0000] {manager.py:878} INFO - 
================================================================================
DAG File Processing Stats

File Path                                  PID  Runtime      # DAGs    # Errors  Last Runtime    Last Run
---------------------------------------  -----  ---------  --------  ----------  --------------  -------------------
/opt/airflow/dags/abc_phones_etl_dag.py    873  0.50s             1           0  19.30s          2026-05-12T13:35:59
================================================================================
[2026-05-12T13:36:44.458+0000] {manager.py:878} INFO - 
================================================================================
DAG File Processing Stats

File Path                                PID    Runtime      # DAGs    # Errors  Last Runtime    Last Run
---------------------------------------  -----  ---------  --------  ----------  --------------  -------------------
/opt/airflow/dags/abc_phones_etl_dag.py                           1           0  2.09s           2026-05-12T13:36:15
================================================================================
[2026-05-12T13:37:14.751+0000] {manager.py:878} INFO - 
================================================================================
DAG File Processing Stats

File Path                                PID    Runtime      # DAGs    # Errors  Last Runtime    Last Run
---------------------------------------  -----  ---------  --------  ----------  --------------  -------------------
/opt/airflow/dags/abc_phones_etl_dag.py                           1           0  2.42s           2026-05-12T13:36:47
================================================================================
[2026-05-12T13:37:45.118+0000] {manager.py:878} INFO - 
================================================================================
DAG File Processing Stats

File Path                                  PID  Runtime      # DAGs    # Errors  Last Runtime    Last Run
---------------------------------------  -----  ---------  --------  ----------  --------------  -------------------
/opt/airflow/dags/abc_phones_etl_dag.py    883  26.64s            1           0  2.42s           2026-05-12T13:36:47
================================================================================
[2026-05-12T13:38:15.314+0000] {manager.py:878} INFO - 
================================================================================
DAG File Processing Stats

File Path                                PID    Runtime      # DAGs    # Errors  Last Runtime    Last Run
---------------------------------------  -----  ---------  --------  ----------  --------------  -------------------
/opt/airflow/dags/abc_phones_etl_dag.py                           1           0  43.71s          2026-05-12T13:38:02
================================================================================
[2026-05-12T13:38:45.432+0000] {manager.py:878} INFO - 
================================================================================
DAG File Processing Stats

File Path                                PID    Runtime      # DAGs    # Errors  Last Runtime    Last Run
---------------------------------------  -----  ---------  --------  ----------  --------------  -------------------
/opt/airflow/dags/abc_phones_etl_dag.py                           1           0  2.43s           2026-05-12T13:38:25
================================================================================
[2026-05-12T13:39:15.682+0000] {manager.py:878} INFO - 
================================================================================
DAG File Processing Stats

File Path                                PID    Runtime      # DAGs    # Errors  Last Runtime    Last Run
---------------------------------------  -----  ---------  --------  ----------  --------------  -------------------
/opt/airflow/dags/abc_phones_etl_dag.py                           1           0  1.54s           2026-05-12T13:38:57
================================================================================
[2026-05-12T13:39:22.314+0000] {manager.py:737} INFO - Searching for files in /opt/airflow/dags
[2026-05-12T13:39:22.365+0000] {manager.py:740} INFO - There are 1 files in /opt/airflow/dags
[2026-05-12T13:39:45.997+0000] {manager.py:878} INFO - 
================================================================================
DAG File Processing Stats

File Path                                PID    Runtime      # DAGs    # Errors  Last Runtime    Last Run
---------------------------------------  -----  ---------  --------  ----------  --------------  -------------------
/opt/airflow/dags/abc_phones_etl_dag.py                           1           0  1.82s           2026-05-12T13:39:29
================================================================================
[2026-05-12T13:40:16.481+0000] {manager.py:878} INFO - 
================================================================================
DAG File Processing Stats

File Path                                PID    Runtime      # DAGs    # Errors  Last Runtime    Last Run
---------------------------------------  -----  ---------  --------  ----------  --------------  -------------------
/opt/airflow/dags/abc_phones_etl_dag.py                           1           0  1.59s           2026-05-12T13:40:01
================================================================================
[2026-05-12T13:40:47.236+0000] {manager.py:878} INFO - 
================================================================================
DAG File Processing Stats

File Path                                PID    Runtime      # DAGs    # Errors  Last Runtime    Last Run
---------------------------------------  -----  ---------  --------  ----------  --------------  -------------------
/opt/airflow/dags/abc_phones_etl_dag.py                           1           0  1.49s           2026-05-12T13:40:33
================================================================================
[2026-05-12T13:41:17.836+0000] {manager.py:878} INFO - 
================================================================================
DAG File Processing Stats

File Path                                PID    Runtime      # DAGs    # Errors  Last Runtime    Last Run
---------------------------------------  -----  ---------  --------  ----------  --------------  -------------------
/opt/airflow/dags/abc_phones_etl_dag.py                           1           0  1.05s           2026-05-12T13:41:04
================================================================================
[2026-05-12T13:41:48.145+0000] {manager.py:878} INFO - 
================================================================================
DAG File Processing Stats

File Path                                PID    Runtime      # DAGs    # Errors  Last Runtime    Last Run
---------------------------------------  -----  ---------  --------  ----------  --------------  -------------------
/opt/airflow/dags/abc_phones_etl_dag.py                           1           0  2.05s           2026-05-12T13:41:37
================================================================================
[2026-05-12T13:42:18.415+0000] {manager.py:878} INFO - 
================================================================================
DAG File Processing Stats

File Path                                PID    Runtime      # DAGs    # Errors  Last Runtime    Last Run
---------------------------------------  -----  ---------  --------  ----------  --------------  -------------------
/opt/airflow/dags/abc_phones_etl_dag.py                           1           0  1.43s           2026-05-12T13:42:09
================================================================================
[2026-05-12T13:42:48.519+0000] {manager.py:878} INFO - 
================================================================================
DAG File Processing Stats

File Path                                PID    Runtime      # DAGs    # Errors  Last Runtime    Last Run
---------------------------------------  -----  ---------  --------  ----------  --------------  -------------------
/opt/airflow/dags/abc_phones_etl_dag.py                           1           0  1.19s           2026-05-12T13:42:40
================================================================================
[2026-05-12T13:43:18.876+0000] {manager.py:878} INFO - 
================================================================================
DAG File Processing Stats

File Path                                PID    Runtime      # DAGs    # Errors  Last Runtime    Last Run
---------------------------------------  -----  ---------  --------  ----------  --------------  -------------------
/opt/airflow/dags/abc_phones_etl_dag.py                           1           0  2.51s           2026-05-12T13:43:13
================================================================================
[2026-05-12T13:43:49.384+0000] {manager.py:878} INFO - 
================================================================================
DAG File Processing Stats

File Path                                PID    Runtime      # DAGs    # Errors  Last Runtime    Last Run
---------------------------------------  -----  ---------  --------  ----------  --------------  -------------------
/opt/airflow/dags/abc_phones_etl_dag.py                           1           0  1.87s           2026-05-12T13:43:45
================================================================================
[2026-05-12T13:44:20.197+0000] {manager.py:878} INFO - 
================================================================================
DAG File Processing Stats

File Path                                PID    Runtime      # DAGs    # Errors  Last Runtime    Last Run
---------------------------------------  -----  ---------  --------  ----------  --------------  -------------------
/opt/airflow/dags/abc_phones_etl_dag.py                           1           0  0.95s           2026-05-12T13:44:17
================================================================================
[2026-05-12T13:44:22.334+0000] {manager.py:737} INFO - Searching for files in /opt/airflow/dags
[2026-05-12T13:44:22.407+0000] {manager.py:740} INFO - There are 1 files in /opt/airflow/dags
[2026-05-12T13:44:50.770+0000] {manager.py:878} INFO - 
================================================================================
DAG File Processing Stats

File Path                                PID    Runtime      # DAGs    # Errors  Last Runtime    Last Run
---------------------------------------  -----  ---------  --------  ----------  --------------  -------------------
/opt/airflow/dags/abc_phones_etl_dag.py                           1           0  1.21s           2026-05-12T13:44:48
================================================================================
[2026-05-12T13:45:21.141+0000] {manager.py:878} INFO - 
================================================================================
DAG File Processing Stats

File Path                                PID    Runtime      # DAGs    # Errors  Last Runtime    Last Run
---------------------------------------  -----  ---------  --------  ----------  --------------  -------------------
/opt/airflow/dags/abc_phones_etl_dag.py                           1           0  1.37s           2026-05-12T13:45:20
================================================================================
[2026-05-12T13:45:51.620+0000] {manager.py:878} INFO - 
================================================================================
DAG File Processing Stats

File Path                                  PID  Runtime      # DAGs    # Errors  Last Runtime    Last Run
---------------------------------------  -----  ---------  --------  ----------  --------------  -------------------
/opt/airflow/dags/abc_phones_etl_dag.py    925  1.02s             1           0  1.37s           2026-05-12T13:45:20
================================================================================
[2026-05-12T13:46:21.808+0000] {manager.py:878} INFO - 
================================================================================
DAG File Processing Stats

File Path                                PID    Runtime      # DAGs    # Errors  Last Runtime    Last Run
---------------------------------------  -----  ---------  --------  ----------  --------------  -------------------
/opt/airflow/dags/abc_phones_etl_dag.py                           1           0  1.37s           2026-05-12T13:45:51
================================================================================
[2026-05-12T13:46:51.910+0000] {manager.py:878} INFO - 
================================================================================
DAG File Processing Stats

File Path                                PID    Runtime      # DAGs    # Errors  Last Runtime    Last Run
---------------------------------------  -----  ---------  --------  ----------  --------------  -------------------
/opt/airflow/dags/abc_phones_etl_dag.py                           1           0  1.05s           2026-05-12T13:46:23
================================================================================
[2026-05-12T13:47:22.396+0000] {manager.py:878} INFO - 
================================================================================
DAG File Processing Stats

File Path                                PID    Runtime      # DAGs    # Errors  Last Runtime    Last Run
---------------------------------------  -----  ---------  --------  ----------  --------------  -------------------
/opt/airflow/dags/abc_phones_etl_dag.py                           1           0  2.20s           2026-05-12T13:46:56
================================================================================
[2026-05-12T13:47:52.743+0000] {manager.py:878} INFO - 
================================================================================
DAG File Processing Stats

File Path                                PID    Runtime      # DAGs    # Errors  Last Runtime    Last Run
---------------------------------------  -----  ---------  --------  ----------  --------------  -------------------
/opt/airflow/dags/abc_phones_etl_dag.py                           1           0  2.97s           2026-05-12T13:47:29
================================================================================
[2026-05-12T13:48:23.004+0000] {manager.py:878} INFO - 
================================================================================
DAG File Processing Stats

File Path                                PID    Runtime      # DAGs    # Errors  Last Runtime    Last Run
---------------------------------------  -----  ---------  --------  ----------  --------------  -------------------
/opt/airflow/dags/abc_phones_etl_dag.py                           1           0  1.42s           2026-05-12T13:48:01
================================================================================
[2026-05-12T13:48:53.058+0000] {manager.py:878} INFO - 
================================================================================
DAG File Processing Stats

File Path                                PID    Runtime      # DAGs    # Errors  Last Runtime    Last Run
---------------------------------------  -----  ---------  --------  ----------  --------------  -------------------
/opt/airflow/dags/abc_phones_etl_dag.py                           1           0  1.42s           2026-05-12T13:48:32
================================================================================
[2026-05-12T13:49:22.399+0000] {manager.py:737} INFO - Searching for files in /opt/airflow/dags
[2026-05-12T13:49:22.448+0000] {manager.py:740} INFO - There are 1 files in /opt/airflow/dags
[2026-05-12T13:49:23.101+0000] {manager.py:878} INFO - 
================================================================================
DAG File Processing Stats

File Path                                PID    Runtime      # DAGs    # Errors  Last Runtime    Last Run
---------------------------------------  -----  ---------  --------  ----------  --------------  -------------------
/opt/airflow/dags/abc_phones_etl_dag.py                           1           0  1.46s           2026-05-12T13:49:04
================================================================================
[2026-05-12T13:49:53.413+0000] {manager.py:878} INFO - 
================================================================================
DAG File Processing Stats

File Path                                PID    Runtime      # DAGs    # Errors  Last Runtime    Last Run
---------------------------------------  -----  ---------  --------  ----------  --------------  -------------------
/opt/airflow/dags/abc_phones_etl_dag.py                           1           0  1.07s           2026-05-12T13:49:36
================================================================================
[2026-05-12T13:50:23.553+0000] {manager.py:878} INFO - 
================================================================================
DAG File Processing Stats

File Path                                PID    Runtime      # DAGs    # Errors  Last Runtime    Last Run
---------------------------------------  -----  ---------  --------  ----------  --------------  -------------------
/opt/airflow/dags/abc_phones_etl_dag.py                           1           0  0.91s           2026-05-12T13:50:07
================================================================================
[2026-05-12T13:50:53.618+0000] {manager.py:878} INFO - 
================================================================================
DAG File Processing Stats

File Path                                PID    Runtime      # DAGs    # Errors  Last Runtime    Last Run
---------------------------------------  -----  ---------  --------  ----------  --------------  -------------------
/opt/airflow/dags/abc_phones_etl_dag.py                           1           0  0.84s           2026-05-12T13:50:38
================================================================================
[2026-05-12T13:51:23.677+0000] {manager.py:878} INFO - 
================================================================================
DAG File Processing Stats

File Path                                PID    Runtime      # DAGs    # Errors  Last Runtime    Last Run
---------------------------------------  -----  ---------  --------  ----------  --------------  -------------------
/opt/airflow/dags/abc_phones_etl_dag.py                           1           0  1.68s           2026-05-12T13:51:10
================================================================================
[2026-05-12T13:51:53.769+0000] {manager.py:878} INFO - 
================================================================================
DAG File Processing Stats

File Path                                PID    Runtime      # DAGs    # Errors  Last Runtime    Last Run
---------------------------------------  -----  ---------  --------  ----------  --------------  -------------------
/opt/airflow/dags/abc_phones_etl_dag.py                           1           0  1.71s           2026-05-12T13:51:42
================================================================================
[2026-05-12T13:52:24.142+0000] {manager.py:878} INFO - 
================================================================================
DAG File Processing Stats

File Path                                PID    Runtime      # DAGs    # Errors  Last Runtime    Last Run
---------------------------------------  -----  ---------  --------  ----------  --------------  -------------------
/opt/airflow/dags/abc_phones_etl_dag.py                           1           0  1.21s           2026-05-12T13:52:14
================================================================================
[2026-05-12T13:52:54.663+0000] {manager.py:878} INFO - 
================================================================================
DAG File Processing Stats

File Path                                PID    Runtime      # DAGs    # Errors  Last Runtime    Last Run
---------------------------------------  -----  ---------  --------  ----------  --------------  -------------------
/opt/airflow/dags/abc_phones_etl_dag.py                           1           0  1.17s           2026-05-12T13:52:45
================================================================================
[2026-05-12T13:53:24.915+0000] {manager.py:878} INFO - 
================================================================================
DAG File Processing Stats

File Path                                PID    Runtime      # DAGs    # Errors  Last Runtime    Last Run
---------------------------------------  -----  ---------  --------  ----------  --------------  -------------------
/opt/airflow/dags/abc_phones_etl_dag.py                           1           0  1.27s           2026-05-12T13:53:17
================================================================================
[2026-05-12T13:53:55.361+0000] {manager.py:878} INFO - 
================================================================================
DAG File Processing Stats

File Path                                PID    Runtime      # DAGs    # Errors  Last Runtime    Last Run
---------------------------------------  -----  ---------  --------  ----------  --------------  -------------------
/opt/airflow/dags/abc_phones_etl_dag.py                           1           0  1.12s           2026-05-12T13:53:48
================================================================================
[2026-05-12T13:54:22.692+0000] {manager.py:737} INFO - Searching for files in /opt/airflow/dags
[2026-05-12T13:54:22.729+0000] {manager.py:740} INFO - There are 1 files in /opt/airflow/dags
[2026-05-12T13:54:25.770+0000] {manager.py:878} INFO - 
================================================================================
DAG File Processing Stats

File Path                                PID    Runtime      # DAGs    # Errors  Last Runtime    Last Run
---------------------------------------  -----  ---------  --------  ----------  --------------  -------------------
/opt/airflow/dags/abc_phones_etl_dag.py                           1           0  1.22s           2026-05-12T13:54:19
================================================================================
[2026-05-12T13:54:56.045+0000] {manager.py:878} INFO - 
================================================================================
DAG File Processing Stats

File Path                                PID    Runtime      # DAGs    # Errors  Last Runtime    Last Run
---------------------------------------  -----  ---------  --------  ----------  --------------  -------------------
/opt/airflow/dags/abc_phones_etl_dag.py                           1           0  1.22s           2026-05-12T13:54:51
================================================================================
[2026-05-12T13:55:26.457+0000] {manager.py:878} INFO - 
================================================================================
DAG File Processing Stats

File Path                                PID    Runtime      # DAGs    # Errors  Last Runtime    Last Run
---------------------------------------  -----  ---------  --------  ----------  --------------  -------------------
/opt/airflow/dags/abc_phones_etl_dag.py                           1           0  1.75s           2026-05-12T13:55:22
================================================================================
[2026-05-12T13:55:57.236+0000] {manager.py:878} INFO - 
================================================================================
DAG File Processing Stats

File Path                                PID    Runtime      # DAGs    # Errors  Last Runtime    Last Run
---------------------------------------  -----  ---------  --------  ----------  --------------  -------------------
/opt/airflow/dags/abc_phones_etl_dag.py                           1           0  1.15s           2026-05-12T13:55:54
================================================================================
[2026-05-12T13:56:27.619+0000] {manager.py:878} INFO - 
================================================================================
DAG File Processing Stats

File Path                                PID    Runtime      # DAGs    # Errors  Last Runtime    Last Run
---------------------------------------  -----  ---------  --------  ----------  --------------  -------------------
/opt/airflow/dags/abc_phones_etl_dag.py                           1           0  1.39s           2026-05-12T13:56:25
================================================================================
[2026-05-12T13:56:57.975+0000] {manager.py:878} INFO - 
================================================================================
DAG File Processing Stats

File Path                                  PID  Runtime      # DAGs    # Errors  Last Runtime    Last Run
---------------------------------------  -----  ---------  --------  ----------  --------------  -------------------
/opt/airflow/dags/abc_phones_etl_dag.py    998  2.05s             1           0  1.39s           2026-05-12T13:56:25
================================================================================
[2026-05-12T13:57:28.329+0000] {manager.py:878} INFO - 
================================================================================
DAG File Processing Stats

File Path                                  PID  Runtime      # DAGs    # Errors  Last Runtime    Last Run
---------------------------------------  -----  ---------  --------  ----------  --------------  -------------------
/opt/airflow/dags/abc_phones_etl_dag.py   1005  0.01s             1           0  2.06s           2026-05-12T13:56:57
================================================================================
[2026-05-12T13:57:58.873+0000] {manager.py:878} INFO - 
================================================================================
DAG File Processing Stats

File Path                                PID    Runtime      # DAGs    # Errors  Last Runtime    Last Run
---------------------------------------  -----  ---------  --------  ----------  --------------  -------------------
/opt/airflow/dags/abc_phones_etl_dag.py                           1           0  1.31s           2026-05-12T13:57:29
================================================================================
[2026-05-12T13:58:29.177+0000] {manager.py:878} INFO - 
================================================================================
DAG File Processing Stats

File Path                                PID    Runtime      # DAGs    # Errors  Last Runtime    Last Run
---------------------------------------  -----  ---------  --------  ----------  --------------  -------------------
/opt/airflow/dags/abc_phones_etl_dag.py                           1           0  2.15s           2026-05-12T13:58:02
================================================================================
[2026-05-12T13:58:59.181+0000] {manager.py:878} INFO - 
================================================================================
DAG File Processing Stats

File Path                                PID    Runtime      # DAGs    # Errors  Last Runtime    Last Run
---------------------------------------  -----  ---------  --------  ----------  --------------  -------------------
/opt/airflow/dags/abc_phones_etl_dag.py                           1           0  1.41s           2026-05-12T13:58:33
================================================================================
[2026-05-12T13:59:23.004+0000] {manager.py:737} INFO - Searching for files in /opt/airflow/dags
[2026-05-12T13:59:23.035+0000] {manager.py:740} INFO - There are 1 files in /opt/airflow/dags
[2026-05-12T13:59:30.127+0000] {manager.py:878} INFO - 
================================================================================
DAG File Processing Stats

File Path                                PID    Runtime      # DAGs    # Errors  Last Runtime    Last Run
---------------------------------------  -----  ---------  --------  ----------  --------------  -------------------
/opt/airflow/dags/abc_phones_etl_dag.py                           1           0  1.45s           2026-05-12T13:59:05
================================================================================
[2026-05-12T14:00:00.990+0000] {manager.py:878} INFO - 
================================================================================
DAG File Processing Stats

File Path                                PID    Runtime      # DAGs    # Errors  Last Runtime    Last Run
---------------------------------------  -----  ---------  --------  ----------  --------------  -------------------
/opt/airflow/dags/abc_phones_etl_dag.py                           1           0  2.27s           2026-05-12T13:59:38
================================================================================
[2026-05-12T14:00:31.355+0000] {manager.py:878} INFO - 
================================================================================
DAG File Processing Stats

File Path                                PID    Runtime      # DAGs    # Errors  Last Runtime    Last Run
---------------------------------------  -----  ---------  --------  ----------  --------------  -------------------
/opt/airflow/dags/abc_phones_etl_dag.py                           1           0  2.08s           2026-05-12T14:00:11
================================================================================
[2026-05-12T14:01:01.416+0000] {manager.py:878} INFO - 
================================================================================
DAG File Processing Stats

File Path                                PID    Runtime      # DAGs    # Errors  Last Runtime    Last Run
---------------------------------------  -----  ---------  --------  ----------  --------------  -------------------
/opt/airflow/dags/abc_phones_etl_dag.py                           1           0  0.89s           2026-05-12T14:00:42
================================================================================
[2026-05-12T14:01:31.722+0000] {manager.py:878} INFO - 
================================================================================
DAG File Processing Stats

File Path                                PID    Runtime      # DAGs    # Errors  Last Runtime    Last Run
---------------------------------------  -----  ---------  --------  ----------  --------------  -------------------
/opt/airflow/dags/abc_phones_etl_dag.py                           1           0  0.74s           2026-05-12T14:01:13
================================================================================
[2026-05-12T14:02:01.906+0000] {manager.py:878} INFO - 
================================================================================
DAG File Processing Stats

File Path                                PID    Runtime      # DAGs    # Errors  Last Runtime    Last Run
---------------------------------------  -----  ---------  --------  ----------  --------------  -------------------
/opt/airflow/dags/abc_phones_etl_dag.py                           1           0  0.71s           2026-05-12T14:01:44
================================================================================
[2026-05-12T14:02:32.076+0000] {manager.py:878} INFO - 
================================================================================
DAG File Processing Stats

File Path                                PID    Runtime      # DAGs    # Errors  Last Runtime    Last Run
---------------------------------------  -----  ---------  --------  ----------  --------------  -------------------
/opt/airflow/dags/abc_phones_etl_dag.py                           1           0  0.77s           2026-05-12T14:02:15
================================================================================
[2026-05-12T14:03:02.544+0000] {manager.py:878} INFO - 
================================================================================
DAG File Processing Stats

File Path                                PID    Runtime      # DAGs    # Errors  Last Runtime    Last Run
---------------------------------------  -----  ---------  --------  ----------  --------------  -------------------
/opt/airflow/dags/abc_phones_etl_dag.py                           1           0  2.46s           2026-05-12T14:02:47
================================================================================
[2026-05-12T14:03:33.066+0000] {manager.py:878} INFO - 
================================================================================
DAG File Processing Stats

File Path                                PID    Runtime      # DAGs    # Errors  Last Runtime    Last Run
---------------------------------------  -----  ---------  --------  ----------  --------------  -------------------
/opt/airflow/dags/abc_phones_etl_dag.py                           1           0  1.18s           2026-05-12T14:03:19
================================================================================
[2026-05-12T14:04:03.505+0000] {manager.py:878} INFO - 
================================================================================
DAG File Processing Stats

File Path                                PID    Runtime      # DAGs    # Errors  Last Runtime    Last Run
---------------------------------------  -----  ---------  --------  ----------  --------------  -------------------
/opt/airflow/dags/abc_phones_etl_dag.py                           1           0  1.05s           2026-05-12T14:03:50
================================================================================
[2026-05-12T14:04:23.434+0000] {manager.py:737} INFO - Searching for files in /opt/airflow/dags
[2026-05-12T14:04:23.454+0000] {manager.py:740} INFO - There are 1 files in /opt/airflow/dags
[2026-05-12T14:04:33.619+0000] {manager.py:878} INFO - 
================================================================================
DAG File Processing Stats

File Path                                PID    Runtime      # DAGs    # Errors  Last Runtime    Last Run
---------------------------------------  -----  ---------  --------  ----------  --------------  -------------------
/opt/airflow/dags/abc_phones_etl_dag.py                           1           0  0.78s           2026-05-12T14:04:21
================================================================================
[2026-05-12T14:05:04.101+0000] {manager.py:878} INFO - 
================================================================================
DAG File Processing Stats

File Path                                PID    Runtime      # DAGs    # Errors  Last Runtime    Last Run
---------------------------------------  -----  ---------  --------  ----------  --------------  -------------------
/opt/airflow/dags/abc_phones_etl_dag.py                           1           0  2.41s           2026-05-12T14:04:54
================================================================================
[2026-05-12T14:05:34.383+0000] {manager.py:878} INFO - 
================================================================================
DAG File Processing Stats

File Path                                PID    Runtime      # DAGs    # Errors  Last Runtime    Last Run
---------------------------------------  -----  ---------  --------  ----------  --------------  -------------------
/opt/airflow/dags/abc_phones_etl_dag.py                           1           0  0.80s           2026-05-12T14:05:25
================================================================================
[2026-05-12T14:06:04.899+0000] {manager.py:878} INFO - 
================================================================================
DAG File Processing Stats

File Path                                PID    Runtime      # DAGs    # Errors  Last Runtime    Last Run
---------------------------------------  -----  ---------  --------  ----------  --------------  -------------------
/opt/airflow/dags/abc_phones_etl_dag.py                           1           0  1.15s           2026-05-12T14:05:56
================================================================================
[2026-05-12T14:06:35.332+0000] {manager.py:878} INFO - 
================================================================================
DAG File Processing Stats

File Path                                PID    Runtime      # DAGs    # Errors  Last Runtime    Last Run
---------------------------------------  -----  ---------  --------  ----------  --------------  -------------------
/opt/airflow/dags/abc_phones_etl_dag.py                           1           0  1.11s           2026-05-12T14:06:28
================================================================================
[2026-05-12T14:07:05.552+0000] {manager.py:878} INFO - 
================================================================================
DAG File Processing Stats

File Path                                PID    Runtime      # DAGs    # Errors  Last Runtime    Last Run
---------------------------------------  -----  ---------  --------  ----------  --------------  -------------------
/opt/airflow/dags/abc_phones_etl_dag.py                           1           0  0.74s           2026-05-12T14:06:59
================================================================================
[2026-05-12T14:07:35.795+0000] {manager.py:878} INFO - 
================================================================================
DAG File Processing Stats

File Path                                PID    Runtime      # DAGs    # Errors  Last Runtime    Last Run
---------------------------------------  -----  ---------  --------  ----------  --------------  -------------------
/opt/airflow/dags/abc_phones_etl_dag.py                           1           0  1.55s           2026-05-12T14:07:31
================================================================================
[2026-05-12T14:08:06.006+0000] {manager.py:878} INFO - 
================================================================================
DAG File Processing Stats

File Path                                PID    Runtime      # DAGs    # Errors  Last Runtime    Last Run
---------------------------------------  -----  ---------  --------  ----------  --------------  -------------------
/opt/airflow/dags/abc_phones_etl_dag.py                           1           0  0.77s           2026-05-12T14:08:02
================================================================================
[2026-05-12T14:08:36.480+0000] {manager.py:878} INFO - 
================================================================================
DAG File Processing Stats

File Path                                PID    Runtime      # DAGs    # Errors  Last Runtime    Last Run
---------------------------------------  -----  ---------  --------  ----------  --------------  -------------------
/opt/airflow/dags/abc_phones_etl_dag.py                           1           0  1.39s           2026-05-12T14:08:33
================================================================================
[2026-05-12T14:09:06.804+0000] {manager.py:878} INFO - 
================================================================================
DAG File Processing Stats

File Path                                PID    Runtime      # DAGs    # Errors  Last Runtime    Last Run
---------------------------------------  -----  ---------  --------  ----------  --------------  -------------------
/opt/airflow/dags/abc_phones_etl_dag.py                           1           0  1.07s           2026-05-12T14:09:04
================================================================================
[2026-05-12T14:09:24.088+0000] {manager.py:737} INFO - Searching for files in /opt/airflow/dags
[2026-05-12T14:09:24.127+0000] {manager.py:740} INFO - There are 1 files in /opt/airflow/dags
[2026-05-12T14:09:37.332+0000] {manager.py:878} INFO - 
================================================================================
DAG File Processing Stats

File Path                                PID    Runtime      # DAGs    # Errors  Last Runtime    Last Run
---------------------------------------  -----  ---------  --------  ----------  --------------  -------------------
/opt/airflow/dags/abc_phones_etl_dag.py                           1           0  1.99s           2026-05-12T14:09:37
================================================================================
[2026-05-12T14:10:07.556+0000] {manager.py:878} INFO - 
================================================================================
DAG File Processing Stats

File Path                                  PID  Runtime      # DAGs    # Errors  Last Runtime    Last Run
---------------------------------------  -----  ---------  --------  ----------  --------------  -------------------
/opt/airflow/dags/abc_phones_etl_dag.py   1077  0.01s             1           0  1.99s           2026-05-12T14:09:37
================================================================================
[2026-05-12T14:10:37.718+0000] {manager.py:878} INFO - 
================================================================================
DAG File Processing Stats

File Path                                PID    Runtime      # DAGs    # Errors  Last Runtime    Last Run
---------------------------------------  -----  ---------  --------  ----------  --------------  -------------------
/opt/airflow/dags/abc_phones_etl_dag.py                           1           0  1.00s           2026-05-12T14:10:08
================================================================================
[2026-05-12T14:11:07.934+0000] {manager.py:878} INFO - 
================================================================================
DAG File Processing Stats

File Path                                PID    Runtime      # DAGs    # Errors  Last Runtime    Last Run
---------------------------------------  -----  ---------  --------  ----------  --------------  -------------------
/opt/airflow/dags/abc_phones_etl_dag.py                           1           0  1.32s           2026-05-12T14:10:40
================================================================================
[2026-05-12T14:11:38.556+0000] {manager.py:878} INFO - 
================================================================================
DAG File Processing Stats

File Path                                PID    Runtime      # DAGs    # Errors  Last Runtime    Last Run
---------------------------------------  -----  ---------  --------  ----------  --------------  -------------------
/opt/airflow/dags/abc_phones_etl_dag.py                           1           0  1.28s           2026-05-12T14:11:11
================================================================================
[2026-05-12T14:12:08.954+0000] {manager.py:878} INFO - 
================================================================================
DAG File Processing Stats

File Path                                PID    Runtime      # DAGs    # Errors  Last Runtime    Last Run
---------------------------------------  -----  ---------  --------  ----------  --------------  -------------------
/opt/airflow/dags/abc_phones_etl_dag.py                           1           0  1.42s           2026-05-12T14:11:43
================================================================================
[2026-05-12T14:12:39.245+0000] {manager.py:878} INFO - 
================================================================================
DAG File Processing Stats

File Path                                PID    Runtime      # DAGs    # Errors  Last Runtime    Last Run
---------------------------------------  -----  ---------  --------  ----------  --------------  -------------------
/opt/airflow/dags/abc_phones_etl_dag.py                           1           0  1.64s           2026-05-12T14:12:15
================================================================================
[2026-05-12T14:13:09.553+0000] {manager.py:878} INFO - 
================================================================================
DAG File Processing Stats

File Path                                PID    Runtime      # DAGs    # Errors  Last Runtime    Last Run
---------------------------------------  -----  ---------  --------  ----------  --------------  -------------------
/opt/airflow/dags/abc_phones_etl_dag.py                           1           0  0.94s           2026-05-12T14:12:46
================================================================================
[2026-05-12T14:13:39.894+0000] {manager.py:878} INFO - 
================================================================================
DAG File Processing Stats

File Path                                PID    Runtime      # DAGs    # Errors  Last Runtime    Last Run
---------------------------------------  -----  ---------  --------  ----------  --------------  -------------------
/opt/airflow/dags/abc_phones_etl_dag.py                           1           0  1.36s           2026-05-12T14:13:18
================================================================================
[2026-05-12T14:14:10.113+0000] {manager.py:878} INFO - 
================================================================================
DAG File Processing Stats

File Path                                PID    Runtime      # DAGs    # Errors  Last Runtime    Last Run
---------------------------------------  -----  ---------  --------  ----------  --------------  -------------------
/opt/airflow/dags/abc_phones_etl_dag.py                           1           0  1.57s           2026-05-12T14:13:49
================================================================================
[2026-05-12T14:14:24.197+0000] {manager.py:737} INFO - Searching for files in /opt/airflow/dags
[2026-05-12T14:14:24.220+0000] {manager.py:740} INFO - There are 1 files in /opt/airflow/dags
[2026-05-12T14:14:40.337+0000] {manager.py:878} INFO - 
================================================================================
DAG File Processing Stats

File Path                                PID    Runtime      # DAGs    # Errors  Last Runtime    Last Run
---------------------------------------  -----  ---------  --------  ----------  --------------  -------------------
/opt/airflow/dags/abc_phones_etl_dag.py                           1           0  1.16s           2026-05-12T14:14:21
================================================================================
[2026-05-12T14:15:10.859+0000] {manager.py:878} INFO - 
================================================================================
DAG File Processing Stats

File Path                                PID    Runtime      # DAGs    # Errors  Last Runtime    Last Run
---------------------------------------  -----  ---------  --------  ----------  --------------  -------------------
/opt/airflow/dags/abc_phones_etl_dag.py                           1           0  1.00s           2026-05-12T14:14:52
================================================================================
[2026-05-12T14:15:41.417+0000] {manager.py:878} INFO - 
================================================================================
DAG File Processing Stats

File Path                                PID    Runtime      # DAGs    # Errors  Last Runtime    Last Run
---------------------------------------  -----  ---------  --------  ----------  --------------  -------------------
/opt/airflow/dags/abc_phones_etl_dag.py                           1           0  2.24s           2026-05-12T14:15:25
================================================================================
[2026-05-12T14:16:11.998+0000] {manager.py:878} INFO - 
================================================================================
DAG File Processing Stats

File Path                                PID    Runtime      # DAGs    # Errors  Last Runtime    Last Run
---------------------------------------  -----  ---------  --------  ----------  --------------  -------------------
/opt/airflow/dags/abc_phones_etl_dag.py                           1           0  1.77s           2026-05-12T14:15:57
================================================================================
[2026-05-12T14:16:42.127+0000] {manager.py:878} INFO - 
================================================================================
DAG File Processing Stats

File Path                                PID    Runtime      # DAGs    # Errors  Last Runtime    Last Run
---------------------------------------  -----  ---------  --------  ----------  --------------  -------------------
/opt/airflow/dags/abc_phones_etl_dag.py                           1           0  1.44s           2026-05-12T14:16:29
================================================================================
[2026-05-12T14:17:12.300+0000] {manager.py:878} INFO - 
================================================================================
DAG File Processing Stats

File Path                                PID    Runtime      # DAGs    # Errors  Last Runtime    Last Run
---------------------------------------  -----  ---------  --------  ----------  --------------  -------------------
/opt/airflow/dags/abc_phones_etl_dag.py                           1           0  0.99s           2026-05-12T14:17:00
================================================================================
[2026-05-12T14:17:42.601+0000] {manager.py:878} INFO - 
================================================================================
DAG File Processing Stats

File Path                                PID    Runtime      # DAGs    # Errors  Last Runtime    Last Run
---------------------------------------  -----  ---------  --------  ----------  --------------  -------------------
/opt/airflow/dags/abc_phones_etl_dag.py                           1           0  1.24s           2026-05-12T14:17:31
================================================================================
[2026-05-12T14:18:13.047+0000] {manager.py:878} INFO - 
================================================================================
DAG File Processing Stats

File Path                                PID    Runtime      # DAGs    # Errors  Last Runtime    Last Run
---------------------------------------  -----  ---------  --------  ----------  --------------  -------------------
/opt/airflow/dags/abc_phones_etl_dag.py                           1           0  1.06s           2026-05-12T14:18:02
================================================================================
[2026-05-12T14:18:43.309+0000] {manager.py:878} INFO - 
================================================================================
DAG File Processing Stats

File Path                                PID    Runtime      # DAGs    # Errors  Last Runtime    Last Run
---------------------------------------  -----  ---------  --------  ----------  --------------  -------------------
/opt/airflow/dags/abc_phones_etl_dag.py                           1           0  1.69s           2026-05-12T14:18:35
================================================================================
[2026-05-12T14:19:13.497+0000] {manager.py:878} INFO - 
================================================================================
DAG File Processing Stats

File Path                                PID    Runtime      # DAGs    # Errors  Last Runtime    Last Run
---------------------------------------  -----  ---------  --------  ----------  --------------  -------------------
/opt/airflow/dags/abc_phones_etl_dag.py                           1           0  0.97s           2026-05-12T14:19:06
================================================================================
[2026-05-12T14:19:24.667+0000] {manager.py:737} INFO - Searching for files in /opt/airflow/dags
[2026-05-12T14:19:24.694+0000] {manager.py:740} INFO - There are 1 files in /opt/airflow/dags
[2026-05-12T14:19:43.930+0000] {manager.py:878} INFO - 
================================================================================
DAG File Processing Stats

File Path                                PID    Runtime      # DAGs    # Errors  Last Runtime    Last Run
---------------------------------------  -----  ---------  --------  ----------  --------------  -------------------
/opt/airflow/dags/abc_phones_etl_dag.py                           1           0  0.96s           2026-05-12T14:19:37
================================================================================
[2026-05-12T14:20:14.720+0000] {manager.py:878} INFO - 
================================================================================
DAG File Processing Stats

File Path                                PID    Runtime      # DAGs    # Errors  Last Runtime    Last Run
---------------------------------------  -----  ---------  --------  ----------  --------------  -------------------
/opt/airflow/dags/abc_phones_etl_dag.py                           1           0  0.72s           2026-05-12T14:20:08
================================================================================
[2026-05-12T14:20:44.948+0000] {manager.py:878} INFO - 
================================================================================
DAG File Processing Stats

File Path                                PID    Runtime      # DAGs    # Errors  Last Runtime    Last Run
---------------------------------------  -----  ---------  --------  ----------  --------------  -------------------
/opt/airflow/dags/abc_phones_etl_dag.py                           1           0  0.95s           2026-05-12T14:20:39
================================================================================
[2026-05-12T14:21:15.272+0000] {manager.py:878} INFO - 
================================================================================
DAG File Processing Stats

File Path                                PID    Runtime      # DAGs    # Errors  Last Runtime    Last Run
---------------------------------------  -----  ---------  --------  ----------  --------------  -------------------
/opt/airflow/dags/abc_phones_etl_dag.py                           1           0  1.07s           2026-05-12T14:21:11
================================================================================
[2026-05-12T14:21:45.582+0000] {manager.py:878} INFO - 
================================================================================
DAG File Processing Stats

File Path                                PID    Runtime      # DAGs    # Errors  Last Runtime    Last Run
---------------------------------------  -----  ---------  --------  ----------  --------------  -------------------
/opt/airflow/dags/abc_phones_etl_dag.py                           1           0  1.05s           2026-05-12T14:21:42
================================================================================
[2026-05-12T14:22:16.492+0000] {manager.py:878} INFO - 
================================================================================
DAG File Processing Stats

File Path                                PID    Runtime      # DAGs    # Errors  Last Runtime    Last Run
---------------------------------------  -----  ---------  --------  ----------  --------------  -------------------
/opt/airflow/dags/abc_phones_etl_dag.py                           1           0  1.10s           2026-05-12T14:22:14
================================================================================
[2026-05-12T14:22:46.725+0000] {manager.py:878} INFO - 
================================================================================
DAG File Processing Stats

File Path                                PID    Runtime      # DAGs    # Errors  Last Runtime    Last Run
---------------------------------------  -----  ---------  --------  ----------  --------------  -------------------
/opt/airflow/dags/abc_phones_etl_dag.py                           1           0  0.77s           2026-05-12T14:22:45
================================================================================
[2026-05-12T14:23:16.808+0000] {manager.py:878} INFO - 
================================================================================
DAG File Processing Stats

File Path                                  PID  Runtime      # DAGs    # Errors  Last Runtime    Last Run
---------------------------------------  -----  ---------  --------  ----------  --------------  -------------------
/opt/airflow/dags/abc_phones_etl_dag.py   1175  1.01s             1           0  0.77s           2026-05-12T14:22:45
================================================================================
[2026-05-12T14:23:47.182+0000] {manager.py:878} INFO - 
================================================================================
DAG File Processing Stats

File Path                                  PID  Runtime      # DAGs    # Errors  Last Runtime    Last Run
---------------------------------------  -----  ---------  --------  ----------  --------------  -------------------
/opt/airflow/dags/abc_phones_etl_dag.py   1177  0.00s             1           0  1.12s           2026-05-12T14:23:16
================================================================================
[2026-05-12T14:24:17.401+0000] {manager.py:878} INFO - 
================================================================================
DAG File Processing Stats

File Path                                PID    Runtime      # DAGs    # Errors  Last Runtime    Last Run
---------------------------------------  -----  ---------  --------  ----------  --------------  -------------------
/opt/airflow/dags/abc_phones_etl_dag.py                           1           0  0.68s           2026-05-12T14:23:47
================================================================================
[2026-05-12T14:24:24.698+0000] {manager.py:737} INFO - Searching for files in /opt/airflow/dags
[2026-05-12T14:24:24.760+0000] {manager.py:740} INFO - There are 1 files in /opt/airflow/dags
[2026-05-12T14:24:47.406+0000] {manager.py:878} INFO - 
================================================================================
DAG File Processing Stats

File Path                                PID    Runtime      # DAGs    # Errors  Last Runtime    Last Run
---------------------------------------  -----  ---------  --------  ----------  --------------  -------------------
/opt/airflow/dags/abc_phones_etl_dag.py                           1           0  0.77s           2026-05-12T14:24:18
================================================================================
[2026-05-12T14:25:17.463+0000] {manager.py:878} INFO - 
================================================================================
DAG File Processing Stats

File Path                                PID    Runtime      # DAGs    # Errors  Last Runtime    Last Run
---------------------------------------  -----  ---------  --------  ----------  --------------  -------------------
/opt/airflow/dags/abc_phones_etl_dag.py                           1           0  0.81s           2026-05-12T14:24:50
================================================================================
[2026-05-12T14:25:47.660+0000] {manager.py:878} INFO - 
================================================================================
DAG File Processing Stats

File Path                                PID    Runtime      # DAGs    # Errors  Last Runtime    Last Run
---------------------------------------  -----  ---------  --------  ----------  --------------  -------------------
/opt/airflow/dags/abc_phones_etl_dag.py                           1           0  0.96s           2026-05-12T14:25:21
================================================================================
[2026-05-12T14:26:18.163+0000] {manager.py:878} INFO - 
================================================================================
DAG File Processing Stats

File Path                                PID    Runtime      # DAGs    # Errors  Last Runtime    Last Run
---------------------------------------  -----  ---------  --------  ----------  --------------  -------------------
/opt/airflow/dags/abc_phones_etl_dag.py                           1           0  0.66s           2026-05-12T14:25:52
================================================================================
[2026-05-12T14:26:48.727+0000] {manager.py:878} INFO - 
================================================================================
DAG File Processing Stats

File Path                                PID    Runtime      # DAGs    # Errors  Last Runtime    Last Run
---------------------------------------  -----  ---------  --------  ----------  --------------  -------------------
/opt/airflow/dags/abc_phones_etl_dag.py                           1           0  1.24s           2026-05-12T14:26:23
================================================================================
[2026-05-12T14:27:18.898+0000] {manager.py:878} INFO - 
================================================================================
DAG File Processing Stats

File Path                                PID    Runtime      # DAGs    # Errors  Last Runtime    Last Run
---------------------------------------  -----  ---------  --------  ----------  --------------  -------------------
/opt/airflow/dags/abc_phones_etl_dag.py                           1           0  0.96s           2026-05-12T14:26:54
================================================================================
[2026-05-12T14:27:48.962+0000] {manager.py:878} INFO - 
================================================================================
DAG File Processing Stats

File Path                                PID    Runtime      # DAGs    # Errors  Last Runtime    Last Run
---------------------------------------  -----  ---------  --------  ----------  --------------  -------------------
/opt/airflow/dags/abc_phones_etl_dag.py                           1           0  0.73s           2026-05-12T14:27:25
================================================================================
[2026-05-12T14:28:19.769+0000] {manager.py:878} INFO - 
================================================================================
DAG File Processing Stats

File Path                                PID    Runtime      # DAGs    # Errors  Last Runtime    Last Run
---------------------------------------  -----  ---------  --------  ----------  --------------  -------------------
/opt/airflow/dags/abc_phones_etl_dag.py                           1           0  0.67s           2026-05-12T14:27:56
================================================================================
[2026-05-12T14:28:49.840+0000] {manager.py:878} INFO - 
================================================================================
DAG File Processing Stats

File Path                                PID    Runtime      # DAGs    # Errors  Last Runtime    Last Run
---------------------------------------  -----  ---------  --------  ----------  --------------  -------------------
/opt/airflow/dags/abc_phones_etl_dag.py                           1           0  0.85s           2026-05-12T14:28:27
================================================================================
[2026-05-12T14:29:19.911+0000] {manager.py:878} INFO - 
================================================================================
DAG File Processing Stats

File Path                                PID    Runtime      # DAGs    # Errors  Last Runtime    Last Run
---------------------------------------  -----  ---------  --------  ----------  --------------  -------------------
/opt/airflow/dags/abc_phones_etl_dag.py                           1           0  0.75s           2026-05-12T14:28:58
================================================================================
[2026-05-12T14:29:24.935+0000] {manager.py:737} INFO - Searching for files in /opt/airflow/dags
[2026-05-12T14:29:24.960+0000] {manager.py:740} INFO - There are 1 files in /opt/airflow/dags
[2026-05-12T14:29:50.147+0000] {manager.py:878} INFO - 
================================================================================
DAG File Processing Stats

File Path                                PID    Runtime      # DAGs    # Errors  Last Runtime    Last Run
---------------------------------------  -----  ---------  --------  ----------  --------------  -------------------
/opt/airflow/dags/abc_phones_etl_dag.py                           1           0  0.87s           2026-05-12T14:29:29
================================================================================
[2026-05-12T14:30:20.324+0000] {manager.py:878} INFO - 
================================================================================
DAG File Processing Stats

File Path                                PID    Runtime      # DAGs    # Errors  Last Runtime    Last Run
---------------------------------------  -----  ---------  --------  ----------  --------------  -------------------
/opt/airflow/dags/abc_phones_etl_dag.py                           1           0  1.38s           2026-05-12T14:30:01
================================================================================
[2026-05-12T14:30:50.584+0000] {manager.py:878} INFO - 
================================================================================
DAG File Processing Stats

File Path                                PID    Runtime      # DAGs    # Errors  Last Runtime    Last Run
---------------------------------------  -----  ---------  --------  ----------  --------------  -------------------
/opt/airflow/dags/abc_phones_etl_dag.py                           1           0  0.79s           2026-05-12T14:30:32
================================================================================
[2026-05-12T14:31:20.591+0000] {manager.py:878} INFO - 
================================================================================
DAG File Processing Stats

File Path                                PID    Runtime      # DAGs    # Errors  Last Runtime    Last Run
---------------------------------------  -----  ---------  --------  ----------  --------------  -------------------
/opt/airflow/dags/abc_phones_etl_dag.py                           1           0  1.16s           2026-05-12T14:31:04
================================================================================
[2026-05-12T14:31:50.773+0000] {manager.py:878} INFO - 
================================================================================
DAG File Processing Stats

File Path                                PID    Runtime      # DAGs    # Errors  Last Runtime    Last Run
---------------------------------------  -----  ---------  --------  ----------  --------------  -------------------
/opt/airflow/dags/abc_phones_etl_dag.py                           1           0  0.77s           2026-05-12T14:31:35
================================================================================
[2026-05-12T14:32:20.951+0000] {manager.py:878} INFO - 
================================================================================
DAG File Processing Stats

File Path                                PID    Runtime      # DAGs    # Errors  Last Runtime    Last Run
---------------------------------------  -----  ---------  --------  ----------  --------------  -------------------
/opt/airflow/dags/abc_phones_etl_dag.py                           1           0  0.73s           2026-05-12T14:32:06
================================================================================
[2026-05-12T14:32:51.126+0000] {manager.py:878} INFO - 
================================================================================
DAG File Processing Stats

File Path                                PID    Runtime      # DAGs    # Errors  Last Runtime    Last Run
---------------------------------------  -----  ---------  --------  ----------  --------------  -------------------
/opt/airflow/dags/abc_phones_etl_dag.py                           1           0  0.70s           2026-05-12T14:32:37
================================================================================
[2026-05-12T14:33:21.340+0000] {manager.py:878} INFO - 
================================================================================
DAG File Processing Stats

File Path                                PID    Runtime      # DAGs    # Errors  Last Runtime    Last Run
---------------------------------------  -----  ---------  --------  ----------  --------------  -------------------
/opt/airflow/dags/abc_phones_etl_dag.py                           1           0  0.76s           2026-05-12T14:33:07
================================================================================
[2026-05-12T14:33:51.504+0000] {manager.py:878} INFO - 
================================================================================
DAG File Processing Stats

File Path                                PID    Runtime      # DAGs    # Errors  Last Runtime    Last Run
---------------------------------------  -----  ---------  --------  ----------  --------------  -------------------
/opt/airflow/dags/abc_phones_etl_dag.py                           1           0  0.79s           2026-05-12T14:33:38
================================================================================
[2026-05-12T14:34:22.085+0000] {manager.py:878} INFO - 
================================================================================
DAG File Processing Stats

File Path                                PID    Runtime      # DAGs    # Errors  Last Runtime    Last Run
---------------------------------------  -----  ---------  --------  ----------  --------------  -------------------
/opt/airflow/dags/abc_phones_etl_dag.py                           1           0  1.53s           2026-05-12T14:34:10
================================================================================
[2026-05-12T14:34:25.123+0000] {manager.py:737} INFO - Searching for files in /opt/airflow/dags
[2026-05-12T14:34:25.169+0000] {manager.py:740} INFO - There are 1 files in /opt/airflow/dags
[2026-05-12T14:34:52.704+0000] {manager.py:878} INFO - 
================================================================================
DAG File Processing Stats

File Path                                PID    Runtime      # DAGs    # Errors  Last Runtime    Last Run
---------------------------------------  -----  ---------  --------  ----------  --------------  -------------------
/opt/airflow/dags/abc_phones_etl_dag.py                           1           0  0.82s           2026-05-12T14:34:41
================================================================================
[2026-05-12T14:35:22.979+0000] {manager.py:878} INFO - 
================================================================================
DAG File Processing Stats

File Path                                PID    Runtime      # DAGs    # Errors  Last Runtime    Last Run
---------------------------------------  -----  ---------  --------  ----------  --------------  -------------------
/opt/airflow/dags/abc_phones_etl_dag.py                           1           0  0.67s           2026-05-12T14:35:12
================================================================================
[2026-05-12T14:35:53.146+0000] {manager.py:878} INFO - 
================================================================================
DAG File Processing Stats

File Path                                PID    Runtime      # DAGs    # Errors  Last Runtime    Last Run
---------------------------------------  -----  ---------  --------  ----------  --------------  -------------------
/opt/airflow/dags/abc_phones_etl_dag.py                           1           0  0.81s           2026-05-12T14:35:43
================================================================================
[2026-05-12T14:36:23.332+0000] {manager.py:878} INFO - 
================================================================================
DAG File Processing Stats

File Path                                PID    Runtime      # DAGs    # Errors  Last Runtime    Last Run
---------------------------------------  -----  ---------  --------  ----------  --------------  -------------------
/opt/airflow/dags/abc_phones_etl_dag.py                           1           0  1.46s           2026-05-12T14:36:15
================================================================================
[2026-05-12T14:36:53.490+0000] {manager.py:878} INFO - 
================================================================================
DAG File Processing Stats

File Path                                PID    Runtime      # DAGs    # Errors  Last Runtime    Last Run
---------------------------------------  -----  ---------  --------  ----------  --------------  -------------------
/opt/airflow/dags/abc_phones_etl_dag.py                           1           0  0.69s           2026-05-12T14:36:46
================================================================================
[2026-05-12T14:37:23.686+0000] {manager.py:878} INFO - 
================================================================================
DAG File Processing Stats

File Path                                PID    Runtime      # DAGs    # Errors  Last Runtime    Last Run
---------------------------------------  -----  ---------  --------  ----------  --------------  -------------------
/opt/airflow/dags/abc_phones_etl_dag.py                           1           0  1.09s           2026-05-12T14:37:17
================================================================================
[2026-05-12T14:37:54.139+0000] {manager.py:878} INFO - 
================================================================================
DAG File Processing Stats

File Path                                PID    Runtime      # DAGs    # Errors  Last Runtime    Last Run
---------------------------------------  -----  ---------  --------  ----------  --------------  -------------------
/opt/airflow/dags/abc_phones_etl_dag.py                           1           0  1.56s           2026-05-12T14:37:49
================================================================================
[2026-05-12T14:38:24.406+0000] {manager.py:878} INFO - 
================================================================================
DAG File Processing Stats

File Path                                PID    Runtime      # DAGs    # Errors  Last Runtime    Last Run
---------------------------------------  -----  ---------  --------  ----------  --------------  -------------------
/opt/airflow/dags/abc_phones_etl_dag.py                           1           0  1.78s           2026-05-12T14:38:21
================================================================================
[2026-05-12T14:38:54.532+0000] {manager.py:878} INFO - 
================================================================================
DAG File Processing Stats

File Path                                PID    Runtime      # DAGs    # Errors  Last Runtime    Last Run
---------------------------------------  -----  ---------  --------  ----------  --------------  -------------------
/opt/airflow/dags/abc_phones_etl_dag.py                           1           0  0.94s           2026-05-12T14:38:52
================================================================================
[2026-05-12T14:39:24.858+0000] {manager.py:878} INFO - 
================================================================================
DAG File Processing Stats

File Path                                PID    Runtime      # DAGs    # Errors  Last Runtime    Last Run
---------------------------------------  -----  ---------  --------  ----------  --------------  -------------------
/opt/airflow/dags/abc_phones_etl_dag.py                           1           0  0.78s           2026-05-12T14:39:23
================================================================================
[2026-05-12T14:39:25.432+0000] {manager.py:737} INFO - Searching for files in /opt/airflow/dags
[2026-05-12T14:39:25.462+0000] {manager.py:740} INFO - There are 1 files in /opt/airflow/dags
[2026-05-12T14:39:55.010+0000] {manager.py:878} INFO - 
================================================================================
DAG File Processing Stats

File Path                                  PID  Runtime      # DAGs    # Errors  Last Runtime    Last Run
---------------------------------------  -----  ---------  --------  ----------  --------------  -------------------
/opt/airflow/dags/abc_phones_etl_dag.py   1239  1.02s             1           0  0.78s           2026-05-12T14:39:23
================================================================================
[2026-05-12T14:40:25.579+0000] {manager.py:878} INFO - 
================================================================================
DAG File Processing Stats

File Path                                PID    Runtime      # DAGs    # Errors  Last Runtime    Last Run
---------------------------------------  -----  ---------  --------  ----------  --------------  -------------------
/opt/airflow/dags/abc_phones_etl_dag.py                           1           0  1.67s           2026-05-12T14:39:55
================================================================================
[2026-05-12T14:40:55.894+0000] {manager.py:878} INFO - 
================================================================================
DAG File Processing Stats

File Path                                PID    Runtime      # DAGs    # Errors  Last Runtime    Last Run
---------------------------------------  -----  ---------  --------  ----------  --------------  -------------------
/opt/airflow/dags/abc_phones_etl_dag.py                           1           0  0.72s           2026-05-12T14:40:26
================================================================================
[2026-05-12T14:41:25.933+0000] {manager.py:878} INFO - 
================================================================================
DAG File Processing Stats

File Path                                PID    Runtime      # DAGs    # Errors  Last Runtime    Last Run
---------------------------------------  -----  ---------  --------  ----------  --------------  -------------------
/opt/airflow/dags/abc_phones_etl_dag.py                           1           0  0.76s           2026-05-12T14:40:57
================================================================================
[2026-05-12T14:41:56.074+0000] {manager.py:878} INFO - 
================================================================================
DAG File Processing Stats

File Path                                PID    Runtime      # DAGs    # Errors  Last Runtime    Last Run
---------------------------------------  -----  ---------  --------  ----------  --------------  -------------------
/opt/airflow/dags/abc_phones_etl_dag.py                           1           0  1.55s           2026-05-12T14:41:29
================================================================================
[2026-05-12T14:42:26.571+0000] {manager.py:878} INFO - 
================================================================================
DAG File Processing Stats

File Path                                PID    Runtime      # DAGs    # Errors  Last Runtime    Last Run
---------------------------------------  -----  ---------  --------  ----------  --------------  -------------------
/opt/airflow/dags/abc_phones_etl_dag.py                           1           0  1.19s           2026-05-12T14:42:01
================================================================================
[2026-05-12T14:42:56.722+0000] {manager.py:878} INFO - 
================================================================================
DAG File Processing Stats

File Path                                PID    Runtime      # DAGs    # Errors  Last Runtime    Last Run
---------------------------------------  -----  ---------  --------  ----------  --------------  -------------------
/opt/airflow/dags/abc_phones_etl_dag.py                           1           0  0.94s           2026-05-12T14:42:32
================================================================================
[2026-05-12T14:43:27.031+0000] {manager.py:878} INFO - 
================================================================================
DAG File Processing Stats

File Path                                PID    Runtime      # DAGs    # Errors  Last Runtime    Last Run
---------------------------------------  -----  ---------  --------  ----------  --------------  -------------------
/opt/airflow/dags/abc_phones_etl_dag.py                           1           0  1.27s           2026-05-12T14:43:04
================================================================================
[2026-05-12T14:43:57.238+0000] {manager.py:878} INFO - 
================================================================================
DAG File Processing Stats

File Path                                PID    Runtime      # DAGs    # Errors  Last Runtime    Last Run
---------------------------------------  -----  ---------  --------  ----------  --------------  -------------------
/opt/airflow/dags/abc_phones_etl_dag.py                           1           0  0.97s           2026-05-12T14:43:35
================================================================================
[2026-05-12T14:44:25.613+0000] {manager.py:737} INFO - Searching for files in /opt/airflow/dags
[2026-05-12T14:44:25.764+0000] {manager.py:740} INFO - There are 1 files in /opt/airflow/dags
[2026-05-12T14:44:27.825+0000] {manager.py:878} INFO - 
================================================================================
DAG File Processing Stats

File Path                                PID    Runtime      # DAGs    # Errors  Last Runtime    Last Run
---------------------------------------  -----  ---------  --------  ----------  --------------  -------------------
/opt/airflow/dags/abc_phones_etl_dag.py                           1           0  0.67s           2026-05-12T14:44:05
================================================================================
[2026-05-12T14:44:58.503+0000] {manager.py:878} INFO - 
================================================================================
DAG File Processing Stats

File Path                                PID    Runtime      # DAGs    # Errors  Last Runtime    Last Run
---------------------------------------  -----  ---------  --------  ----------  --------------  -------------------
/opt/airflow/dags/abc_phones_etl_dag.py                           1           0  1.18s           2026-05-12T14:44:37
================================================================================
[2026-05-12T14:45:28.730+0000] {manager.py:878} INFO - 
================================================================================
DAG File Processing Stats

File Path                                PID    Runtime      # DAGs    # Errors  Last Runtime    Last Run
---------------------------------------  -----  ---------  --------  ----------  --------------  -------------------
/opt/airflow/dags/abc_phones_etl_dag.py                           1           0  1.93s           2026-05-12T14:45:09
================================================================================
[2026-05-12T14:45:59.226+0000] {manager.py:878} INFO - 
================================================================================
DAG File Processing Stats

File Path                                PID    Runtime      # DAGs    # Errors  Last Runtime    Last Run
---------------------------------------  -----  ---------  --------  ----------  --------------  -------------------
/opt/airflow/dags/abc_phones_etl_dag.py                           1           0  1.34s           2026-05-12T14:45:41
================================================================================
[2026-05-12T14:46:29.617+0000] {manager.py:878} INFO - 
================================================================================
DAG File Processing Stats

File Path                                PID    Runtime      # DAGs    # Errors  Last Runtime    Last Run
---------------------------------------  -----  ---------  --------  ----------  --------------  -------------------
/opt/airflow/dags/abc_phones_etl_dag.py                           1           0  1.37s           2026-05-12T14:46:12
================================================================================
[2026-05-12T14:47:00.349+0000] {manager.py:878} INFO - 
================================================================================
DAG File Processing Stats

File Path                                PID    Runtime      # DAGs    # Errors  Last Runtime    Last Run
---------------------------------------  -----  ---------  --------  ----------  --------------  -------------------
/opt/airflow/dags/abc_phones_etl_dag.py                           1           0  1.53s           2026-05-12T14:46:44
================================================================================
[2026-05-12T14:47:30.824+0000] {manager.py:878} INFO - 
================================================================================
DAG File Processing Stats

File Path                                PID    Runtime      # DAGs    # Errors  Last Runtime    Last Run
---------------------------------------  -----  ---------  --------  ----------  --------------  -------------------
/opt/airflow/dags/abc_phones_etl_dag.py                           1           0  2.31s           2026-05-12T14:47:16
================================================================================
[2026-05-12T14:48:00.884+0000] {manager.py:878} INFO - 
================================================================================
DAG File Processing Stats

File Path                                PID    Runtime      # DAGs    # Errors  Last Runtime    Last Run
---------------------------------------  -----  ---------  --------  ----------  --------------  -------------------
/opt/airflow/dags/abc_phones_etl_dag.py                           1           0  1.53s           2026-05-12T14:47:48
================================================================================
[2026-05-12T14:48:31.401+0000] {manager.py:878} INFO - 
================================================================================
DAG File Processing Stats

File Path                                PID    Runtime      # DAGs    # Errors  Last Runtime    Last Run
---------------------------------------  -----  ---------  --------  ----------  --------------  -------------------
/opt/airflow/dags/abc_phones_etl_dag.py                           1           0  3.10s           2026-05-12T14:48:22
================================================================================
[2026-05-12T14:49:01.607+0000] {manager.py:878} INFO - 
================================================================================
DAG File Processing Stats

File Path                                PID    Runtime      # DAGs    # Errors  Last Runtime    Last Run
---------------------------------------  -----  ---------  --------  ----------  --------------  -------------------
/opt/airflow/dags/abc_phones_etl_dag.py                           1           0  1.82s           2026-05-12T14:48:54
================================================================================
[2026-05-12T14:49:25.779+0000] {manager.py:737} INFO - Searching for files in /opt/airflow/dags
[2026-05-12T14:49:26.073+0000] {manager.py:740} INFO - There are 1 files in /opt/airflow/dags
[2026-05-12T14:49:31.788+0000] {manager.py:878} INFO - 
================================================================================
DAG File Processing Stats

File Path                                PID    Runtime      # DAGs    # Errors  Last Runtime    Last Run
---------------------------------------  -----  ---------  --------  ----------  --------------  -------------------
/opt/airflow/dags/abc_phones_etl_dag.py                           1           0  2.99s           2026-05-12T14:49:27
================================================================================
[2026-05-12T14:50:01.942+0000] {manager.py:878} INFO - 
================================================================================
DAG File Processing Stats

File Path                                PID    Runtime      # DAGs    # Errors  Last Runtime    Last Run
---------------------------------------  -----  ---------  --------  ----------  --------------  -------------------
/opt/airflow/dags/abc_phones_etl_dag.py                           1           0  2.13s           2026-05-12T14:49:59
================================================================================
[2026-05-12T14:50:32.365+0000] {manager.py:878} INFO - 
================================================================================
DAG File Processing Stats

File Path                                PID    Runtime      # DAGs    # Errors  Last Runtime    Last Run
---------------------------------------  -----  ---------  --------  ----------  --------------  -------------------
/opt/airflow/dags/abc_phones_etl_dag.py                           1           0  1.14s           2026-05-12T14:50:31
================================================================================
[2026-05-12T14:51:02.612+0000] {manager.py:878} INFO - 
================================================================================
DAG File Processing Stats

File Path                                  PID  Runtime      # DAGs    # Errors  Last Runtime    Last Run
---------------------------------------  -----  ---------  --------  ----------  --------------  -------------------
/opt/airflow/dags/abc_phones_etl_dag.py   1305  1.02s             1           0  1.14s           2026-05-12T14:50:31
================================================================================
[2026-05-12T14:51:33.091+0000] {manager.py:878} INFO - 
================================================================================
DAG File Processing Stats

File Path                                  PID  Runtime      # DAGs    # Errors  Last Runtime    Last Run
---------------------------------------  -----  ---------  --------  ----------  --------------  -------------------
/opt/airflow/dags/abc_phones_etl_dag.py   1324  0.01s             1           0  1.47s           2026-05-12T14:51:03
================================================================================
[2026-05-12T14:52:03.303+0000] {manager.py:878} INFO - 
================================================================================
DAG File Processing Stats

File Path                                PID    Runtime      # DAGs    # Errors  Last Runtime    Last Run
---------------------------------------  -----  ---------  --------  ----------  --------------  -------------------
/opt/airflow/dags/abc_phones_etl_dag.py                           1           0  1.17s           2026-05-12T14:51:34
================================================================================
[2026-05-12T14:52:33.657+0000] {manager.py:878} INFO - 
================================================================================
DAG File Processing Stats

File Path                                PID    Runtime      # DAGs    # Errors  Last Runtime    Last Run
---------------------------------------  -----  ---------  --------  ----------  --------------  -------------------
/opt/airflow/dags/abc_phones_etl_dag.py                           1           0  1.37s           2026-05-12T14:52:05
================================================================================
[2026-05-12T14:53:04.245+0000] {manager.py:878} INFO - 
================================================================================
DAG File Processing Stats

File Path                                PID    Runtime      # DAGs    # Errors  Last Runtime    Last Run
---------------------------------------  -----  ---------  --------  ----------  --------------  -------------------
/opt/airflow/dags/abc_phones_etl_dag.py                           1           0  1.85s           2026-05-12T14:52:37
================================================================================
[2026-05-12T14:53:34.516+0000] {manager.py:878} INFO - 
================================================================================
DAG File Processing Stats

File Path                                PID    Runtime      # DAGs    # Errors  Last Runtime    Last Run
---------------------------------------  -----  ---------  --------  ----------  --------------  -------------------
/opt/airflow/dags/abc_phones_etl_dag.py                           1           0  1.75s           2026-05-12T14:53:10
================================================================================
[2026-05-12T14:54:04.565+0000] {manager.py:878} INFO - 
================================================================================
DAG File Processing Stats

File Path                                PID    Runtime      # DAGs    # Errors  Last Runtime    Last Run
---------------------------------------  -----  ---------  --------  ----------  --------------  -------------------
/opt/airflow/dags/abc_phones_etl_dag.py                           1           0  1.15s           2026-05-12T14:53:41
================================================================================
[2026-05-12T14:54:25.969+0000] {manager.py:737} INFO - Searching for files in /opt/airflow/dags
[2026-05-12T14:54:25.993+0000] {manager.py:740} INFO - There are 1 files in /opt/airflow/dags
[2026-05-12T14:54:34.765+0000] {manager.py:878} INFO - 
================================================================================
DAG File Processing Stats

File Path                                PID    Runtime      # DAGs    # Errors  Last Runtime    Last Run
---------------------------------------  -----  ---------  --------  ----------  --------------  -------------------
/opt/airflow/dags/abc_phones_etl_dag.py                           1           0  1.28s           2026-05-12T14:54:12
================================================================================
[2026-05-12T14:55:04.811+0000] {manager.py:878} INFO - 
================================================================================
DAG File Processing Stats

File Path                                PID    Runtime      # DAGs    # Errors  Last Runtime    Last Run
---------------------------------------  -----  ---------  --------  ----------  --------------  -------------------
/opt/airflow/dags/abc_phones_etl_dag.py                           1           0  1.19s           2026-05-12T14:54:44
================================================================================
[2026-05-12T14:55:34.974+0000] {manager.py:878} INFO - 
================================================================================
DAG File Processing Stats

File Path                                PID    Runtime      # DAGs    # Errors  Last Runtime    Last Run
---------------------------------------  -----  ---------  --------  ----------  --------------  -------------------
/opt/airflow/dags/abc_phones_etl_dag.py                           1           0  0.80s           2026-05-12T14:55:15
================================================================================
[2026-05-12T14:56:05.192+0000] {manager.py:878} INFO - 
================================================================================
DAG File Processing Stats

File Path                                PID    Runtime      # DAGs    # Errors  Last Runtime    Last Run
---------------------------------------  -----  ---------  --------  ----------  --------------  -------------------
/opt/airflow/dags/abc_phones_etl_dag.py                           1           0  0.90s           2026-05-12T14:55:46
================================================================================
[2026-05-12T14:56:35.378+0000] {manager.py:878} INFO - 
================================================================================
DAG File Processing Stats

File Path                                PID    Runtime      # DAGs    # Errors  Last Runtime    Last Run
---------------------------------------  -----  ---------  --------  ----------  --------------  -------------------
/opt/airflow/dags/abc_phones_etl_dag.py                           1           0  0.75s           2026-05-12T14:56:17
================================================================================
[2026-05-12T14:57:05.656+0000] {manager.py:878} INFO - 
================================================================================
DAG File Processing Stats

File Path                                PID    Runtime      # DAGs    # Errors  Last Runtime    Last Run
---------------------------------------  -----  ---------  --------  ----------  --------------  -------------------
/opt/airflow/dags/abc_phones_etl_dag.py                           1           0  0.77s           2026-05-12T14:56:48
================================================================================
[2026-05-12T14:57:35.875+0000] {manager.py:878} INFO - 
================================================================================
DAG File Processing Stats

File Path                                PID    Runtime      # DAGs    # Errors  Last Runtime    Last Run
---------------------------------------  -----  ---------  --------  ----------  --------------  -------------------
/opt/airflow/dags/abc_phones_etl_dag.py                           1           0  1.43s           2026-05-12T14:57:19
================================================================================
[2026-05-12T14:58:06.134+0000] {manager.py:878} INFO - 
================================================================================
DAG File Processing Stats

File Path                                PID    Runtime      # DAGs    # Errors  Last Runtime    Last Run
---------------------------------------  -----  ---------  --------  ----------  --------------  -------------------
/opt/airflow/dags/abc_phones_etl_dag.py                           1           0  1.29s           2026-05-12T14:57:51
================================================================================
[2026-05-12T14:58:36.321+0000] {manager.py:878} INFO - 
================================================================================
DAG File Processing Stats

File Path                                PID    Runtime      # DAGs    # Errors  Last Runtime    Last Run
---------------------------------------  -----  ---------  --------  ----------  --------------  -------------------
/opt/airflow/dags/abc_phones_etl_dag.py                           1           0  0.98s           2026-05-12T14:58:22
================================================================================
[2026-05-12T14:59:06.825+0000] {manager.py:878} INFO - 
================================================================================
DAG File Processing Stats

File Path                                PID    Runtime      # DAGs    # Errors  Last Runtime    Last Run
---------------------------------------  -----  ---------  --------  ----------  --------------  -------------------
/opt/airflow/dags/abc_phones_etl_dag.py                           1           0  1.36s           2026-05-12T14:58:53
================================================================================
[2026-05-12T14:59:26.085+0000] {manager.py:737} INFO - Searching for files in /opt/airflow/dags
[2026-05-12T14:59:26.462+0000] {manager.py:740} INFO - There are 1 files in /opt/airflow/dags
[2026-05-12T14:59:37.522+0000] {manager.py:878} INFO - 
================================================================================
DAG File Processing Stats

File Path                                PID    Runtime      # DAGs    # Errors  Last Runtime    Last Run
---------------------------------------  -----  ---------  --------  ----------  --------------  -------------------
/opt/airflow/dags/abc_phones_etl_dag.py                           1           0  3.23s           2026-05-12T14:59:27
================================================================================
[2026-05-12T15:00:07.898+0000] {manager.py:878} INFO - 
================================================================================
DAG File Processing Stats

File Path                                PID    Runtime      # DAGs    # Errors  Last Runtime    Last Run
---------------------------------------  -----  ---------  --------  ----------  --------------  -------------------
/opt/airflow/dags/abc_phones_etl_dag.py                           1           0  1.85s           2026-05-12T14:59:59
================================================================================
[2026-05-12T15:00:38.666+0000] {manager.py:878} INFO - 
================================================================================
DAG File Processing Stats

File Path                                PID    Runtime      # DAGs    # Errors  Last Runtime    Last Run
---------------------------------------  -----  ---------  --------  ----------  --------------  -------------------
/opt/airflow/dags/abc_phones_etl_dag.py                           1           0  2.09s           2026-05-12T15:00:32
================================================================================
[2026-05-12T15:01:09.157+0000] {manager.py:878} INFO - 
================================================================================
DAG File Processing Stats

File Path                                PID    Runtime      # DAGs    # Errors  Last Runtime    Last Run
---------------------------------------  -----  ---------  --------  ----------  --------------  -------------------
/opt/airflow/dags/abc_phones_etl_dag.py                           1           0  1.12s           2026-05-12T15:01:04
================================================================================
[2026-05-12T15:01:39.427+0000] {manager.py:878} INFO - 
================================================================================
DAG File Processing Stats

File Path                                PID    Runtime      # DAGs    # Errors  Last Runtime    Last Run
---------------------------------------  -----  ---------  --------  ----------  --------------  -------------------
/opt/airflow/dags/abc_phones_etl_dag.py                           1           0  1.28s           2026-05-12T15:01:35
================================================================================
[2026-05-12T15:02:09.574+0000] {manager.py:878} INFO - 
================================================================================
DAG File Processing Stats

File Path                                PID    Runtime      # DAGs    # Errors  Last Runtime    Last Run
---------------------------------------  -----  ---------  --------  ----------  --------------  -------------------
/opt/airflow/dags/abc_phones_etl_dag.py                           1           0  1.47s           2026-05-12T15:02:07
================================================================================
[2026-05-12T15:02:39.759+0000] {manager.py:878} INFO - 
================================================================================
DAG File Processing Stats

File Path                                PID    Runtime      # DAGs    # Errors  Last Runtime    Last Run
---------------------------------------  -----  ---------  --------  ----------  --------------  -------------------
/opt/airflow/dags/abc_phones_etl_dag.py                           1           0  1.08s           2026-05-12T15:02:38
================================================================================
[2026-05-12T15:03:09.957+0000] {manager.py:878} INFO - 
================================================================================
DAG File Processing Stats

File Path                                PID    Runtime      # DAGs    # Errors  Last Runtime    Last Run
---------------------------------------  -----  ---------  --------  ----------  --------------  -------------------
/opt/airflow/dags/abc_phones_etl_dag.py                           1           0  0.98s           2026-05-12T15:03:09
================================================================================
[2026-05-12T15:03:40.197+0000] {manager.py:878} INFO - 
================================================================================
DAG File Processing Stats

File Path                                  PID  Runtime      # DAGs    # Errors  Last Runtime    Last Run
---------------------------------------  -----  ---------  --------  ----------  --------------  -------------------
/opt/airflow/dags/abc_phones_etl_dag.py   1415  0.01s             1           0  0.98s           2026-05-12T15:03:09
================================================================================
[2026-05-12T15:04:10.240+0000] {manager.py:878} INFO - 
================================================================================
DAG File Processing Stats

File Path                                PID    Runtime      # DAGs    # Errors  Last Runtime    Last Run
---------------------------------------  -----  ---------  --------  ----------  --------------  -------------------
/opt/airflow/dags/abc_phones_etl_dag.py                           1           0  1.65s           2026-05-12T15:03:41
================================================================================
[2026-05-12T15:04:26.531+0000] {manager.py:737} INFO - Searching for files in /opt/airflow/dags
[2026-05-12T15:04:26.560+0000] {manager.py:740} INFO - There are 1 files in /opt/airflow/dags
[2026-05-12T15:04:40.656+0000] {manager.py:878} INFO - 
================================================================================
DAG File Processing Stats

File Path                                PID    Runtime      # DAGs    # Errors  Last Runtime    Last Run
---------------------------------------  -----  ---------  --------  ----------  --------------  -------------------
/opt/airflow/dags/abc_phones_etl_dag.py                           1           0  1.20s           2026-05-12T15:04:13
================================================================================
[2026-05-12T15:05:10.855+0000] {manager.py:878} INFO - 
================================================================================
DAG File Processing Stats

File Path                                PID    Runtime      # DAGs    # Errors  Last Runtime    Last Run
---------------------------------------  -----  ---------  --------  ----------  --------------  -------------------
/opt/airflow/dags/abc_phones_etl_dag.py                           1           0  1.31s           2026-05-12T15:04:44
================================================================================
[2026-05-12T15:05:41.436+0000] {manager.py:878} INFO - 
================================================================================
DAG File Processing Stats

File Path                                PID    Runtime      # DAGs    # Errors  Last Runtime    Last Run
---------------------------------------  -----  ---------  --------  ----------  --------------  -------------------
/opt/airflow/dags/abc_phones_etl_dag.py                           1           0  1.26s           2026-05-12T15:05:16
================================================================================
[2026-05-12T15:06:11.645+0000] {manager.py:878} INFO - 
================================================================================
DAG File Processing Stats

File Path                                PID    Runtime      # DAGs    # Errors  Last Runtime    Last Run
---------------------------------------  -----  ---------  --------  ----------  --------------  -------------------
/opt/airflow/dags/abc_phones_etl_dag.py                           1           0  1.02s           2026-05-12T15:05:47
================================================================================
[2026-05-12T15:06:41.835+0000] {manager.py:878} INFO - 
================================================================================
DAG File Processing Stats

File Path                                PID    Runtime      # DAGs    # Errors  Last Runtime    Last Run
---------------------------------------  -----  ---------  --------  ----------  --------------  -------------------
/opt/airflow/dags/abc_phones_etl_dag.py                           1           0  1.33s           2026-05-12T15:06:19
================================================================================
[2026-05-12T15:07:12.008+0000] {manager.py:878} INFO - 
================================================================================
DAG File Processing Stats

File Path                                PID    Runtime      # DAGs    # Errors  Last Runtime    Last Run
---------------------------------------  -----  ---------  --------  ----------  --------------  -------------------
/opt/airflow/dags/abc_phones_etl_dag.py                           1           0  0.97s           2026-05-12T15:06:50
================================================================================
[2026-05-12T15:07:42.199+0000] {manager.py:878} INFO - 
================================================================================
DAG File Processing Stats

File Path                                PID    Runtime      # DAGs    # Errors  Last Runtime    Last Run
---------------------------------------  -----  ---------  --------  ----------  --------------  -------------------
/opt/airflow/dags/abc_phones_etl_dag.py                           1           0  0.96s           2026-05-12T15:07:21
================================================================================
[2026-05-12T15:08:12.586+0000] {manager.py:878} INFO - 
================================================================================
DAG File Processing Stats

File Path                                PID    Runtime      # DAGs    # Errors  Last Runtime    Last Run
---------------------------------------  -----  ---------  --------  ----------  --------------  -------------------
/opt/airflow/dags/abc_phones_etl_dag.py                           1           0  1.46s           2026-05-12T15:07:53
================================================================================
[2026-05-12T15:08:43.138+0000] {manager.py:878} INFO - 
================================================================================
DAG File Processing Stats

File Path                                PID    Runtime      # DAGs    # Errors  Last Runtime    Last Run
---------------------------------------  -----  ---------  --------  ----------  --------------  -------------------
/opt/airflow/dags/abc_phones_etl_dag.py                           1           0  1.32s           2026-05-12T15:08:24
================================================================================
[2026-05-12T15:09:13.553+0000] {manager.py:878} INFO - 
================================================================================
DAG File Processing Stats

File Path                                PID    Runtime      # DAGs    # Errors  Last Runtime    Last Run
---------------------------------------  -----  ---------  --------  ----------  --------------  -------------------
/opt/airflow/dags/abc_phones_etl_dag.py                           1           0  1.67s           2026-05-12T15:08:56
================================================================================
[2026-05-12T15:09:26.636+0000] {manager.py:737} INFO - Searching for files in /opt/airflow/dags
[2026-05-12T15:09:26.664+0000] {manager.py:740} INFO - There are 1 files in /opt/airflow/dags
[2026-05-12T15:09:43.936+0000] {manager.py:878} INFO - 
================================================================================
DAG File Processing Stats

File Path                                PID    Runtime      # DAGs    # Errors  Last Runtime    Last Run
---------------------------------------  -----  ---------  --------  ----------  --------------  -------------------
/opt/airflow/dags/abc_phones_etl_dag.py                           1           0  0.85s           2026-05-12T15:09:28
================================================================================
[2026-05-12T15:10:14.411+0000] {manager.py:878} INFO - 
================================================================================
DAG File Processing Stats

File Path                                PID    Runtime      # DAGs    # Errors  Last Runtime    Last Run
---------------------------------------  -----  ---------  --------  ----------  --------------  -------------------
/opt/airflow/dags/abc_phones_etl_dag.py                           1           0  1.21s           2026-05-12T15:09:59
================================================================================
[2026-05-12T15:10:44.760+0000] {manager.py:878} INFO - 
================================================================================
DAG File Processing Stats

File Path                                PID    Runtime      # DAGs    # Errors  Last Runtime    Last Run
---------------------------------------  -----  ---------  --------  ----------  --------------  -------------------
/opt/airflow/dags/abc_phones_etl_dag.py                           1           0  0.77s           2026-05-12T15:10:30
================================================================================
[2026-05-12T15:11:14.838+0000] {manager.py:878} INFO - 
================================================================================
DAG File Processing Stats

File Path                                PID    Runtime      # DAGs    # Errors  Last Runtime    Last Run
---------------------------------------  -----  ---------  --------  ----------  --------------  -------------------
/opt/airflow/dags/abc_phones_etl_dag.py                           1           0  1.14s           2026-05-12T15:11:01
================================================================================
[2026-05-12T15:11:45.292+0000] {manager.py:878} INFO - 
================================================================================
DAG File Processing Stats

File Path                                PID    Runtime      # DAGs    # Errors  Last Runtime    Last Run
---------------------------------------  -----  ---------  --------  ----------  --------------  -------------------
/opt/airflow/dags/abc_phones_etl_dag.py                           1           0  1.18s           2026-05-12T15:11:33
================================================================================
[2026-05-12T15:12:15.348+0000] {manager.py:878} INFO - 
================================================================================
DAG File Processing Stats

File Path                                PID    Runtime      # DAGs    # Errors  Last Runtime    Last Run
---------------------------------------  -----  ---------  --------  ----------  --------------  -------------------
/opt/airflow/dags/abc_phones_etl_dag.py                           1           0  0.85s           2026-05-12T15:12:04
================================================================================
[2026-05-12T15:12:45.353+0000] {manager.py:878} INFO - 
================================================================================
DAG File Processing Stats

File Path                                PID    Runtime      # DAGs    # Errors  Last Runtime    Last Run
---------------------------------------  -----  ---------  --------  ----------  --------------  -------------------
/opt/airflow/dags/abc_phones_etl_dag.py                           1           0  0.81s           2026-05-12T15:12:35
================================================================================
[2026-05-12T15:13:15.699+0000] {manager.py:878} INFO - 
================================================================================
DAG File Processing Stats

File Path                                PID    Runtime      # DAGs    # Errors  Last Runtime    Last Run
---------------------------------------  -----  ---------  --------  ----------  --------------  -------------------
/opt/airflow/dags/abc_phones_etl_dag.py                           1           0  1.41s           2026-05-12T15:13:07
================================================================================
[2026-05-12T15:13:46.319+0000] {manager.py:878} INFO - 
================================================================================
DAG File Processing Stats

File Path                                PID    Runtime      # DAGs    # Errors  Last Runtime    Last Run
---------------------------------------  -----  ---------  --------  ----------  --------------  -------------------
/opt/airflow/dags/abc_phones_etl_dag.py                           1           0  1.38s           2026-05-12T15:13:38
================================================================================
[2026-05-12T15:14:17.167+0000] {manager.py:878} INFO - 
================================================================================
DAG File Processing Stats

File Path                                PID    Runtime      # DAGs    # Errors  Last Runtime    Last Run
---------------------------------------  -----  ---------  --------  ----------  --------------  -------------------
/opt/airflow/dags/abc_phones_etl_dag.py                           1           0  1.47s           2026-05-12T15:14:10
================================================================================
[2026-05-12T15:14:27.265+0000] {manager.py:737} INFO - Searching for files in /opt/airflow/dags
[2026-05-12T15:14:27.287+0000] {manager.py:740} INFO - There are 1 files in /opt/airflow/dags
[2026-05-12T15:14:47.461+0000] {manager.py:878} INFO - 
================================================================================
DAG File Processing Stats

File Path                                PID    Runtime      # DAGs    # Errors  Last Runtime    Last Run
---------------------------------------  -----  ---------  --------  ----------  --------------  -------------------
/opt/airflow/dags/abc_phones_etl_dag.py                           1           0  1.10s           2026-05-12T15:14:41
================================================================================
[2026-05-12T15:15:17.759+0000] {manager.py:878} INFO - 
================================================================================
DAG File Processing Stats

File Path                                PID    Runtime      # DAGs    # Errors  Last Runtime    Last Run
---------------------------------------  -----  ---------  --------  ----------  --------------  -------------------
/opt/airflow/dags/abc_phones_etl_dag.py                           1           0  1.31s           2026-05-12T15:15:12
================================================================================
[2026-05-12T15:15:48.126+0000] {manager.py:878} INFO - 
================================================================================
DAG File Processing Stats

File Path                                PID    Runtime      # DAGs    # Errors  Last Runtime    Last Run
---------------------------------------  -----  ---------  --------  ----------  --------------  -------------------
/opt/airflow/dags/abc_phones_etl_dag.py                           1           0  1.68s           2026-05-12T15:15:44
================================================================================
[2026-05-12T15:16:19.023+0000] {manager.py:878} INFO - 
================================================================================
DAG File Processing Stats

File Path                                PID    Runtime      # DAGs    # Errors  Last Runtime    Last Run
---------------------------------------  -----  ---------  --------  ----------  --------------  -------------------
/opt/airflow/dags/abc_phones_etl_dag.py                           1           0  2.12s           2026-05-12T15:16:17
================================================================================
[2026-05-12T15:16:49.395+0000] {manager.py:878} INFO - 
================================================================================
DAG File Processing Stats

File Path                                PID    Runtime      # DAGs    # Errors  Last Runtime    Last Run
---------------------------------------  -----  ---------  --------  ----------  --------------  -------------------
/opt/airflow/dags/abc_phones_etl_dag.py                           1           0  1.33s           2026-05-12T15:16:48
================================================================================
[2026-05-12T15:17:19.576+0000] {manager.py:878} INFO - 
================================================================================
DAG File Processing Stats

File Path                                  PID  Runtime      # DAGs    # Errors  Last Runtime    Last Run
---------------------------------------  -----  ---------  --------  ----------  --------------  -------------------
/opt/airflow/dags/abc_phones_etl_dag.py   1521  0.69s             1           0  1.33s           2026-05-12T15:16:48
================================================================================
[2026-05-12T15:17:50.095+0000] {manager.py:878} INFO - 
================================================================================
DAG File Processing Stats

File Path                                  PID  Runtime      # DAGs    # Errors  Last Runtime    Last Run
---------------------------------------  -----  ---------  --------  ----------  --------------  -------------------
/opt/airflow/dags/abc_phones_etl_dag.py   1523  0.01s             1           0  1.03s           2026-05-12T15:17:19
================================================================================
[2026-05-12T15:18:20.274+0000] {manager.py:878} INFO - 
================================================================================
DAG File Processing Stats

File Path                                PID    Runtime      # DAGs    # Errors  Last Runtime    Last Run
---------------------------------------  -----  ---------  --------  ----------  --------------  -------------------
/opt/airflow/dags/abc_phones_etl_dag.py                           1           0  1.08s           2026-05-12T15:17:51
================================================================================
[2026-05-12T15:18:50.478+0000] {manager.py:878} INFO - 
================================================================================
DAG File Processing Stats

File Path                                PID    Runtime      # DAGs    # Errors  Last Runtime    Last Run
---------------------------------------  -----  ---------  --------  ----------  --------------  -------------------
/opt/airflow/dags/abc_phones_etl_dag.py                           1           0  1.08s           2026-05-12T15:18:22
================================================================================
[2026-05-12T15:19:20.757+0000] {manager.py:878} INFO - 
================================================================================
DAG File Processing Stats

File Path                                PID    Runtime      # DAGs    # Errors  Last Runtime    Last Run
---------------------------------------  -----  ---------  --------  ----------  --------------  -------------------
/opt/airflow/dags/abc_phones_etl_dag.py                           1           0  1.00s           2026-05-12T15:18:53
================================================================================
[2026-05-12T15:19:27.906+0000] {manager.py:737} INFO - Searching for files in /opt/airflow/dags
[2026-05-12T15:19:27.934+0000] {manager.py:740} INFO - There are 1 files in /opt/airflow/dags
[2026-05-12T15:19:51.112+0000] {manager.py:878} INFO - 
================================================================================
DAG File Processing Stats

File Path                                PID    Runtime      # DAGs    # Errors  Last Runtime    Last Run
---------------------------------------  -----  ---------  --------  ----------  --------------  -------------------
/opt/airflow/dags/abc_phones_etl_dag.py                           1           0  1.18s           2026-05-12T15:19:24
================================================================================
[2026-05-12T15:20:21.260+0000] {manager.py:878} INFO - 
================================================================================
DAG File Processing Stats

File Path                                PID    Runtime      # DAGs    # Errors  Last Runtime    Last Run
---------------------------------------  -----  ---------  --------  ----------  --------------  -------------------
/opt/airflow/dags/abc_phones_etl_dag.py                           1           0  0.84s           2026-05-12T15:19:55
================================================================================
[2026-05-12T15:20:51.462+0000] {manager.py:878} INFO - 
================================================================================
DAG File Processing Stats

File Path                                PID    Runtime      # DAGs    # Errors  Last Runtime    Last Run
---------------------------------------  -----  ---------  --------  ----------  --------------  -------------------
/opt/airflow/dags/abc_phones_etl_dag.py                           1           0  1.95s           2026-05-12T15:20:28
================================================================================
[2026-05-12T15:21:22.144+0000] {manager.py:878} INFO - 
================================================================================
DAG File Processing Stats

File Path                                PID    Runtime      # DAGs    # Errors  Last Runtime    Last Run
---------------------------------------  -----  ---------  --------  ----------  --------------  -------------------
/opt/airflow/dags/abc_phones_etl_dag.py                           1           0  0.73s           2026-05-12T15:20:59
================================================================================
[2026-05-12T15:21:52.175+0000] {manager.py:878} INFO - 
================================================================================
DAG File Processing Stats

File Path                                PID    Runtime      # DAGs    # Errors  Last Runtime    Last Run
---------------------------------------  -----  ---------  --------  ----------  --------------  -------------------
/opt/airflow/dags/abc_phones_etl_dag.py                           1           0  1.20s           2026-05-12T15:21:30
================================================================================
[2026-05-12T15:22:22.447+0000] {manager.py:878} INFO - 
================================================================================
DAG File Processing Stats

File Path                                PID    Runtime      # DAGs    # Errors  Last Runtime    Last Run
---------------------------------------  -----  ---------  --------  ----------  --------------  -------------------
/opt/airflow/dags/abc_phones_etl_dag.py                           1           0  1.83s           2026-05-12T15:22:02
================================================================================
[2026-05-12T15:22:52.690+0000] {manager.py:878} INFO - 
================================================================================
DAG File Processing Stats

File Path                                PID    Runtime      # DAGs    # Errors  Last Runtime    Last Run
---------------------------------------  -----  ---------  --------  ----------  --------------  -------------------
/opt/airflow/dags/abc_phones_etl_dag.py                           1           0  0.71s           2026-05-12T15:22:33
================================================================================
[2026-05-12T15:23:23.023+0000] {manager.py:878} INFO - 
================================================================================
DAG File Processing Stats

File Path                                PID    Runtime      # DAGs    # Errors  Last Runtime    Last Run
---------------------------------------  -----  ---------  --------  ----------  --------------  -------------------
/opt/airflow/dags/abc_phones_etl_dag.py                           1           0  1.17s           2026-05-12T15:23:04
================================================================================
[2026-05-12T15:23:53.333+0000] {manager.py:878} INFO - 
================================================================================
DAG File Processing Stats

File Path                                PID    Runtime      # DAGs    # Errors  Last Runtime    Last Run
---------------------------------------  -----  ---------  --------  ----------  --------------  -------------------
/opt/airflow/dags/abc_phones_etl_dag.py                           1           0  1.03s           2026-05-12T15:23:36
================================================================================
[2026-05-12T15:24:23.619+0000] {manager.py:878} INFO - 
================================================================================
DAG File Processing Stats

File Path                                PID    Runtime      # DAGs    # Errors  Last Runtime    Last Run
---------------------------------------  -----  ---------  --------  ----------  --------------  -------------------
/opt/airflow/dags/abc_phones_etl_dag.py                           1           0  1.34s           2026-05-12T15:24:07
================================================================================
[2026-05-12T15:24:27.956+0000] {manager.py:737} INFO - Searching for files in /opt/airflow/dags
[2026-05-12T15:24:27.990+0000] {manager.py:740} INFO - There are 1 files in /opt/airflow/dags
[2026-05-12T15:24:53.779+0000] {manager.py:878} INFO - 
================================================================================
DAG File Processing Stats

File Path                                PID    Runtime      # DAGs    # Errors  Last Runtime    Last Run
---------------------------------------  -----  ---------  --------  ----------  --------------  -------------------
/opt/airflow/dags/abc_phones_etl_dag.py                           1           0  0.94s           2026-05-12T15:24:39
================================================================================
[2026-05-12T15:25:24.358+0000] {manager.py:878} INFO - 
================================================================================
DAG File Processing Stats

File Path                                PID    Runtime      # DAGs    # Errors  Last Runtime    Last Run
---------------------------------------  -----  ---------  --------  ----------  --------------  -------------------
/opt/airflow/dags/abc_phones_etl_dag.py                           1           0  1.25s           2026-05-12T15:25:10
================================================================================
[2026-05-12T15:25:54.612+0000] {manager.py:878} INFO - 
================================================================================
DAG File Processing Stats

File Path                                PID    Runtime      # DAGs    # Errors  Last Runtime    Last Run
---------------------------------------  -----  ---------  --------  ----------  --------------  -------------------
/opt/airflow/dags/abc_phones_etl_dag.py                           1           0  1.89s           2026-05-12T15:25:42
================================================================================
[2026-05-12T15:26:24.929+0000] {manager.py:878} INFO - 
================================================================================
DAG File Processing Stats

File Path                                PID    Runtime      # DAGs    # Errors  Last Runtime    Last Run
---------------------------------------  -----  ---------  --------  ----------  --------------  -------------------
/opt/airflow/dags/abc_phones_etl_dag.py                           1           0  1.32s           2026-05-12T15:26:14
================================================================================
[2026-05-12T15:26:55.027+0000] {manager.py:878} INFO - 
================================================================================
DAG File Processing Stats

File Path                                PID    Runtime      # DAGs    # Errors  Last Runtime    Last Run
---------------------------------------  -----  ---------  --------  ----------  --------------  -------------------
/opt/airflow/dags/abc_phones_etl_dag.py                           1           0  2.83s           2026-05-12T15:26:47
================================================================================
[2026-05-12T15:27:25.150+0000] {manager.py:878} INFO - 
================================================================================
DAG File Processing Stats

File Path                                PID    Runtime      # DAGs    # Errors  Last Runtime    Last Run
---------------------------------------  -----  ---------  --------  ----------  --------------  -------------------
/opt/airflow/dags/abc_phones_etl_dag.py                           1           0  4.45s           2026-05-12T15:27:22
================================================================================
[2026-05-12T15:27:55.251+0000] {manager.py:878} INFO - 
================================================================================
DAG File Processing Stats

File Path                                PID    Runtime      # DAGs    # Errors  Last Runtime    Last Run
---------------------------------------  -----  ---------  --------  ----------  --------------  -------------------
/opt/airflow/dags/abc_phones_etl_dag.py                           1           0  2.28s           2026-05-12T15:27:54
================================================================================
[2026-05-12T15:28:25.611+0000] {manager.py:878} INFO - 
================================================================================
DAG File Processing Stats

File Path                                  PID  Runtime      # DAGs    # Errors  Last Runtime    Last Run
---------------------------------------  -----  ---------  --------  ----------  --------------  -------------------
/opt/airflow/dags/abc_phones_etl_dag.py   1593  1.05s             1           0  2.28s           2026-05-12T15:27:54
================================================================================
[2026-05-12T15:28:55.616+0000] {manager.py:878} INFO - 
================================================================================
DAG File Processing Stats

File Path                                PID    Runtime      # DAGs    # Errors  Last Runtime    Last Run
---------------------------------------  -----  ---------  --------  ----------  --------------  -------------------
/opt/airflow/dags/abc_phones_etl_dag.py                           1           0  1.64s           2026-05-12T15:28:26
================================================================================
[2026-05-12T15:29:25.836+0000] {manager.py:878} INFO - 
================================================================================
DAG File Processing Stats

File Path                                PID    Runtime      # DAGs    # Errors  Last Runtime    Last Run
---------------------------------------  -----  ---------  --------  ----------  --------------  -------------------
/opt/airflow/dags/abc_phones_etl_dag.py                           1           0  1.12s           2026-05-12T15:28:57
================================================================================
[2026-05-12T15:29:27.957+0000] {manager.py:737} INFO - Searching for files in /opt/airflow/dags
[2026-05-12T15:29:27.988+0000] {manager.py:740} INFO - There are 1 files in /opt/airflow/dags
[2026-05-12T15:29:56.204+0000] {manager.py:878} INFO - 
================================================================================
DAG File Processing Stats

File Path                                PID    Runtime      # DAGs    # Errors  Last Runtime    Last Run
---------------------------------------  -----  ---------  --------  ----------  --------------  -------------------
/opt/airflow/dags/abc_phones_etl_dag.py                           1           0  1.32s           2026-05-12T15:29:29
================================================================================
[2026-05-12T15:30:26.647+0000] {manager.py:878} INFO - 
================================================================================
DAG File Processing Stats

File Path                                PID    Runtime      # DAGs    # Errors  Last Runtime    Last Run
---------------------------------------  -----  ---------  --------  ----------  --------------  -------------------
/opt/airflow/dags/abc_phones_etl_dag.py                           1           0  1.61s           2026-05-12T15:30:00
================================================================================
[2026-05-12T15:30:56.950+0000] {manager.py:878} INFO - 
================================================================================
DAG File Processing Stats

File Path                                PID    Runtime      # DAGs    # Errors  Last Runtime    Last Run
---------------------------------------  -----  ---------  --------  ----------  --------------  -------------------
/opt/airflow/dags/abc_phones_etl_dag.py                           1           0  0.95s           2026-05-12T15:30:32
================================================================================
[2026-05-12T15:31:27.108+0000] {manager.py:878} INFO - 
================================================================================
DAG File Processing Stats

File Path                                PID    Runtime      # DAGs    # Errors  Last Runtime    Last Run
---------------------------------------  -----  ---------  --------  ----------  --------------  -------------------
/opt/airflow/dags/abc_phones_etl_dag.py                           1           0  1.19s           2026-05-12T15:31:03
================================================================================
[2026-05-12T15:31:57.614+0000] {manager.py:878} INFO - 
================================================================================
DAG File Processing Stats

File Path                                PID    Runtime      # DAGs    # Errors  Last Runtime    Last Run
---------------------------------------  -----  ---------  --------  ----------  --------------  -------------------
/opt/airflow/dags/abc_phones_etl_dag.py                           1           0  3.51s           2026-05-12T15:31:37
================================================================================
[2026-05-12T15:32:27.853+0000] {manager.py:878} INFO - 
================================================================================
DAG File Processing Stats

File Path                                PID    Runtime      # DAGs    # Errors  Last Runtime    Last Run
---------------------------------------  -----  ---------  --------  ----------  --------------  -------------------
/opt/airflow/dags/abc_phones_etl_dag.py                           1           0  1.59s           2026-05-12T15:32:09
================================================================================
[2026-05-12T15:32:58.673+0000] {manager.py:878} INFO - 
================================================================================
DAG File Processing Stats

File Path                                PID    Runtime      # DAGs    # Errors  Last Runtime    Last Run
---------------------------------------  -----  ---------  --------  ----------  --------------  -------------------
/opt/airflow/dags/abc_phones_etl_dag.py                           1           0  1.01s           2026-05-12T15:32:40
================================================================================
[2026-05-12T15:33:28.964+0000] {manager.py:878} INFO - 
================================================================================
DAG File Processing Stats

File Path                                PID    Runtime      # DAGs    # Errors  Last Runtime    Last Run
---------------------------------------  -----  ---------  --------  ----------  --------------  -------------------
/opt/airflow/dags/abc_phones_etl_dag.py                           1           0  1.26s           2026-05-12T15:33:12
================================================================================
[2026-05-12T15:33:59.387+0000] {manager.py:878} INFO - 
================================================================================
DAG File Processing Stats

File Path                                PID    Runtime      # DAGs    # Errors  Last Runtime    Last Run
---------------------------------------  -----  ---------  --------  ----------  --------------  -------------------
/opt/airflow/dags/abc_phones_etl_dag.py                           1           0  1.12s           2026-05-12T15:33:43
================================================================================
[2026-05-12T15:34:28.111+0000] {manager.py:737} INFO - Searching for files in /opt/airflow/dags
[2026-05-12T15:34:28.340+0000] {manager.py:740} INFO - There are 1 files in /opt/airflow/dags
[2026-05-12T15:34:29.414+0000] {manager.py:878} INFO - 
================================================================================
DAG File Processing Stats

File Path                                PID    Runtime      # DAGs    # Errors  Last Runtime    Last Run
---------------------------------------  -----  ---------  --------  ----------  --------------  -------------------
/opt/airflow/dags/abc_phones_etl_dag.py                           1           0  1.65s           2026-05-12T15:34:15
================================================================================
[2026-05-12T15:34:59.695+0000] {manager.py:878} INFO - 
================================================================================
DAG File Processing Stats

File Path                                PID    Runtime      # DAGs    # Errors  Last Runtime    Last Run
---------------------------------------  -----  ---------  --------  ----------  --------------  -------------------
/opt/airflow/dags/abc_phones_etl_dag.py                           1           0  1.27s           2026-05-12T15:34:47
================================================================================
[2026-05-12T15:35:30.142+0000] {manager.py:878} INFO - 
================================================================================
DAG File Processing Stats

File Path                                PID    Runtime      # DAGs    # Errors  Last Runtime    Last Run
---------------------------------------  -----  ---------  --------  ----------  --------------  -------------------
/opt/airflow/dags/abc_phones_etl_dag.py                           1           0  1.17s           2026-05-12T15:35:19
================================================================================
[2026-05-12T15:36:00.390+0000] {manager.py:878} INFO - 
================================================================================
DAG File Processing Stats

File Path                                PID    Runtime      # DAGs    # Errors  Last Runtime    Last Run
---------------------------------------  -----  ---------  --------  ----------  --------------  -------------------
/opt/airflow/dags/abc_phones_etl_dag.py                           1           0  1.01s           2026-05-12T15:35:50
================================================================================
[2026-05-12T15:36:30.657+0000] {manager.py:878} INFO - 
================================================================================
DAG File Processing Stats

File Path                                PID    Runtime      # DAGs    # Errors  Last Runtime    Last Run
---------------------------------------  -----  ---------  --------  ----------  --------------  -------------------
/opt/airflow/dags/abc_phones_etl_dag.py                           1           0  0.81s           2026-05-12T15:36:21
================================================================================
[2026-05-12T15:37:01.058+0000] {manager.py:878} INFO - 
================================================================================
DAG File Processing Stats

File Path                                PID    Runtime      # DAGs    # Errors  Last Runtime    Last Run
---------------------------------------  -----  ---------  --------  ----------  --------------  -------------------
/opt/airflow/dags/abc_phones_etl_dag.py                           1           0  1.86s           2026-05-12T15:36:54
================================================================================
[2026-05-12T15:37:31.631+0000] {manager.py:878} INFO - 
================================================================================
DAG File Processing Stats

File Path                                PID    Runtime      # DAGs    # Errors  Last Runtime    Last Run
---------------------------------------  -----  ---------  --------  ----------  --------------  -------------------
/opt/airflow/dags/abc_phones_etl_dag.py                           1           0  1.33s           2026-05-12T15:37:25
================================================================================
[2026-05-12T15:38:02.071+0000] {manager.py:878} INFO - 
================================================================================
DAG File Processing Stats

File Path                                PID    Runtime      # DAGs    # Errors  Last Runtime    Last Run
---------------------------------------  -----  ---------  --------  ----------  --------------  -------------------
/opt/airflow/dags/abc_phones_etl_dag.py                           1           0  0.74s           2026-05-12T15:37:56
================================================================================
[2026-05-12T15:38:32.241+0000] {manager.py:878} INFO - 
================================================================================
DAG File Processing Stats

File Path                                PID    Runtime      # DAGs    # Errors  Last Runtime    Last Run
---------------------------------------  -----  ---------  --------  ----------  --------------  -------------------
/opt/airflow/dags/abc_phones_etl_dag.py                           1           0  0.90s           2026-05-12T15:38:27
================================================================================
[2026-05-12T15:39:02.415+0000] {manager.py:878} INFO - 
================================================================================
DAG File Processing Stats

File Path                                PID    Runtime      # DAGs    # Errors  Last Runtime    Last Run
---------------------------------------  -----  ---------  --------  ----------  --------------  -------------------
/opt/airflow/dags/abc_phones_etl_dag.py                           1           0  0.74s           2026-05-12T15:38:58
================================================================================
[2026-05-12T15:39:28.574+0000] {manager.py:737} INFO - Searching for files in /opt/airflow/dags
[2026-05-12T15:39:28.608+0000] {manager.py:740} INFO - There are 1 files in /opt/airflow/dags
[2026-05-12T15:39:32.700+0000] {manager.py:878} INFO - 
================================================================================
DAG File Processing Stats

File Path                                PID    Runtime      # DAGs    # Errors  Last Runtime    Last Run
---------------------------------------  -----  ---------  --------  ----------  --------------  -------------------
/opt/airflow/dags/abc_phones_etl_dag.py                           1           0  1.44s           2026-05-12T15:39:30
================================================================================
[2026-05-12T15:40:03.276+0000] {manager.py:878} INFO - 
================================================================================
DAG File Processing Stats

File Path                                PID    Runtime      # DAGs    # Errors  Last Runtime    Last Run
---------------------------------------  -----  ---------  --------  ----------  --------------  -------------------
/opt/airflow/dags/abc_phones_etl_dag.py                           1           0  1.03s           2026-05-12T15:40:01
================================================================================
[2026-05-12T15:40:33.484+0000] {manager.py:878} INFO - 
================================================================================
DAG File Processing Stats

File Path                                PID    Runtime      # DAGs    # Errors  Last Runtime    Last Run
---------------------------------------  -----  ---------  --------  ----------  --------------  -------------------
/opt/airflow/dags/abc_phones_etl_dag.py                           1           0  1.10s           2026-05-12T15:40:32
================================================================================
[2026-05-12T15:41:03.717+0000] {manager.py:878} INFO - 
================================================================================
DAG File Processing Stats

File Path                                PID    Runtime      # DAGs    # Errors  Last Runtime    Last Run
---------------------------------------  -----  ---------  --------  ----------  --------------  -------------------
/opt/airflow/dags/abc_phones_etl_dag.py                           1           0  0.67s           2026-05-12T15:41:03
================================================================================
[2026-05-12T15:41:33.913+0000] {manager.py:878} INFO - 
================================================================================
DAG File Processing Stats

File Path                                  PID  Runtime      # DAGs    # Errors  Last Runtime    Last Run
---------------------------------------  -----  ---------  --------  ----------  --------------  -------------------
/opt/airflow/dags/abc_phones_etl_dag.py   1679  0.37s             1           0  0.67s           2026-05-12T15:41:03
================================================================================
[2026-05-12T15:42:04.201+0000] {manager.py:878} INFO - 
================================================================================
DAG File Processing Stats

File Path                                PID    Runtime      # DAGs    # Errors  Last Runtime    Last Run
---------------------------------------  -----  ---------  --------  ----------  --------------  -------------------
/opt/airflow/dags/abc_phones_etl_dag.py                           1           0  0.88s           2026-05-12T15:41:34
================================================================================
[2026-05-12T15:42:34.374+0000] {manager.py:878} INFO - 
================================================================================
DAG File Processing Stats

File Path                                PID    Runtime      # DAGs    # Errors  Last Runtime    Last Run
---------------------------------------  -----  ---------  --------  ----------  --------------  -------------------
/opt/airflow/dags/abc_phones_etl_dag.py                           1           0  0.77s           2026-05-12T15:42:05
================================================================================
[2026-05-12T15:43:04.628+0000] {manager.py:878} INFO - 
================================================================================
DAG File Processing Stats

File Path                                PID    Runtime      # DAGs    # Errors  Last Runtime    Last Run
---------------------------------------  -----  ---------  --------  ----------  --------------  -------------------
/opt/airflow/dags/abc_phones_etl_dag.py                           1           0  0.78s           2026-05-12T15:42:36
================================================================================
[2026-05-12T15:43:35.376+0000] {manager.py:878} INFO - 
================================================================================
DAG File Processing Stats

File Path                                PID    Runtime      # DAGs    # Errors  Last Runtime    Last Run
---------------------------------------  -----  ---------  --------  ----------  --------------  -------------------
/opt/airflow/dags/abc_phones_etl_dag.py                           1           0  1.57s           2026-05-12T15:43:33
================================================================================
[2026-05-12T15:44:05.580+0000] {manager.py:878} INFO - 
================================================================================
DAG File Processing Stats

File Path                                PID    Runtime      # DAGs    # Errors  Last Runtime    Last Run
---------------------------------------  -----  ---------  --------  ----------  --------------  -------------------
/opt/airflow/dags/abc_phones_etl_dag.py                           1           0  0.95s           2026-05-12T15:44:04
================================================================================
[2026-05-12T15:44:28.824+0000] {manager.py:737} INFO - Searching for files in /opt/airflow/dags
[2026-05-12T15:44:28.840+0000] {manager.py:740} INFO - There are 1 files in /opt/airflow/dags
[2026-05-12T15:44:35.726+0000] {manager.py:878} INFO - 
================================================================================
DAG File Processing Stats

File Path                                PID    Runtime      # DAGs    # Errors  Last Runtime    Last Run
---------------------------------------  -----  ---------  --------  ----------  --------------  -------------------
/opt/airflow/dags/abc_phones_etl_dag.py                           1           0  0.83s           2026-05-12T15:44:35
================================================================================
[2026-05-12T15:45:05.913+0000] {manager.py:878} INFO - 
================================================================================
DAG File Processing Stats

File Path                                  PID  Runtime      # DAGs    # Errors  Last Runtime    Last Run
---------------------------------------  -----  ---------  --------  ----------  --------------  -------------------
/opt/airflow/dags/abc_phones_etl_dag.py   1693  0.00s             1           0  0.83s           2026-05-12T15:44:35
================================================================================
[2026-05-12T15:45:36.411+0000] {manager.py:878} INFO - 
================================================================================
DAG File Processing Stats

File Path                                PID    Runtime      # DAGs    # Errors  Last Runtime    Last Run
---------------------------------------  -----  ---------  --------  ----------  --------------  -------------------
/opt/airflow/dags/abc_phones_etl_dag.py                           1           0  1.56s           2026-05-12T15:45:07
================================================================================
[2026-05-12T15:46:06.583+0000] {manager.py:878} INFO - 
================================================================================
DAG File Processing Stats

File Path                                PID    Runtime      # DAGs    # Errors  Last Runtime    Last Run
---------------------------------------  -----  ---------  --------  ----------  --------------  -------------------
/opt/airflow/dags/abc_phones_etl_dag.py                           1           0  0.86s           2026-05-12T15:45:38
================================================================================
[2026-05-12T15:46:36.792+0000] {manager.py:878} INFO - 
================================================================================
DAG File Processing Stats

File Path                                PID    Runtime      # DAGs    # Errors  Last Runtime    Last Run
---------------------------------------  -----  ---------  --------  ----------  --------------  -------------------
/opt/airflow/dags/abc_phones_etl_dag.py                           1           0  1.41s           2026-05-12T15:46:10
================================================================================
[2026-05-12T15:47:06.969+0000] {manager.py:878} INFO - 
================================================================================
DAG File Processing Stats

File Path                                PID    Runtime      # DAGs    # Errors  Last Runtime    Last Run
---------------------------------------  -----  ---------  --------  ----------  --------------  -------------------
/opt/airflow/dags/abc_phones_etl_dag.py                           1           0  0.76s           2026-05-12T15:46:40
================================================================================
[2026-05-12T15:47:36.972+0000] {manager.py:878} INFO - 
================================================================================
DAG File Processing Stats

File Path                                PID    Runtime      # DAGs    # Errors  Last Runtime    Last Run
---------------------------------------  -----  ---------  --------  ----------  --------------  -------------------
/opt/airflow/dags/abc_phones_etl_dag.py                           1           0  0.83s           2026-05-12T15:47:11
================================================================================
[2026-05-12T15:48:07.038+0000] {manager.py:878} INFO - 
================================================================================
DAG File Processing Stats

File Path                                PID    Runtime      # DAGs    # Errors  Last Runtime    Last Run
---------------------------------------  -----  ---------  --------  ----------  --------------  -------------------
/opt/airflow/dags/abc_phones_etl_dag.py                           1           0  0.90s           2026-05-12T15:47:42
================================================================================
[2026-05-12T15:48:37.316+0000] {manager.py:878} INFO - 
================================================================================
DAG File Processing Stats

File Path                                PID    Runtime      # DAGs    # Errors  Last Runtime    Last Run
---------------------------------------  -----  ---------  --------  ----------  --------------  -------------------
/opt/airflow/dags/abc_phones_etl_dag.py                           1           0  1.34s           2026-05-12T15:48:14
================================================================================
[2026-05-12T15:49:07.751+0000] {manager.py:878} INFO - 
================================================================================
DAG File Processing Stats

File Path                                PID    Runtime      # DAGs    # Errors  Last Runtime    Last Run
---------------------------------------  -----  ---------  --------  ----------  --------------  -------------------
/opt/airflow/dags/abc_phones_etl_dag.py                           1           0  1.02s           2026-05-12T15:48:45
================================================================================
[2026-05-12T15:49:28.937+0000] {manager.py:737} INFO - Searching for files in /opt/airflow/dags
[2026-05-12T15:49:28.959+0000] {manager.py:740} INFO - There are 1 files in /opt/airflow/dags
[2026-05-12T15:49:38.035+0000] {manager.py:878} INFO - 
================================================================================
DAG File Processing Stats

File Path                                PID    Runtime      # DAGs    # Errors  Last Runtime    Last Run
---------------------------------------  -----  ---------  --------  ----------  --------------  -------------------
/opt/airflow/dags/abc_phones_etl_dag.py                           0           1  0.14s           2026-05-12T15:49:15
================================================================================
[2026-05-12T15:50:08.301+0000] {manager.py:878} INFO - 
================================================================================
DAG File Processing Stats

File Path                                PID    Runtime      # DAGs    # Errors  Last Runtime    Last Run
---------------------------------------  -----  ---------  --------  ----------  --------------  -------------------
/opt/airflow/dags/abc_phones_etl_dag.py                           0           1  0.10s           2026-05-12T15:49:46
================================================================================
[2026-05-12T15:50:38.580+0000] {manager.py:878} INFO - 
================================================================================
DAG File Processing Stats

File Path                                PID    Runtime      # DAGs    # Errors  Last Runtime    Last Run
---------------------------------------  -----  ---------  --------  ----------  --------------  -------------------
/opt/airflow/dags/abc_phones_etl_dag.py                           0           1  0.11s           2026-05-12T15:50:16
================================================================================
[2026-05-12T15:51:08.774+0000] {manager.py:878} INFO - 
================================================================================
DAG File Processing Stats

File Path                                PID    Runtime      # DAGs    # Errors  Last Runtime    Last Run
---------------------------------------  -----  ---------  --------  ----------  --------------  -------------------
/opt/airflow/dags/abc_phones_etl_dag.py                           1           0  1.01s           2026-05-12T15:50:44
================================================================================
[2026-05-12T15:51:38.929+0000] {manager.py:878} INFO - 
================================================================================
DAG File Processing Stats

File Path                                PID    Runtime      # DAGs    # Errors  Last Runtime    Last Run
---------------------------------------  -----  ---------  --------  ----------  --------------  -------------------
/opt/airflow/dags/abc_phones_etl_dag.py                           1           0  0.82s           2026-05-12T15:51:15
================================================================================
[2026-05-12T15:52:09.351+0000] {manager.py:878} INFO - 
================================================================================
DAG File Processing Stats

File Path                                PID    Runtime      # DAGs    # Errors  Last Runtime    Last Run
---------------------------------------  -----  ---------  --------  ----------  --------------  -------------------
/opt/airflow/dags/abc_phones_etl_dag.py                           1           0  0.79s           2026-05-12T15:51:46
================================================================================
[2026-05-12T15:52:39.512+0000] {manager.py:878} INFO - 
================================================================================
DAG File Processing Stats

File Path                                PID    Runtime      # DAGs    # Errors  Last Runtime    Last Run
---------------------------------------  -----  ---------  --------  ----------  --------------  -------------------
/opt/airflow/dags/abc_phones_etl_dag.py                           1           0  0.80s           2026-05-12T15:52:17
================================================================================
[2026-05-12T15:53:10.037+0000] {manager.py:878} INFO - 
================================================================================
DAG File Processing Stats

File Path                                PID    Runtime      # DAGs    # Errors  Last Runtime    Last Run
---------------------------------------  -----  ---------  --------  ----------  --------------  -------------------
/opt/airflow/dags/abc_phones_etl_dag.py                           1           0  1.14s           2026-05-12T15:52:49
================================================================================
[2026-05-12T15:53:40.142+0000] {manager.py:878} INFO - 
================================================================================
DAG File Processing Stats

File Path                                PID    Runtime      # DAGs    # Errors  Last Runtime    Last Run
---------------------------------------  -----  ---------  --------  ----------  --------------  -------------------
/opt/airflow/dags/abc_phones_etl_dag.py                           1           0  0.87s           2026-05-12T15:53:19
================================================================================
[2026-05-12T15:54:10.477+0000] {manager.py:878} INFO - 
================================================================================
DAG File Processing Stats

File Path                                PID    Runtime      # DAGs    # Errors  Last Runtime    Last Run
---------------------------------------  -----  ---------  --------  ----------  --------------  -------------------
/opt/airflow/dags/abc_phones_etl_dag.py                           1           0  1.07s           2026-05-12T15:53:51
================================================================================
[2026-05-12T15:54:29.509+0000] {manager.py:737} INFO - Searching for files in /opt/airflow/dags
[2026-05-12T15:54:29.637+0000] {manager.py:740} INFO - There are 1 files in /opt/airflow/dags
[2026-05-12T15:54:40.734+0000] {manager.py:878} INFO - 
================================================================================
DAG File Processing Stats

File Path                                PID    Runtime      # DAGs    # Errors  Last Runtime    Last Run
---------------------------------------  -----  ---------  --------  ----------  --------------  -------------------
/opt/airflow/dags/abc_phones_etl_dag.py                           1           0  0.91s           2026-05-12T15:54:22
================================================================================
[2026-05-12T15:55:11.081+0000] {manager.py:878} INFO - 
================================================================================
DAG File Processing Stats

File Path                                PID    Runtime      # DAGs    # Errors  Last Runtime    Last Run
---------------------------------------  -----  ---------  --------  ----------  --------------  -------------------
/opt/airflow/dags/abc_phones_etl_dag.py                           1           0  0.99s           2026-05-12T15:54:53
================================================================================
[2026-05-12T15:55:41.316+0000] {manager.py:878} INFO - 
================================================================================
DAG File Processing Stats

File Path                                PID    Runtime      # DAGs    # Errors  Last Runtime    Last Run
---------------------------------------  -----  ---------  --------  ----------  --------------  -------------------
/opt/airflow/dags/abc_phones_etl_dag.py                           1           0  0.77s           2026-05-12T15:55:24
================================================================================
[2026-05-12T15:56:11.462+0000] {manager.py:878} INFO - 
================================================================================
DAG File Processing Stats

File Path                                PID    Runtime      # DAGs    # Errors  Last Runtime    Last Run
---------------------------------------  -----  ---------  --------  ----------  --------------  -------------------
/opt/airflow/dags/abc_phones_etl_dag.py                           1           0  4.62s           2026-05-12T15:56:00
================================================================================
[2026-05-12T15:56:41.753+0000] {manager.py:878} INFO - 
================================================================================
DAG File Processing Stats

File Path                                PID    Runtime      # DAGs    # Errors  Last Runtime    Last Run
---------------------------------------  -----  ---------  --------  ----------  --------------  -------------------
/opt/airflow/dags/abc_phones_etl_dag.py                           1           0  0.92s           2026-05-12T15:56:32
================================================================================
[2026-05-12T15:57:11.951+0000] {manager.py:878} INFO - 
================================================================================
DAG File Processing Stats

File Path                                PID    Runtime      # DAGs    # Errors  Last Runtime    Last Run
---------------------------------------  -----  ---------  --------  ----------  --------------  -------------------
/opt/airflow/dags/abc_phones_etl_dag.py                           1           0  0.97s           2026-05-12T15:57:03
================================================================================
[2026-05-12T15:57:42.113+0000] {manager.py:878} INFO - 
================================================================================
DAG File Processing Stats

File Path                                PID    Runtime      # DAGs    # Errors  Last Runtime    Last Run
---------------------------------------  -----  ---------  --------  ----------  --------------  -------------------
/opt/airflow/dags/abc_phones_etl_dag.py                           1           0  0.98s           2026-05-12T15:57:34
================================================================================
[2026-05-12T15:58:12.384+0000] {manager.py:878} INFO - 
================================================================================
DAG File Processing Stats

File Path                                PID    Runtime      # DAGs    # Errors  Last Runtime    Last Run
---------------------------------------  -----  ---------  --------  ----------  --------------  -------------------
/opt/airflow/dags/abc_phones_etl_dag.py                           1           0  1.36s           2026-05-12T15:58:06
================================================================================
[2026-05-12T15:58:42.520+0000] {manager.py:878} INFO - 
================================================================================
DAG File Processing Stats

File Path                                PID    Runtime      # DAGs    # Errors  Last Runtime    Last Run
---------------------------------------  -----  ---------  --------  ----------  --------------  -------------------
/opt/airflow/dags/abc_phones_etl_dag.py                           1           0  0.93s           2026-05-12T15:58:37
================================================================================
[2026-05-12T15:59:12.861+0000] {manager.py:878} INFO - 
================================================================================
DAG File Processing Stats

File Path                                PID    Runtime      # DAGs    # Errors  Last Runtime    Last Run
---------------------------------------  -----  ---------  --------  ----------  --------------  -------------------
/opt/airflow/dags/abc_phones_etl_dag.py                           1           0  1.30s           2026-05-12T15:59:08
================================================================================
[2026-05-12T15:59:30.059+0000] {manager.py:737} INFO - Searching for files in /opt/airflow/dags
[2026-05-12T15:59:30.095+0000] {manager.py:740} INFO - There are 1 files in /opt/airflow/dags
[2026-05-12T15:59:43.301+0000] {manager.py:878} INFO - 
================================================================================
DAG File Processing Stats

File Path                                PID    Runtime      # DAGs    # Errors  Last Runtime    Last Run
---------------------------------------  -----  ---------  --------  ----------  --------------  -------------------
/opt/airflow/dags/abc_phones_etl_dag.py                           1           0  1.42s           2026-05-12T15:59:40
================================================================================
[2026-05-12T16:00:13.568+0000] {manager.py:878} INFO - 
================================================================================
DAG File Processing Stats

File Path                                PID    Runtime      # DAGs    # Errors  Last Runtime    Last Run
---------------------------------------  -----  ---------  --------  ----------  --------------  -------------------
/opt/airflow/dags/abc_phones_etl_dag.py                           1           0  1.86s           2026-05-12T16:00:12
================================================================================
[2026-05-12T16:00:43.975+0000] {manager.py:878} INFO - 
================================================================================
DAG File Processing Stats

File Path                                PID    Runtime      # DAGs    # Errors  Last Runtime    Last Run
---------------------------------------  -----  ---------  --------  ----------  --------------  -------------------
/opt/airflow/dags/abc_phones_etl_dag.py                           1           0  0.85s           2026-05-12T16:00:43
================================================================================
[2026-05-12T16:01:14.359+0000] {manager.py:878} INFO - 
================================================================================
DAG File Processing Stats

File Path                                PID    Runtime      # DAGs    # Errors  Last Runtime    Last Run
---------------------------------------  -----  ---------  --------  ----------  --------------  -------------------
/opt/airflow/dags/abc_phones_etl_dag.py                           1           0  0.94s           2026-05-12T16:01:01
================================================================================
[2026-05-12T16:01:44.605+0000] {manager.py:878} INFO - 
================================================================================
DAG File Processing Stats

File Path                                PID    Runtime      # DAGs    # Errors  Last Runtime    Last Run
---------------------------------------  -----  ---------  --------  ----------  --------------  -------------------
/opt/airflow/dags/abc_phones_etl_dag.py                           1           0  0.79s           2026-05-12T16:01:32
================================================================================
[2026-05-12T16:02:14.956+0000] {manager.py:878} INFO - 
================================================================================
DAG File Processing Stats

File Path                                PID    Runtime      # DAGs    # Errors  Last Runtime    Last Run
---------------------------------------  -----  ---------  --------  ----------  --------------  -------------------
/opt/airflow/dags/abc_phones_etl_dag.py                           1           0  0.98s           2026-05-12T16:02:03
================================================================================
[2026-05-12T16:02:45.196+0000] {manager.py:878} INFO - 
================================================================================
DAG File Processing Stats

File Path                                PID    Runtime      # DAGs    # Errors  Last Runtime    Last Run
---------------------------------------  -----  ---------  --------  ----------  --------------  -------------------
/opt/airflow/dags/abc_phones_etl_dag.py                           1           0  0.95s           2026-05-12T16:02:34
================================================================================
[2026-05-12T16:03:15.442+0000] {manager.py:878} INFO - 
================================================================================
DAG File Processing Stats

File Path                                PID    Runtime      # DAGs    # Errors  Last Runtime    Last Run
---------------------------------------  -----  ---------  --------  ----------  --------------  -------------------
/opt/airflow/dags/abc_phones_etl_dag.py                           1           0  0.87s           2026-05-12T16:03:05
================================================================================
[2026-05-12T16:03:45.870+0000] {manager.py:878} INFO - 
================================================================================
DAG File Processing Stats

File Path                                PID    Runtime      # DAGs    # Errors  Last Runtime    Last Run
---------------------------------------  -----  ---------  --------  ----------  --------------  -------------------
/opt/airflow/dags/abc_phones_etl_dag.py                           1           0  1.13s           2026-05-12T16:03:36
================================================================================
[2026-05-12T16:04:16.181+0000] {manager.py:878} INFO - 
================================================================================
DAG File Processing Stats

File Path                                PID    Runtime      # DAGs    # Errors  Last Runtime    Last Run
---------------------------------------  -----  ---------  --------  ----------  --------------  -------------------
/opt/airflow/dags/abc_phones_etl_dag.py                           1           0  0.85s           2026-05-12T16:04:08
================================================================================
[2026-05-12T16:04:30.327+0000] {manager.py:737} INFO - Searching for files in /opt/airflow/dags
[2026-05-12T16:04:30.355+0000] {manager.py:740} INFO - There are 1 files in /opt/airflow/dags
[2026-05-12T16:04:46.497+0000] {manager.py:878} INFO - 
================================================================================
DAG File Processing Stats

File Path                                PID    Runtime      # DAGs    # Errors  Last Runtime    Last Run
---------------------------------------  -----  ---------  --------  ----------  --------------  -------------------
/opt/airflow/dags/abc_phones_etl_dag.py                           1           0  1.14s           2026-05-12T16:04:39
================================================================================
[2026-05-12T16:05:16.589+0000] {manager.py:878} INFO - 
================================================================================
DAG File Processing Stats

File Path                                PID    Runtime      # DAGs    # Errors  Last Runtime    Last Run
---------------------------------------  -----  ---------  --------  ----------  --------------  -------------------
/opt/airflow/dags/abc_phones_etl_dag.py                           1           0  0.91s           2026-05-12T16:05:10
================================================================================
[2026-05-12T16:05:46.688+0000] {manager.py:878} INFO - 
================================================================================
DAG File Processing Stats

File Path                                PID    Runtime      # DAGs    # Errors  Last Runtime    Last Run
---------------------------------------  -----  ---------  --------  ----------  --------------  -------------------
/opt/airflow/dags/abc_phones_etl_dag.py                           1           0  2.69s           2026-05-12T16:05:43
================================================================================
[2026-05-12T16:06:16.912+0000] {manager.py:878} INFO - 
================================================================================
DAG File Processing Stats

File Path                                PID    Runtime      # DAGs    # Errors  Last Runtime    Last Run
---------------------------------------  -----  ---------  --------  ----------  --------------  -------------------
/opt/airflow/dags/abc_phones_etl_dag.py                           1           0  1.07s           2026-05-12T16:06:14
================================================================================
[2026-05-12T16:06:46.930+0000] {manager.py:878} INFO - 
================================================================================
DAG File Processing Stats

File Path                                PID    Runtime      # DAGs    # Errors  Last Runtime    Last Run
---------------------------------------  -----  ---------  --------  ----------  --------------  -------------------
/opt/airflow/dags/abc_phones_etl_dag.py                           1           0  0.77s           2026-05-12T16:06:45
================================================================================
[2026-05-12T16:07:17.150+0000] {manager.py:878} INFO - 
================================================================================
DAG File Processing Stats

File Path                                PID    Runtime      # DAGs    # Errors  Last Runtime    Last Run
---------------------------------------  -----  ---------  --------  ----------  --------------  -------------------
/opt/airflow/dags/abc_phones_etl_dag.py                           1           0  0.94s           2026-05-12T16:07:17
================================================================================
[2026-05-12T16:07:47.377+0000] {manager.py:878} INFO - 
================================================================================
DAG File Processing Stats

File Path                                  PID  Runtime      # DAGs    # Errors  Last Runtime    Last Run
---------------------------------------  -----  ---------  --------  ----------  --------------  -------------------
/opt/airflow/dags/abc_phones_etl_dag.py   1778  0.00s             1           0  0.94s           2026-05-12T16:07:17
================================================================================
[2026-05-12T16:08:17.736+0000] {manager.py:878} INFO - 
================================================================================
DAG File Processing Stats

File Path                                PID    Runtime      # DAGs    # Errors  Last Runtime    Last Run
---------------------------------------  -----  ---------  --------  ----------  --------------  -------------------
/opt/airflow/dags/abc_phones_etl_dag.py                           1           0  1.05s           2026-05-12T16:07:48
================================================================================
[2026-05-12T16:08:47.912+0000] {manager.py:878} INFO - 
================================================================================
DAG File Processing Stats

File Path                                PID    Runtime      # DAGs    # Errors  Last Runtime    Last Run
---------------------------------------  -----  ---------  --------  ----------  --------------  -------------------
/opt/airflow/dags/abc_phones_etl_dag.py                           1           0  0.95s           2026-05-12T16:08:19
================================================================================
[2026-05-12T16:09:17.971+0000] {manager.py:878} INFO - 
================================================================================
DAG File Processing Stats

File Path                                PID    Runtime      # DAGs    # Errors  Last Runtime    Last Run
---------------------------------------  -----  ---------  --------  ----------  --------------  -------------------
/opt/airflow/dags/abc_phones_etl_dag.py                           1           0  0.82s           2026-05-12T16:08:50
================================================================================
[2026-05-12T16:09:30.871+0000] {manager.py:737} INFO - Searching for files in /opt/airflow/dags
[2026-05-12T16:09:30.891+0000] {manager.py:740} INFO - There are 1 files in /opt/airflow/dags
[2026-05-12T16:09:48.004+0000] {manager.py:878} INFO - 
================================================================================
DAG File Processing Stats

File Path                                PID    Runtime      # DAGs    # Errors  Last Runtime    Last Run
---------------------------------------  -----  ---------  --------  ----------  --------------  -------------------
/opt/airflow/dags/abc_phones_etl_dag.py                           1           0  1.82s           2026-05-12T16:09:22
================================================================================
[2026-05-12T16:10:18.328+0000] {manager.py:878} INFO - 
================================================================================
DAG File Processing Stats

File Path                                PID    Runtime      # DAGs    # Errors  Last Runtime    Last Run
---------------------------------------  -----  ---------  --------  ----------  --------------  -------------------
/opt/airflow/dags/abc_phones_etl_dag.py                           1           0  1.37s           2026-05-12T16:09:54
================================================================================
[2026-05-12T16:10:48.759+0000] {manager.py:878} INFO - 
================================================================================
DAG File Processing Stats

File Path                                PID    Runtime      # DAGs    # Errors  Last Runtime    Last Run
---------------------------------------  -----  ---------  --------  ----------  --------------  -------------------
/opt/airflow/dags/abc_phones_etl_dag.py                           1           0  0.80s           2026-05-12T16:10:25
================================================================================
[2026-05-12T16:11:18.978+0000] {manager.py:878} INFO - 
================================================================================
DAG File Processing Stats

File Path                                PID    Runtime      # DAGs    # Errors  Last Runtime    Last Run
---------------------------------------  -----  ---------  --------  ----------  --------------  -------------------
/opt/airflow/dags/abc_phones_etl_dag.py                           1           0  1.00s           2026-05-12T16:10:56
================================================================================
[2026-05-12T16:11:49.118+0000] {manager.py:878} INFO - 
================================================================================
DAG File Processing Stats

File Path                                PID    Runtime      # DAGs    # Errors  Last Runtime    Last Run
---------------------------------------  -----  ---------  --------  ----------  --------------  -------------------
/opt/airflow/dags/abc_phones_etl_dag.py                           1           0  0.85s           2026-05-12T16:11:27
================================================================================
[2026-05-12T16:12:19.139+0000] {manager.py:878} INFO - 
================================================================================
DAG File Processing Stats

File Path                                PID    Runtime      # DAGs    # Errors  Last Runtime    Last Run
---------------------------------------  -----  ---------  --------  ----------  --------------  -------------------
/opt/airflow/dags/abc_phones_etl_dag.py                           1           0  0.84s           2026-05-12T16:11:59
================================================================================
[2026-05-12T16:12:49.376+0000] {manager.py:878} INFO - 
================================================================================
DAG File Processing Stats

File Path                                PID    Runtime      # DAGs    # Errors  Last Runtime    Last Run
---------------------------------------  -----  ---------  --------  ----------  --------------  -------------------
/opt/airflow/dags/abc_phones_etl_dag.py                           1           0  1.11s           2026-05-12T16:12:30
================================================================================
[2026-05-12T16:13:19.600+0000] {manager.py:878} INFO - 
================================================================================
DAG File Processing Stats

File Path                                PID    Runtime      # DAGs    # Errors  Last Runtime    Last Run
---------------------------------------  -----  ---------  --------  ----------  --------------  -------------------
/opt/airflow/dags/abc_phones_etl_dag.py                           1           0  1.17s           2026-05-12T16:13:01
================================================================================
[2026-05-12T16:13:50.216+0000] {manager.py:878} INFO - 
================================================================================
DAG File Processing Stats

File Path                                PID    Runtime      # DAGs    # Errors  Last Runtime    Last Run
---------------------------------------  -----  ---------  --------  ----------  --------------  -------------------
/opt/airflow/dags/abc_phones_etl_dag.py                           1           0  3.48s           2026-05-12T16:13:35
================================================================================
[2026-05-12T16:14:20.719+0000] {manager.py:878} INFO - 
================================================================================
DAG File Processing Stats

File Path                                PID    Runtime      # DAGs    # Errors  Last Runtime    Last Run
---------------------------------------  -----  ---------  --------  ----------  --------------  -------------------
/opt/airflow/dags/abc_phones_etl_dag.py                           1           0  2.32s           2026-05-12T16:14:07
================================================================================
[2026-05-12T16:14:30.929+0000] {manager.py:737} INFO - Searching for files in /opt/airflow/dags
[2026-05-12T16:14:30.948+0000] {manager.py:740} INFO - There are 1 files in /opt/airflow/dags
[2026-05-12T16:14:51.078+0000] {manager.py:878} INFO - 
================================================================================
DAG File Processing Stats

File Path                                PID    Runtime      # DAGs    # Errors  Last Runtime    Last Run
---------------------------------------  -----  ---------  --------  ----------  --------------  -------------------
/opt/airflow/dags/abc_phones_etl_dag.py                           1           0  1.50s           2026-05-12T16:14:39
================================================================================
[2026-05-12T16:15:21.653+0000] {manager.py:878} INFO - 
================================================================================
DAG File Processing Stats

File Path                                PID    Runtime      # DAGs    # Errors  Last Runtime    Last Run
---------------------------------------  -----  ---------  --------  ----------  --------------  -------------------
/opt/airflow/dags/abc_phones_etl_dag.py                           1           0  1.07s           2026-05-12T16:15:10
================================================================================
[2026-05-12T16:15:51.925+0000] {manager.py:878} INFO - 
================================================================================
DAG File Processing Stats

File Path                                PID    Runtime      # DAGs    # Errors  Last Runtime    Last Run
---------------------------------------  -----  ---------  --------  ----------  --------------  -------------------
/opt/airflow/dags/abc_phones_etl_dag.py                           1           0  0.76s           2026-05-12T16:15:41
================================================================================
[2026-05-12T16:16:22.196+0000] {manager.py:878} INFO - 
================================================================================
DAG File Processing Stats

File Path                                PID    Runtime      # DAGs    # Errors  Last Runtime    Last Run
---------------------------------------  -----  ---------  --------  ----------  --------------  -------------------
/opt/airflow/dags/abc_phones_etl_dag.py                           1           0  0.78s           2026-05-12T16:16:12
================================================================================
[2026-05-12T16:16:52.368+0000] {manager.py:878} INFO - 
================================================================================
DAG File Processing Stats

File Path                                PID    Runtime      # DAGs    # Errors  Last Runtime    Last Run
---------------------------------------  -----  ---------  --------  ----------  --------------  -------------------
/opt/airflow/dags/abc_phones_etl_dag.py                           1           0  0.81s           2026-05-12T16:16:43
================================================================================
[2026-05-12T16:17:22.805+0000] {manager.py:878} INFO - 
================================================================================
DAG File Processing Stats

File Path                                PID    Runtime      # DAGs    # Errors  Last Runtime    Last Run
---------------------------------------  -----  ---------  --------  ----------  --------------  -------------------
/opt/airflow/dags/abc_phones_etl_dag.py                           1           0  1.12s           2026-05-12T16:17:14
================================================================================
[2026-05-12T16:17:53.084+0000] {manager.py:878} INFO - 
================================================================================
DAG File Processing Stats

File Path                                PID    Runtime      # DAGs    # Errors  Last Runtime    Last Run
---------------------------------------  -----  ---------  --------  ----------  --------------  -------------------
/opt/airflow/dags/abc_phones_etl_dag.py                           1           0  0.76s           2026-05-12T16:17:45
================================================================================
